=== RUN   TestRuntimeStartupReservationConcurrentFirstUseAndHistory
2026/09/09 01:10:19 github.com/testcontainers/testcontainers-go - Connected to docker: 
  Server Version: 28.3.2
  API Version: 1.51
  Operating System: Docker Desktop
  Total Memory: 32044 MB
  Labels:
    com.docker.desktop.address=unix:///Users/viv/Library/Containers/com.docker.docker/Data/docker-cli.sock
  Testcontainers for Go Version: v0.44.0
  Resolved Docker Host: unix:///var/run/docker.sock
  Resolved Docker Socket Path: /var/run/docker.sock
  Test SessionID: e27207c6d09733837a31045a31974a03b45d28c220457973db4eaca79c97213b
  Test ProcessID: 02da4442-a712-43ad-bb18-a601bfa64be6
2026/09/09 01:10:19 🐳 Creating container for image postgres:17-alpine
2026/09/09 01:10:19 🐳 Creating container for image testcontainers/ryuk:0.14.0
2026/09/09 01:10:19 ✅ Container created: a0e4e08d2024
2026/09/09 01:10:19 🐳 Starting container: a0e4e08d2024
2026/09/09 01:10:20 ✅ Container started: a0e4e08d2024
2026/09/09 01:10:20 ⏳ Waiting for container id a0e4e08d2024 image: testcontainers/ryuk:0.14.0. Waiting for: all of: [log message "Started", port 8080/tcp to be listening]
2026/09/09 01:10:20 Shell not found in container
2026/09/09 01:10:20 🔔 Container is ready: a0e4e08d2024
2026/09/09 01:10:20 ✅ Container created: 7f892a596359
2026/09/09 01:10:20 🐳 Starting container: 7f892a596359
2026/09/09 01:10:20 ✅ Container started: 7f892a596359
2026/09/09 01:10:20 ⏳ Waiting for container id 7f892a596359 image: postgres:17-alpine. Waiting for: all of: [all of: [log message "database system is ready to accept connections" (occurrence: 2), port 5432/tcp to be mapped]]
2026/09/09 01:10:21 🔔 Container is ready: 7f892a596359
2026/09/09 01:10:21 OK   00001_foundation.sql (59.38ms)
2026/09/09 01:10:21 OK   00002_worker_assignment.sql (15.67ms)
2026/09/09 01:10:21 OK   00003_worker_start.sql (2.86ms)
2026/09/09 01:10:21 OK   00004_worker_heartbeat.sql (16.53ms)
2026/09/09 01:10:21 OK   00005_execution_failure.sql (14.24ms)
2026/09/09 01:10:21 OK   00006_customer_cancellation.sql (29.22ms)
2026/09/09 01:10:21 OK   00007_artifact_finalization.sql (33.74ms)
2026/09/09 01:10:21 OK   00008_hierarchical_scheduler.sql (50.34ms)
2026/09/09 01:10:21 OK   00009_invoice_export.sql (14.56ms)
2026/09/09 01:10:21 OK   00010_profile_certification_circuit.sql (21.52ms)
2026/09/09 01:10:21 OK   00011_project_webhooks.sql (35.6ms)
2026/09/09 01:10:21 OK   00012_human_oidc_fixed_rbac.sql (26.58ms)
2026/09/09 01:10:21 OK   00013_service_principal_administration.sql (16.96ms)
2026/09/09 01:10:21 OK   00014_human_membership_administration.sql (28.26ms)
2026/09/09 01:10:21 OK   00015_organization_reporting.sql (18.73ms)
2026/09/09 01:10:21 OK   00016_project_retention_content_deletion.sql (54.01ms)
2026/09/09 01:10:21 OK   00017_platform_operator_break_glass.sql (34.99ms)
2026/09/09 01:10:21 OK   00018_finance_reconciliation.sql (17.25ms)
2026/09/09 01:10:21 OK   00019_certified_remediation.sql (22.5ms)
2026/09/09 01:10:21 OK   00020_remediation_execution_claim.sql (5.21ms)
2026/09/09 01:10:21 OK   00021_remediation_execution_dispatch.sql (2.36ms)
2026/09/09 01:10:21 OK   00022_remediation_execution_claim_replay.sql (2.37ms)
2026/09/09 01:10:21 OK   00023_fleet_controller_worker_readiness.sql (69.99ms)
2026/09/09 01:10:21 OK   00024_staging_artifact_expiry.sql (4.19ms)
2026/09/09 01:10:21 OK   00025_scheduler_inbox_receipt.sql (2.59ms)
2026/09/09 01:10:21 OK   00026_synchronous_quorum_guard.sql (2.12ms)
2026/09/09 01:10:21 OK   00027_authorized_debug_dump_lifecycle.sql (50.29ms)
2026/09/09 01:10:21 OK   00028_off_cluster_backup_retention.sql (12.36ms)
2026/09/09 01:10:21 OK   00029_artifact_backup_replication.sql (11.5ms)
2026/09/09 01:10:21 OK   00030_non_content_legal_hold.sql (22.85ms)
2026/09/09 01:10:21 OK   00031_non_content_record_expiry.sql (64.87ms)
2026/09/09 01:10:21 OK   00032_catalog_promotion_production_gates.sql (33.75ms)
2026/09/09 01:10:21 OK   00033_statistical_slo_measurement.sql (27.21ms)
2026/09/09 01:10:22 OK   00034_stage_execution_catalog.sql (61.48ms)
2026/09/09 01:10:22 OK   00035_worker_instance_residency.sql (67.92ms)
2026/09/09 01:10:22 OK   00036_stage_attempt_authority.sql (93.34ms)
2026/09/09 01:10:22 OK   00037_stage_scheduler.sql (48.56ms)
2026/09/09 01:10:22 OK   00038_stage_artifact.sql (47.66ms)
2026/09/09 01:10:22 OK   00039_stage_worker_control_authority.sql (3.81ms)
2026/09/09 01:10:22 OK   00040_stage_worker_execution.sql (21.18ms)
2026/09/09 01:10:22 OK   00041_stage_worker_operations.sql (14.11ms)
2026/09/09 01:10:22 OK   00042_stage_worker_assignment.sql (15.35ms)
2026/09/09 01:10:22 OK   00043_stage_graph_finalization.sql (7.07ms)
2026/09/09 01:10:22 OK   00044_stage_cache.sql (31ms)
2026/09/09 01:10:22 OK   00045_stage_graph_finalization_outputs.sql (5.59ms)
2026/09/09 01:10:22 OK   00046_stage_graph_visible_completion.sql (6.86ms)
2026/09/09 01:10:22 OK   00047_usage_cost_ledger.sql (17.93ms)
2026/09/09 01:10:22 OK   00048_stage_run_output_binding.sql (14.87ms)
2026/09/09 01:10:22 OK   00049_stage_cutover_control.sql (54.91ms)
2026/09/09 01:10:22 OK   00050_stage_graph_instantiation_dispatch.sql (20.15ms)
2026/09/09 01:10:22 OK   00051_atomic_stage_graph_admission.sql (9.57ms)
2026/09/09 01:10:22 OK   00052_stage_cutover_zero_backlog_seal.sql (20.55ms)
2026/09/09 01:10:22 OK   00053_legacy_h3_guarded_contraction.sql (15.8ms)
2026/09/09 01:10:22 OK   00054_stage_transfer_consume_destination.sql (3.58ms)
2026/09/09 01:10:22 OK   00055_h3_campaign_evidence_reader.sql (4ms)
2026/09/09 01:10:22 OK   00056_stage_observability_reader.sql (777.92µs)
2026/09/09 01:10:22 OK   00057_legacy_h3_release_contraction_gate.sql (9.79ms)
2026/09/09 01:10:22 OK   00058_legacy_h3_schema_contraction.sql (177.28ms)
2026/09/09 01:10:22 OK   00059_model_runtime_epoch_registration.sql (19.72ms)
2026/09/09 01:10:22 OK   00060_model_runtime_gang_barrier.sql (17.49ms)
2026/09/09 01:10:22 OK   00061_stage_worker_gang_authority.sql (6.2ms)
2026/09/09 01:10:22 OK   00062_stage_authority_member_identity.sql (2.77ms)
2026/09/09 01:10:22 OK   00063_h3_execution_snapshot.sql (3.26ms)
2026/09/09 01:10:22 OK   00064_model_runtime_capacity_routes.sql (12.54ms)
2026/09/09 01:10:22 OK   00065_h3_exact_cache_reconciliation.sql (11.38ms)
2026/09/09 01:10:22 OK   00066_stage_worker_control_session_capacity.sql (24.36ms)
2026/09/09 01:10:22 OK   00067_stage_scheduler_project_capacity.sql (2.01ms)
2026/09/09 01:10:22 OK   00068_stage_assignment_connector_states.sql (1.81ms)
2026/09/09 01:10:22 OK   00069_stage_transfer_server_clock.sql (4.86ms)
2026/09/09 01:10:22 OK   00070_stage_lease_expiry_recovery.sql (11.06ms)
2026/09/09 01:10:22 OK   00071_stage_artifact_lifecycle.sql (17.97ms)
2026/09/09 01:10:22 OK   00072_recovery_quiescence.sql (13.53ms)
2026/09/09 01:10:22 OK   00073_stage_cache_downstream_bindings.sql (6.12ms)
2026/09/09 01:10:22 OK   00074_job_owned_public_artifact_copies.sql (3.49ms)
2026/09/09 01:10:22 OK   00075_stage_graph_failure_terminalization.sql (20.4ms)
2026/09/09 01:10:22 OK   00076_allocation_usage_unit.sql (945.04µs)
2026/09/09 01:10:22 OK   00077_runtime_usage_receipts.sql (4.15ms)
2026/09/09 01:10:22 OK   00078_idle_stage_worker_probe.sql (5.44ms)
2026/09/09 01:10:22 OK   00079_stage_job_expiry.sql (6.41ms)
2026/09/09 01:10:22 OK   00080_stage_scheduler_snapshot_lock_order.sql (3.36ms)
2026/09/09 01:10:22 OK   00081_stage_assignment_quorum.sql (1.59ms)
2026/09/09 01:10:22 OK   00082_stage_success_storage_completion.sql (3.19ms)
2026/09/09 01:10:22 OK   00083_capacity_observation_lifecycle.sql (4.11ms)
2026/09/09 01:10:22 OK   00084_blocked_stage_worker_probe.sql (3.98ms)
2026/09/09 01:10:22 OK   00085_stage_materialization_terminal_replay.sql (3.01ms)
2026/09/09 01:10:22 OK   00086_stage_failure_terminal_replay.sql (6.83ms)
2026/09/09 01:10:22 OK   00087_stage_claim_finalization_lock_order.sql (2.64ms)
2026/09/09 01:10:22 OK   00088_stage_allocation_execution_sequence.sql (4.86ms)
2026/09/09 01:10:22 OK   00089_stage_terminal_history.sql (7.95ms)
2026/09/09 01:10:23 OK   00090_stage_assignment_content_lifecycle.sql (19.2ms)
2026/09/09 01:10:23 OK   00091_worker_journal_bootstrap.sql (17.83ms)
2026/09/09 01:10:23 OK   00092_worker_bootstrap_history.sql (2.38ms)
2026/09/09 01:10:23 OK   00093_worker_bootstrap_nonzero_scopes.sql (1.32ms)
2026/09/09 01:10:23 OK   00094_worker_bootstrap_abandonment.sql (10.33ms)
2026/09/09 01:10:23 OK   00095_runtime_startup_reservation.sql (13.08ms)
2026/09/09 01:10:23 goose: successfully migrated database to version: 95
=== RUN   TestRuntimeStartupReservationConcurrentFirstUseAndHistory/incarnation
=== RUN   TestRuntimeStartupReservationConcurrentFirstUseAndHistory/owner
=== RUN   TestRuntimeStartupReservationConcurrentFirstUseAndHistory/launch
=== RUN   TestRuntimeStartupReservationConcurrentFirstUseAndHistory/journal
=== RUN   TestRuntimeStartupReservationConcurrentFirstUseAndHistory/scope
=== RUN   TestRuntimeStartupReservationConcurrentFirstUseAndHistory/epoch
=== RUN   TestRuntimeStartupReservationConcurrentFirstUseAndHistory/new_request
2026/09/09 01:10:23 🐳 Stopping container: 7f892a596359
2026/09/09 01:10:23 ✅ Container stopped: 7f892a596359
2026/09/09 01:10:23 🐳 Terminating container: 7f892a596359
2026/09/09 01:10:23 🚫 Container terminated: 7f892a596359
--- PASS: TestRuntimeStartupReservationConcurrentFirstUseAndHistory (3.65s)
    --- PASS: TestRuntimeStartupReservationConcurrentFirstUseAndHistory/incarnation (0.00s)
    --- PASS: TestRuntimeStartupReservationConcurrentFirstUseAndHistory/owner (0.00s)
    --- PASS: TestRuntimeStartupReservationConcurrentFirstUseAndHistory/launch (0.00s)
    --- PASS: TestRuntimeStartupReservationConcurrentFirstUseAndHistory/journal (0.00s)
    --- PASS: TestRuntimeStartupReservationConcurrentFirstUseAndHistory/scope (0.00s)
    --- PASS: TestRuntimeStartupReservationConcurrentFirstUseAndHistory/epoch (0.00s)
    --- PASS: TestRuntimeStartupReservationConcurrentFirstUseAndHistory/new_request (0.00s)
=== RUN   TestRuntimeStartupReservationRejectsUnapprovedVector
2026/09/09 01:10:23 🐳 Creating container for image postgres:17-alpine
2026/09/09 01:10:23 ✅ Container created: 46f6103360f0
2026/09/09 01:10:23 🐳 Starting container: 46f6103360f0
2026/09/09 01:10:23 ✅ Container started: 46f6103360f0
2026/09/09 01:10:23 ⏳ Waiting for container id 46f6103360f0 image: postgres:17-alpine. Waiting for: all of: [all of: [log message "database system is ready to accept connections" (occurrence: 2), port 5432/tcp to be mapped]]
2026/09/09 01:10:24 🔔 Container is ready: 46f6103360f0
2026/09/09 01:10:24 OK   00001_foundation.sql (56.96ms)
2026/09/09 01:10:24 OK   00002_worker_assignment.sql (14.64ms)
2026/09/09 01:10:24 OK   00003_worker_start.sql (2.93ms)
2026/09/09 01:10:24 OK   00004_worker_heartbeat.sql (15.94ms)
2026/09/09 01:10:24 OK   00005_execution_failure.sql (14.24ms)
2026/09/09 01:10:24 OK   00006_customer_cancellation.sql (29.6ms)
2026/09/09 01:10:24 OK   00007_artifact_finalization.sql (33.72ms)
2026/09/09 01:10:24 OK   00008_hierarchical_scheduler.sql (51.14ms)
2026/09/09 01:10:24 OK   00009_invoice_export.sql (13.94ms)
2026/09/09 01:10:24 OK   00010_profile_certification_circuit.sql (20.61ms)
2026/09/09 01:10:24 OK   00011_project_webhooks.sql (34.14ms)
2026/09/09 01:10:24 OK   00012_human_oidc_fixed_rbac.sql (26.76ms)
2026/09/09 01:10:24 OK   00013_service_principal_administration.sql (16.74ms)
2026/09/09 01:10:24 OK   00014_human_membership_administration.sql (28.11ms)
2026/09/09 01:10:24 OK   00015_organization_reporting.sql (18.61ms)
2026/09/09 01:10:24 OK   00016_project_retention_content_deletion.sql (53.36ms)
2026/09/09 01:10:24 OK   00017_platform_operator_break_glass.sql (35.38ms)
2026/09/09 01:10:24 OK   00018_finance_reconciliation.sql (16.87ms)
2026/09/09 01:10:24 OK   00019_certified_remediation.sql (21.87ms)
2026/09/09 01:10:24 OK   00020_remediation_execution_claim.sql (6.27ms)
2026/09/09 01:10:24 OK   00021_remediation_execution_dispatch.sql (2.47ms)
2026/09/09 01:10:24 OK   00022_remediation_execution_claim_replay.sql (2.34ms)
2026/09/09 01:10:24 OK   00023_fleet_controller_worker_readiness.sql (66.2ms)
2026/09/09 01:10:24 OK   00024_staging_artifact_expiry.sql (4.05ms)
2026/09/09 01:10:24 OK   00025_scheduler_inbox_receipt.sql (2.5ms)
2026/09/09 01:10:24 OK   00026_synchronous_quorum_guard.sql (1.71ms)
2026/09/09 01:10:24 OK   00027_authorized_debug_dump_lifecycle.sql (48.89ms)
2026/09/09 01:10:24 OK   00028_off_cluster_backup_retention.sql (12.37ms)
2026/09/09 01:10:24 OK   00029_artifact_backup_replication.sql (11.34ms)
2026/09/09 01:10:24 OK   00030_non_content_legal_hold.sql (22.5ms)
2026/09/09 01:10:25 OK   00031_non_content_record_expiry.sql (65.17ms)
2026/09/09 01:10:25 OK   00032_catalog_promotion_production_gates.sql (33.97ms)
2026/09/09 01:10:25 OK   00033_statistical_slo_measurement.sql (25.67ms)
2026/09/09 01:10:25 OK   00034_stage_execution_catalog.sql (59.46ms)
2026/09/09 01:10:25 OK   00035_worker_instance_residency.sql (67.42ms)
2026/09/09 01:10:25 OK   00036_stage_attempt_authority.sql (90.93ms)
2026/09/09 01:10:25 OK   00037_stage_scheduler.sql (47.8ms)
2026/09/09 01:10:25 OK   00038_stage_artifact.sql (46.9ms)
2026/09/09 01:10:25 OK   00039_stage_worker_control_authority.sql (3.74ms)
2026/09/09 01:10:25 OK   00040_stage_worker_execution.sql (20.72ms)
2026/09/09 01:10:25 OK   00041_stage_worker_operations.sql (14.52ms)
2026/09/09 01:10:25 OK   00042_stage_worker_assignment.sql (15.57ms)
2026/09/09 01:10:25 OK   00043_stage_graph_finalization.sql (7.24ms)
2026/09/09 01:10:25 OK   00044_stage_cache.sql (31.42ms)
2026/09/09 01:10:25 OK   00045_stage_graph_finalization_outputs.sql (5.61ms)
2026/09/09 01:10:25 OK   00046_stage_graph_visible_completion.sql (6.78ms)
2026/09/09 01:10:25 OK   00047_usage_cost_ledger.sql (18.11ms)
2026/09/09 01:10:25 OK   00048_stage_run_output_binding.sql (15.39ms)
2026/09/09 01:10:25 OK   00049_stage_cutover_control.sql (56.24ms)
2026/09/09 01:10:25 OK   00050_stage_graph_instantiation_dispatch.sql (17.99ms)
2026/09/09 01:10:25 OK   00051_atomic_stage_graph_admission.sql (8.99ms)
2026/09/09 01:10:25 OK   00052_stage_cutover_zero_backlog_seal.sql (20.05ms)
2026/09/09 01:10:25 OK   00053_legacy_h3_guarded_contraction.sql (14.61ms)
2026/09/09 01:10:25 OK   00054_stage_transfer_consume_destination.sql (3.49ms)
2026/09/09 01:10:25 OK   00055_h3_campaign_evidence_reader.sql (3.86ms)
2026/09/09 01:10:25 OK   00056_stage_observability_reader.sql (938.79µs)
2026/09/09 01:10:25 OK   00057_legacy_h3_release_contraction_gate.sql (10.14ms)
2026/09/09 01:10:25 OK   00058_legacy_h3_schema_contraction.sql (179.09ms)
2026/09/09 01:10:25 OK   00059_model_runtime_epoch_registration.sql (19.86ms)
2026/09/09 01:10:25 OK   00060_model_runtime_gang_barrier.sql (17.71ms)
2026/09/09 01:10:25 OK   00061_stage_worker_gang_authority.sql (6.21ms)
2026/09/09 01:10:25 OK   00062_stage_authority_member_identity.sql (2.78ms)
2026/09/09 01:10:25 OK   00063_h3_execution_snapshot.sql (3.17ms)
2026/09/09 01:10:25 OK   00064_model_runtime_capacity_routes.sql (11.97ms)
2026/09/09 01:10:25 OK   00065_h3_exact_cache_reconciliation.sql (11.09ms)
2026/09/09 01:10:26 OK   00066_stage_worker_control_session_capacity.sql (23.82ms)
2026/09/09 01:10:26 OK   00067_stage_scheduler_project_capacity.sql (2.18ms)
2026/09/09 01:10:26 OK   00068_stage_assignment_connector_states.sql (2.13ms)
2026/09/09 01:10:26 OK   00069_stage_transfer_server_clock.sql (5.08ms)
2026/09/09 01:10:26 OK   00070_stage_lease_expiry_recovery.sql (11.4ms)
2026/09/09 01:10:26 OK   00071_stage_artifact_lifecycle.sql (17.75ms)
2026/09/09 01:10:26 OK   00072_recovery_quiescence.sql (13.2ms)
2026/09/09 01:10:26 OK   00073_stage_cache_downstream_bindings.sql (6.13ms)
2026/09/09 01:10:26 OK   00074_job_owned_public_artifact_copies.sql (3.43ms)
2026/09/09 01:10:26 OK   00075_stage_graph_failure_terminalization.sql (20.8ms)
2026/09/09 01:10:26 OK   00076_allocation_usage_unit.sql (950.92µs)
2026/09/09 01:10:26 OK   00077_runtime_usage_receipts.sql (4.01ms)
2026/09/09 01:10:26 OK   00078_idle_stage_worker_probe.sql (5.34ms)
2026/09/09 01:10:26 OK   00079_stage_job_expiry.sql (6.56ms)
2026/09/09 01:10:26 OK   00080_stage_scheduler_snapshot_lock_order.sql (3.3ms)
2026/09/09 01:10:26 OK   00081_stage_assignment_quorum.sql (1.58ms)
2026/09/09 01:10:26 OK   00082_stage_success_storage_completion.sql (3.19ms)
2026/09/09 01:10:26 OK   00083_capacity_observation_lifecycle.sql (4.3ms)
2026/09/09 01:10:26 OK   00084_blocked_stage_worker_probe.sql (4.27ms)
2026/09/09 01:10:26 OK   00085_stage_materialization_terminal_replay.sql (2.76ms)
2026/09/09 01:10:26 OK   00086_stage_failure_terminal_replay.sql (6.29ms)
2026/09/09 01:10:26 OK   00087_stage_claim_finalization_lock_order.sql (2.45ms)
2026/09/09 01:10:26 OK   00088_stage_allocation_execution_sequence.sql (4.47ms)
2026/09/09 01:10:26 OK   00089_stage_terminal_history.sql (7.97ms)
2026/09/09 01:10:26 OK   00090_stage_assignment_content_lifecycle.sql (18.16ms)
2026/09/09 01:10:26 OK   00091_worker_journal_bootstrap.sql (18.12ms)
2026/09/09 01:10:26 OK   00092_worker_bootstrap_history.sql (2.87ms)
2026/09/09 01:10:26 OK   00093_worker_bootstrap_nonzero_scopes.sql (1.18ms)
2026/09/09 01:10:26 OK   00094_worker_bootstrap_abandonment.sql (11.77ms)
2026/09/09 01:10:26 OK   00095_runtime_startup_reservation.sql (12.5ms)
2026/09/09 01:10:26 goose: successfully migrated database to version: 95
=== RUN   TestRuntimeStartupReservationRejectsUnapprovedVector/profile
=== RUN   TestRuntimeStartupReservationRejectsUnapprovedVector/runtime
=== RUN   TestRuntimeStartupReservationRejectsUnapprovedVector/extra
=== RUN   TestRuntimeStartupReservationRejectsUnapprovedVector/epoch
=== RUN   TestRuntimeStartupReservationRejectsUnapprovedVector/residency
2026/09/09 01:10:26 🐳 Stopping container: 46f6103360f0
2026/09/09 01:10:26 ✅ Container stopped: 46f6103360f0
2026/09/09 01:10:26 🐳 Terminating container: 46f6103360f0
2026/09/09 01:10:26 🚫 Container terminated: 46f6103360f0
--- PASS: TestRuntimeStartupReservationRejectsUnapprovedVector (3.10s)
    --- PASS: TestRuntimeStartupReservationRejectsUnapprovedVector/profile (0.00s)
    --- PASS: TestRuntimeStartupReservationRejectsUnapprovedVector/runtime (0.00s)
    --- PASS: TestRuntimeStartupReservationRejectsUnapprovedVector/extra (0.00s)
    --- PASS: TestRuntimeStartupReservationRejectsUnapprovedVector/epoch (0.00s)
    --- PASS: TestRuntimeStartupReservationRejectsUnapprovedVector/residency (0.00s)
=== RUN   TestRuntimeStartupReservationRejectsFencedAndChangedBundle
=== RUN   TestRuntimeStartupReservationRejectsFencedAndChangedBundle/fenced
2026/09/09 01:10:26 🐳 Creating container for image postgres:17-alpine
2026/09/09 01:10:26 ✅ Container created: cafdf299c797
2026/09/09 01:10:26 🐳 Starting container: cafdf299c797
2026/09/09 01:10:26 ✅ Container started: cafdf299c797
2026/09/09 01:10:26 ⏳ Waiting for container id cafdf299c797 image: postgres:17-alpine. Waiting for: all of: [all of: [log message "database system is ready to accept connections" (occurrence: 2), port 5432/tcp to be mapped]]
2026/09/09 01:10:27 🔔 Container is ready: cafdf299c797
2026/09/09 01:10:27 OK   00001_foundation.sql (56.35ms)
2026/09/09 01:10:27 OK   00002_worker_assignment.sql (14.89ms)
2026/09/09 01:10:27 OK   00003_worker_start.sql (2.76ms)
2026/09/09 01:10:27 OK   00004_worker_heartbeat.sql (16.32ms)
2026/09/09 01:10:27 OK   00005_execution_failure.sql (14.3ms)
2026/09/09 01:10:27 OK   00006_customer_cancellation.sql (29.11ms)
2026/09/09 01:10:27 OK   00007_artifact_finalization.sql (35.03ms)
2026/09/09 01:10:27 OK   00008_hierarchical_scheduler.sql (50.89ms)
2026/09/09 01:10:27 OK   00009_invoice_export.sql (13.88ms)
2026/09/09 01:10:27 OK   00010_profile_certification_circuit.sql (20.75ms)
2026/09/09 01:10:27 OK   00011_project_webhooks.sql (34.33ms)
2026/09/09 01:10:27 OK   00012_human_oidc_fixed_rbac.sql (26.55ms)
2026/09/09 01:10:27 OK   00013_service_principal_administration.sql (15.45ms)
2026/09/09 01:10:27 OK   00014_human_membership_administration.sql (28.39ms)
2026/09/09 01:10:27 OK   00015_organization_reporting.sql (18.9ms)
2026/09/09 01:10:27 OK   00016_project_retention_content_deletion.sql (55.36ms)
2026/09/09 01:10:27 OK   00017_platform_operator_break_glass.sql (35.98ms)
2026/09/09 01:10:27 OK   00018_finance_reconciliation.sql (17.75ms)
2026/09/09 01:10:27 OK   00019_certified_remediation.sql (22.63ms)
2026/09/09 01:10:27 OK   00020_remediation_execution_claim.sql (5.44ms)
2026/09/09 01:10:27 OK   00021_remediation_execution_dispatch.sql (2.69ms)
2026/09/09 01:10:27 OK   00022_remediation_execution_claim_replay.sql (2.11ms)
2026/09/09 01:10:27 OK   00023_fleet_controller_worker_readiness.sql (66.69ms)
2026/09/09 01:10:27 OK   00024_staging_artifact_expiry.sql (4.15ms)
2026/09/09 01:10:27 OK   00025_scheduler_inbox_receipt.sql (2.59ms)
2026/09/09 01:10:27 OK   00026_synchronous_quorum_guard.sql (1.81ms)
2026/09/09 01:10:28 OK   00027_authorized_debug_dump_lifecycle.sql (48.23ms)
2026/09/09 01:10:28 OK   00028_off_cluster_backup_retention.sql (12.25ms)
2026/09/09 01:10:28 OK   00029_artifact_backup_replication.sql (11.31ms)
2026/09/09 01:10:28 OK   00030_non_content_legal_hold.sql (23.16ms)
2026/09/09 01:10:28 OK   00031_non_content_record_expiry.sql (64.98ms)
2026/09/09 01:10:28 OK   00032_catalog_promotion_production_gates.sql (33.57ms)
2026/09/09 01:10:28 OK   00033_statistical_slo_measurement.sql (26.21ms)
2026/09/09 01:10:28 OK   00034_stage_execution_catalog.sql (58.43ms)
2026/09/09 01:10:28 OK   00035_worker_instance_residency.sql (65.96ms)
2026/09/09 01:10:28 OK   00036_stage_attempt_authority.sql (91.05ms)
2026/09/09 01:10:28 OK   00037_stage_scheduler.sql (47.17ms)
2026/09/09 01:10:28 OK   00038_stage_artifact.sql (46.08ms)
2026/09/09 01:10:28 OK   00039_stage_worker_control_authority.sql (3.84ms)
2026/09/09 01:10:28 OK   00040_stage_worker_execution.sql (21.19ms)
2026/09/09 01:10:28 OK   00041_stage_worker_operations.sql (13.88ms)
2026/09/09 01:10:28 OK   00042_stage_worker_assignment.sql (15.14ms)
2026/09/09 01:10:28 OK   00043_stage_graph_finalization.sql (6.77ms)
2026/09/09 01:10:28 OK   00044_stage_cache.sql (31.14ms)
2026/09/09 01:10:28 OK   00045_stage_graph_finalization_outputs.sql (5.56ms)
2026/09/09 01:10:28 OK   00046_stage_graph_visible_completion.sql (6.91ms)
2026/09/09 01:10:28 OK   00047_usage_cost_ledger.sql (18.19ms)
2026/09/09 01:10:28 OK   00048_stage_run_output_binding.sql (15.02ms)
2026/09/09 01:10:28 OK   00049_stage_cutover_control.sql (54.88ms)
2026/09/09 01:10:28 OK   00050_stage_graph_instantiation_dispatch.sql (18.44ms)
2026/09/09 01:10:28 OK   00051_atomic_stage_graph_admission.sql (9.08ms)
2026/09/09 01:10:28 OK   00052_stage_cutover_zero_backlog_seal.sql (20.36ms)
2026/09/09 01:10:28 OK   00053_legacy_h3_guarded_contraction.sql (14.92ms)
2026/09/09 01:10:28 OK   00054_stage_transfer_consume_destination.sql (3.59ms)
2026/09/09 01:10:28 OK   00055_h3_campaign_evidence_reader.sql (3.97ms)
2026/09/09 01:10:28 OK   00056_stage_observability_reader.sql (1.1ms)
2026/09/09 01:10:28 OK   00057_legacy_h3_release_contraction_gate.sql (9.78ms)
2026/09/09 01:10:28 OK   00058_legacy_h3_schema_contraction.sql (173.57ms)
2026/09/09 01:10:29 OK   00059_model_runtime_epoch_registration.sql (19.6ms)
2026/09/09 01:10:29 OK   00060_model_runtime_gang_barrier.sql (17.45ms)
2026/09/09 01:10:29 OK   00061_stage_worker_gang_authority.sql (6.18ms)
2026/09/09 01:10:29 OK   00062_stage_authority_member_identity.sql (2.89ms)
2026/09/09 01:10:29 OK   00063_h3_execution_snapshot.sql (3.44ms)
2026/09/09 01:10:29 OK   00064_model_runtime_capacity_routes.sql (12.08ms)
2026/09/09 01:10:29 OK   00065_h3_exact_cache_reconciliation.sql (10.96ms)
2026/09/09 01:10:29 OK   00066_stage_worker_control_session_capacity.sql (23.02ms)
2026/09/09 01:10:29 OK   00067_stage_scheduler_project_capacity.sql (2.23ms)
2026/09/09 01:10:29 OK   00068_stage_assignment_connector_states.sql (1.86ms)
2026/09/09 01:10:29 OK   00069_stage_transfer_server_clock.sql (5.45ms)
2026/09/09 01:10:29 OK   00070_stage_lease_expiry_recovery.sql (11.2ms)
2026/09/09 01:10:29 OK   00071_stage_artifact_lifecycle.sql (16.97ms)
2026/09/09 01:10:29 OK   00072_recovery_quiescence.sql (13.08ms)
2026/09/09 01:10:29 OK   00073_stage_cache_downstream_bindings.sql (5.74ms)
2026/09/09 01:10:29 OK   00074_job_owned_public_artifact_copies.sql (3.36ms)
2026/09/09 01:10:29 OK   00075_stage_graph_failure_terminalization.sql (19.93ms)
2026/09/09 01:10:29 OK   00076_allocation_usage_unit.sql (958.25µs)
2026/09/09 01:10:29 OK   00077_runtime_usage_receipts.sql (4.11ms)
2026/09/09 01:10:29 OK   00078_idle_stage_worker_probe.sql (5.37ms)
2026/09/09 01:10:29 OK   00079_stage_job_expiry.sql (6.09ms)
2026/09/09 01:10:29 OK   00080_stage_scheduler_snapshot_lock_order.sql (3.12ms)
2026/09/09 01:10:29 OK   00081_stage_assignment_quorum.sql (1.62ms)
2026/09/09 01:10:29 OK   00082_stage_success_storage_completion.sql (3.21ms)
2026/09/09 01:10:29 OK   00083_capacity_observation_lifecycle.sql (4.26ms)
2026/09/09 01:10:29 OK   00084_blocked_stage_worker_probe.sql (4.02ms)
2026/09/09 01:10:29 OK   00085_stage_materialization_terminal_replay.sql (2.66ms)
2026/09/09 01:10:29 OK   00086_stage_failure_terminal_replay.sql (5.89ms)
2026/09/09 01:10:29 OK   00087_stage_claim_finalization_lock_order.sql (2.44ms)
2026/09/09 01:10:29 OK   00088_stage_allocation_execution_sequence.sql (4.41ms)
2026/09/09 01:10:29 OK   00089_stage_terminal_history.sql (7.7ms)
2026/09/09 01:10:29 OK   00090_stage_assignment_content_lifecycle.sql (18.28ms)
2026/09/09 01:10:29 OK   00091_worker_journal_bootstrap.sql (18.73ms)
2026/09/09 01:10:29 OK   00092_worker_bootstrap_history.sql (2.29ms)
2026/09/09 01:10:29 OK   00093_worker_bootstrap_nonzero_scopes.sql (1.23ms)
2026/09/09 01:10:29 OK   00094_worker_bootstrap_abandonment.sql (11.9ms)
2026/09/09 01:10:29 OK   00095_runtime_startup_reservation.sql (12.26ms)
2026/09/09 01:10:29 goose: successfully migrated database to version: 95
2026/09/09 01:10:29 🐳 Stopping container: cafdf299c797
2026/09/09 01:10:29 ✅ Container stopped: cafdf299c797
2026/09/09 01:10:29 🐳 Terminating container: cafdf299c797
2026/09/09 01:10:29 🚫 Container terminated: cafdf299c797
=== RUN   TestRuntimeStartupReservationRejectsFencedAndChangedBundle/observed
2026/09/09 01:10:29 🐳 Creating container for image postgres:17-alpine
2026/09/09 01:10:29 ✅ Container created: 61c1f5643143
2026/09/09 01:10:29 🐳 Starting container: 61c1f5643143
2026/09/09 01:10:29 ✅ Container started: 61c1f5643143
2026/09/09 01:10:29 ⏳ Waiting for container id 61c1f5643143 image: postgres:17-alpine. Waiting for: all of: [all of: [log message "database system is ready to accept connections" (occurrence: 2), port 5432/tcp to be mapped]]
2026/09/09 01:10:30 🔔 Container is ready: 61c1f5643143
2026/09/09 01:10:30 OK   00001_foundation.sql (56.52ms)
2026/09/09 01:10:30 OK   00002_worker_assignment.sql (14.91ms)
2026/09/09 01:10:30 OK   00003_worker_start.sql (3ms)
2026/09/09 01:10:30 OK   00004_worker_heartbeat.sql (15.79ms)
2026/09/09 01:10:30 OK   00005_execution_failure.sql (14.42ms)
2026/09/09 01:10:30 OK   00006_customer_cancellation.sql (28.57ms)
2026/09/09 01:10:30 OK   00007_artifact_finalization.sql (33.01ms)
2026/09/09 01:10:30 OK   00008_hierarchical_scheduler.sql (51.02ms)
2026/09/09 01:10:30 OK   00009_invoice_export.sql (14.92ms)
2026/09/09 01:10:30 OK   00010_profile_certification_circuit.sql (20.88ms)
2026/09/09 01:10:30 OK   00011_project_webhooks.sql (35.08ms)
2026/09/09 01:10:30 OK   00012_human_oidc_fixed_rbac.sql (26.66ms)
2026/09/09 01:10:30 OK   00013_service_principal_administration.sql (15.73ms)
2026/09/09 01:10:30 OK   00014_human_membership_administration.sql (27.78ms)
2026/09/09 01:10:30 OK   00015_organization_reporting.sql (18.67ms)
2026/09/09 01:10:30 OK   00016_project_retention_content_deletion.sql (53.57ms)
2026/09/09 01:10:30 OK   00017_platform_operator_break_glass.sql (36.03ms)
2026/09/09 01:10:30 OK   00018_finance_reconciliation.sql (17.03ms)
2026/09/09 01:10:30 OK   00019_certified_remediation.sql (21.83ms)
2026/09/09 01:10:30 OK   00020_remediation_execution_claim.sql (5.38ms)
2026/09/09 01:10:30 OK   00021_remediation_execution_dispatch.sql (2.6ms)
2026/09/09 01:10:30 OK   00022_remediation_execution_claim_replay.sql (2.27ms)
2026/09/09 01:10:31 OK   00023_fleet_controller_worker_readiness.sql (67.31ms)
2026/09/09 01:10:31 OK   00024_staging_artifact_expiry.sql (3.81ms)
2026/09/09 01:10:31 OK   00025_scheduler_inbox_receipt.sql (2.46ms)
2026/09/09 01:10:31 OK   00026_synchronous_quorum_guard.sql (1.97ms)
2026/09/09 01:10:31 OK   00027_authorized_debug_dump_lifecycle.sql (47.96ms)
2026/09/09 01:10:31 OK   00028_off_cluster_backup_retention.sql (12.35ms)
2026/09/09 01:10:31 OK   00029_artifact_backup_replication.sql (11.5ms)
2026/09/09 01:10:31 OK   00030_non_content_legal_hold.sql (22.4ms)
2026/09/09 01:10:31 OK   00031_non_content_record_expiry.sql (65.32ms)
2026/09/09 01:10:31 OK   00032_catalog_promotion_production_gates.sql (33.23ms)
2026/09/09 01:10:31 OK   00033_statistical_slo_measurement.sql (25.09ms)
2026/09/09 01:10:31 OK   00034_stage_execution_catalog.sql (58.63ms)
2026/09/09 01:10:31 OK   00035_worker_instance_residency.sql (66.73ms)
2026/09/09 01:10:31 OK   00036_stage_attempt_authority.sql (91.22ms)
2026/09/09 01:10:31 OK   00037_stage_scheduler.sql (47.12ms)
2026/09/09 01:10:31 OK   00038_stage_artifact.sql (47.18ms)
2026/09/09 01:10:31 OK   00039_stage_worker_control_authority.sql (3.83ms)
2026/09/09 01:10:31 OK   00040_stage_worker_execution.sql (20.98ms)
2026/09/09 01:10:31 OK   00041_stage_worker_operations.sql (13.83ms)
2026/09/09 01:10:31 OK   00042_stage_worker_assignment.sql (15.41ms)
2026/09/09 01:10:31 OK   00043_stage_graph_finalization.sql (6.92ms)
2026/09/09 01:10:31 OK   00044_stage_cache.sql (30.14ms)
2026/09/09 01:10:31 OK   00045_stage_graph_finalization_outputs.sql (5.52ms)
2026/09/09 01:10:31 OK   00046_stage_graph_visible_completion.sql (6.74ms)
2026/09/09 01:10:31 OK   00047_usage_cost_ledger.sql (17.65ms)
2026/09/09 01:10:31 OK   00048_stage_run_output_binding.sql (14.93ms)
2026/09/09 01:10:31 OK   00049_stage_cutover_control.sql (54.46ms)
2026/09/09 01:10:31 OK   00050_stage_graph_instantiation_dispatch.sql (18.46ms)
2026/09/09 01:10:31 OK   00051_atomic_stage_graph_admission.sql (9.11ms)
2026/09/09 01:10:31 OK   00052_stage_cutover_zero_backlog_seal.sql (20.21ms)
2026/09/09 01:10:31 OK   00053_legacy_h3_guarded_contraction.sql (14.88ms)
2026/09/09 01:10:31 OK   00054_stage_transfer_consume_destination.sql (3.69ms)
2026/09/09 01:10:31 OK   00055_h3_campaign_evidence_reader.sql (3.84ms)
2026/09/09 01:10:31 OK   00056_stage_observability_reader.sql (908.67µs)
2026/09/09 01:10:31 OK   00057_legacy_h3_release_contraction_gate.sql (9.42ms)
2026/09/09 01:10:32 OK   00058_legacy_h3_schema_contraction.sql (183.05ms)
2026/09/09 01:10:32 OK   00059_model_runtime_epoch_registration.sql (20.41ms)
2026/09/09 01:10:32 OK   00060_model_runtime_gang_barrier.sql (17.32ms)
2026/09/09 01:10:32 OK   00061_stage_worker_gang_authority.sql (6.2ms)
2026/09/09 01:10:32 OK   00062_stage_authority_member_identity.sql (2.71ms)
2026/09/09 01:10:32 OK   00063_h3_execution_snapshot.sql (3.39ms)
2026/09/09 01:10:32 OK   00064_model_runtime_capacity_routes.sql (12.48ms)
2026/09/09 01:10:32 OK   00065_h3_exact_cache_reconciliation.sql (10.77ms)
2026/09/09 01:10:32 OK   00066_stage_worker_control_session_capacity.sql (22.88ms)
2026/09/09 01:10:32 OK   00067_stage_scheduler_project_capacity.sql (2.25ms)
2026/09/09 01:10:32 OK   00068_stage_assignment_connector_states.sql (2.35ms)
2026/09/09 01:10:32 OK   00069_stage_transfer_server_clock.sql (5.22ms)
2026/09/09 01:10:32 OK   00070_stage_lease_expiry_recovery.sql (11.36ms)
2026/09/09 01:10:32 OK   00071_stage_artifact_lifecycle.sql (17.69ms)
2026/09/09 01:10:32 OK   00072_recovery_quiescence.sql (12.89ms)
2026/09/09 01:10:32 OK   00073_stage_cache_downstream_bindings.sql (6.04ms)
2026/09/09 01:10:32 OK   00074_job_owned_public_artifact_copies.sql (3.61ms)
2026/09/09 01:10:32 OK   00075_stage_graph_failure_terminalization.sql (20.13ms)
2026/09/09 01:10:32 OK   00076_allocation_usage_unit.sql (929.29µs)
2026/09/09 01:10:32 OK   00077_runtime_usage_receipts.sql (3.97ms)
2026/09/09 01:10:32 OK   00078_idle_stage_worker_probe.sql (4.87ms)
2026/09/09 01:10:32 OK   00079_stage_job_expiry.sql (6.34ms)
2026/09/09 01:10:32 OK   00080_stage_scheduler_snapshot_lock_order.sql (3.38ms)
2026/09/09 01:10:32 OK   00081_stage_assignment_quorum.sql (2.08ms)
2026/09/09 01:10:32 OK   00082_stage_success_storage_completion.sql (3.31ms)
2026/09/09 01:10:32 OK   00083_capacity_observation_lifecycle.sql (4.39ms)
2026/09/09 01:10:32 OK   00084_blocked_stage_worker_probe.sql (4.2ms)
2026/09/09 01:10:32 OK   00085_stage_materialization_terminal_replay.sql (2.89ms)
2026/09/09 01:10:32 OK   00086_stage_failure_terminal_replay.sql (6.46ms)
2026/09/09 01:10:32 OK   00087_stage_claim_finalization_lock_order.sql (2.32ms)
2026/09/09 01:10:32 OK   00088_stage_allocation_execution_sequence.sql (4.32ms)
2026/09/09 01:10:32 OK   00089_stage_terminal_history.sql (7.37ms)
2026/09/09 01:10:32 OK   00090_stage_assignment_content_lifecycle.sql (17.78ms)
2026/09/09 01:10:32 OK   00091_worker_journal_bootstrap.sql (18.84ms)
2026/09/09 01:10:32 OK   00092_worker_bootstrap_history.sql (2.75ms)
2026/09/09 01:10:32 OK   00093_worker_bootstrap_nonzero_scopes.sql (1.16ms)
2026/09/09 01:10:32 OK   00094_worker_bootstrap_abandonment.sql (10.62ms)
2026/09/09 01:10:32 OK   00095_runtime_startup_reservation.sql (12.33ms)
2026/09/09 01:10:32 goose: successfully migrated database to version: 95
2026/09/09 01:10:32 🐳 Stopping container: 61c1f5643143
2026/09/09 01:10:32 ✅ Container stopped: 61c1f5643143
2026/09/09 01:10:32 🐳 Terminating container: 61c1f5643143
2026/09/09 01:10:32 🚫 Container terminated: 61c1f5643143
=== RUN   TestRuntimeStartupReservationRejectsFencedAndChangedBundle/bundle-retired
2026/09/09 01:10:32 🐳 Creating container for image postgres:17-alpine
2026/09/09 01:10:32 ✅ Container created: bd550f146329
2026/09/09 01:10:32 🐳 Starting container: bd550f146329
2026/09/09 01:10:32 ✅ Container started: bd550f146329
2026/09/09 01:10:32 ⏳ Waiting for container id bd550f146329 image: postgres:17-alpine. Waiting for: all of: [all of: [log message "database system is ready to accept connections" (occurrence: 2), port 5432/tcp to be mapped]]
2026/09/09 01:10:33 🔔 Container is ready: bd550f146329
2026/09/09 01:10:33 OK   00001_foundation.sql (56.83ms)
2026/09/09 01:10:33 OK   00002_worker_assignment.sql (14.92ms)
2026/09/09 01:10:33 OK   00003_worker_start.sql (2.47ms)
2026/09/09 01:10:33 OK   00004_worker_heartbeat.sql (16ms)
2026/09/09 01:10:33 OK   00005_execution_failure.sql (14.34ms)
2026/09/09 01:10:33 OK   00006_customer_cancellation.sql (29.07ms)
2026/09/09 01:10:33 OK   00007_artifact_finalization.sql (33.05ms)
2026/09/09 01:10:33 OK   00008_hierarchical_scheduler.sql (50.55ms)
2026/09/09 01:10:33 OK   00009_invoice_export.sql (13.75ms)
2026/09/09 01:10:33 OK   00010_profile_certification_circuit.sql (20.08ms)
2026/09/09 01:10:33 OK   00011_project_webhooks.sql (34.22ms)
2026/09/09 01:10:33 OK   00012_human_oidc_fixed_rbac.sql (26.37ms)
2026/09/09 01:10:33 OK   00013_service_principal_administration.sql (15.46ms)
2026/09/09 01:10:33 OK   00014_human_membership_administration.sql (27.95ms)
2026/09/09 01:10:33 OK   00015_organization_reporting.sql (18.67ms)
2026/09/09 01:10:33 OK   00016_project_retention_content_deletion.sql (54.07ms)
2026/09/09 01:10:33 OK   00017_platform_operator_break_glass.sql (35ms)
2026/09/09 01:10:34 OK   00018_finance_reconciliation.sql (16.56ms)
2026/09/09 01:10:34 OK   00019_certified_remediation.sql (22.7ms)
2026/09/09 01:10:34 OK   00020_remediation_execution_claim.sql (6.13ms)
2026/09/09 01:10:34 OK   00021_remediation_execution_dispatch.sql (2.43ms)
2026/09/09 01:10:34 OK   00022_remediation_execution_claim_replay.sql (2.34ms)
2026/09/09 01:10:34 OK   00023_fleet_controller_worker_readiness.sql (69.58ms)
2026/09/09 01:10:34 OK   00024_staging_artifact_expiry.sql (4ms)
2026/09/09 01:10:34 OK   00025_scheduler_inbox_receipt.sql (2.67ms)
2026/09/09 01:10:34 OK   00026_synchronous_quorum_guard.sql (1.66ms)
2026/09/09 01:10:34 OK   00027_authorized_debug_dump_lifecycle.sql (48.01ms)
2026/09/09 01:10:34 OK   00028_off_cluster_backup_retention.sql (12.14ms)
2026/09/09 01:10:34 OK   00029_artifact_backup_replication.sql (11.38ms)
2026/09/09 01:10:34 OK   00030_non_content_legal_hold.sql (22.83ms)
2026/09/09 01:10:34 OK   00031_non_content_record_expiry.sql (66.72ms)
2026/09/09 01:10:34 OK   00032_catalog_promotion_production_gates.sql (33ms)
2026/09/09 01:10:34 OK   00033_statistical_slo_measurement.sql (26.52ms)
2026/09/09 01:10:34 OK   00034_stage_execution_catalog.sql (59.8ms)
2026/09/09 01:10:34 OK   00035_worker_instance_residency.sql (67.5ms)
2026/09/09 01:10:34 OK   00036_stage_attempt_authority.sql (92.54ms)
2026/09/09 01:10:34 OK   00037_stage_scheduler.sql (47.66ms)
2026/09/09 01:10:34 OK   00038_stage_artifact.sql (47.86ms)
2026/09/09 01:10:34 OK   00039_stage_worker_control_authority.sql (3.7ms)
2026/09/09 01:10:34 OK   00040_stage_worker_execution.sql (21.1ms)
2026/09/09 01:10:34 OK   00041_stage_worker_operations.sql (13.83ms)
2026/09/09 01:10:34 OK   00042_stage_worker_assignment.sql (15.38ms)
2026/09/09 01:10:34 OK   00043_stage_graph_finalization.sql (7.14ms)
2026/09/09 01:10:34 OK   00044_stage_cache.sql (30.78ms)
2026/09/09 01:10:34 OK   00045_stage_graph_finalization_outputs.sql (5.49ms)
2026/09/09 01:10:34 OK   00046_stage_graph_visible_completion.sql (6.83ms)
2026/09/09 01:10:34 OK   00047_usage_cost_ledger.sql (17.65ms)
2026/09/09 01:10:34 OK   00048_stage_run_output_binding.sql (15.16ms)
2026/09/09 01:10:34 OK   00049_stage_cutover_control.sql (55.33ms)
2026/09/09 01:10:34 OK   00050_stage_graph_instantiation_dispatch.sql (18.06ms)
2026/09/09 01:10:34 OK   00051_atomic_stage_graph_admission.sql (8.97ms)
2026/09/09 01:10:34 OK   00052_stage_cutover_zero_backlog_seal.sql (20.59ms)
2026/09/09 01:10:34 OK   00053_legacy_h3_guarded_contraction.sql (14.71ms)
2026/09/09 01:10:34 OK   00054_stage_transfer_consume_destination.sql (3.59ms)
2026/09/09 01:10:34 OK   00055_h3_campaign_evidence_reader.sql (3.97ms)
2026/09/09 01:10:34 OK   00056_stage_observability_reader.sql (1.03ms)
2026/09/09 01:10:34 OK   00057_legacy_h3_release_contraction_gate.sql (10.23ms)
2026/09/09 01:10:35 OK   00058_legacy_h3_schema_contraction.sql (172.94ms)
2026/09/09 01:10:35 OK   00059_model_runtime_epoch_registration.sql (19.4ms)
2026/09/09 01:10:35 OK   00060_model_runtime_gang_barrier.sql (17.39ms)
2026/09/09 01:10:35 OK   00061_stage_worker_gang_authority.sql (6.12ms)
2026/09/09 01:10:35 OK   00062_stage_authority_member_identity.sql (2.68ms)
2026/09/09 01:10:35 OK   00063_h3_execution_snapshot.sql (3.29ms)
2026/09/09 01:10:35 OK   00064_model_runtime_capacity_routes.sql (11.8ms)
2026/09/09 01:10:35 OK   00065_h3_exact_cache_reconciliation.sql (11.02ms)
2026/09/09 01:10:35 OK   00066_stage_worker_control_session_capacity.sql (25.77ms)
2026/09/09 01:10:35 OK   00067_stage_scheduler_project_capacity.sql (2.2ms)
2026/09/09 01:10:35 OK   00068_stage_assignment_connector_states.sql (1.75ms)
2026/09/09 01:10:35 OK   00069_stage_transfer_server_clock.sql (4.65ms)
2026/09/09 01:10:35 OK   00070_stage_lease_expiry_recovery.sql (10.89ms)
2026/09/09 01:10:35 OK   00071_stage_artifact_lifecycle.sql (17.81ms)
2026/09/09 01:10:35 OK   00072_recovery_quiescence.sql (12.87ms)
2026/09/09 01:10:35 OK   00073_stage_cache_downstream_bindings.sql (6.31ms)
2026/09/09 01:10:35 OK   00074_job_owned_public_artifact_copies.sql (3.53ms)
2026/09/09 01:10:35 OK   00075_stage_graph_failure_terminalization.sql (20.19ms)
2026/09/09 01:10:35 OK   00076_allocation_usage_unit.sql (961.42µs)
2026/09/09 01:10:35 OK   00077_runtime_usage_receipts.sql (3.7ms)
2026/09/09 01:10:35 OK   00078_idle_stage_worker_probe.sql (4.89ms)
2026/09/09 01:10:35 OK   00079_stage_job_expiry.sql (6.55ms)
2026/09/09 01:10:35 OK   00080_stage_scheduler_snapshot_lock_order.sql (3.26ms)
2026/09/09 01:10:35 OK   00081_stage_assignment_quorum.sql (1.55ms)
2026/09/09 01:10:35 OK   00082_stage_success_storage_completion.sql (3.25ms)
2026/09/09 01:10:35 OK   00083_capacity_observation_lifecycle.sql (4.33ms)
2026/09/09 01:10:35 OK   00084_blocked_stage_worker_probe.sql (4.35ms)
2026/09/09 01:10:35 OK   00085_stage_materialization_terminal_replay.sql (2.69ms)
2026/09/09 01:10:35 OK   00086_stage_failure_terminal_replay.sql (6.3ms)
2026/09/09 01:10:35 OK   00087_stage_claim_finalization_lock_order.sql (2.42ms)
2026/09/09 01:10:35 OK   00088_stage_allocation_execution_sequence.sql (4.34ms)
2026/09/09 01:10:35 OK   00089_stage_terminal_history.sql (7.77ms)
2026/09/09 01:10:35 OK   00090_stage_assignment_content_lifecycle.sql (18.16ms)
2026/09/09 01:10:35 OK   00091_worker_journal_bootstrap.sql (18.36ms)
2026/09/09 01:10:35 OK   00092_worker_bootstrap_history.sql (2.18ms)
2026/09/09 01:10:35 OK   00093_worker_bootstrap_nonzero_scopes.sql (1.09ms)
2026/09/09 01:10:35 OK   00094_worker_bootstrap_abandonment.sql (10.38ms)
2026/09/09 01:10:35 OK   00095_runtime_startup_reservation.sql (11.75ms)
2026/09/09 01:10:35 goose: successfully migrated database to version: 95
2026/09/09 01:10:35 🐳 Stopping container: bd550f146329
2026/09/09 01:10:35 ✅ Container stopped: bd550f146329
2026/09/09 01:10:35 🐳 Terminating container: bd550f146329
2026/09/09 01:10:35 🚫 Container terminated: bd550f146329
=== RUN   TestRuntimeStartupReservationRejectsFencedAndChangedBundle/bundle-digest
2026/09/09 01:10:35 🐳 Creating container for image postgres:17-alpine
2026/09/09 01:10:35 ✅ Container created: b1cedbe94d1b
2026/09/09 01:10:35 🐳 Starting container: b1cedbe94d1b
2026/09/09 01:10:35 ✅ Container started: b1cedbe94d1b
2026/09/09 01:10:35 ⏳ Waiting for container id b1cedbe94d1b image: postgres:17-alpine. Waiting for: all of: [all of: [log message "database system is ready to accept connections" (occurrence: 2), port 5432/tcp to be mapped]]
2026/09/09 01:10:36 🔔 Container is ready: b1cedbe94d1b
2026/09/09 01:10:36 OK   00001_foundation.sql (55.92ms)
2026/09/09 01:10:36 OK   00002_worker_assignment.sql (14.99ms)
2026/09/09 01:10:36 OK   00003_worker_start.sql (2.64ms)
2026/09/09 01:10:36 OK   00004_worker_heartbeat.sql (15.97ms)
2026/09/09 01:10:36 OK   00005_execution_failure.sql (13.99ms)
2026/09/09 01:10:36 OK   00006_customer_cancellation.sql (29.15ms)
2026/09/09 01:10:36 OK   00007_artifact_finalization.sql (32.77ms)
2026/09/09 01:10:36 OK   00008_hierarchical_scheduler.sql (50.34ms)
2026/09/09 01:10:36 OK   00009_invoice_export.sql (14.04ms)
2026/09/09 01:10:36 OK   00010_profile_certification_circuit.sql (21.18ms)
2026/09/09 01:10:36 OK   00011_project_webhooks.sql (34.57ms)
2026/09/09 01:10:36 OK   00012_human_oidc_fixed_rbac.sql (26.89ms)
2026/09/09 01:10:36 OK   00013_service_principal_administration.sql (16.41ms)
2026/09/09 01:10:36 OK   00014_human_membership_administration.sql (27.9ms)
2026/09/09 01:10:36 OK   00015_organization_reporting.sql (18.75ms)
2026/09/09 01:10:37 OK   00016_project_retention_content_deletion.sql (54.27ms)
2026/09/09 01:10:37 OK   00017_platform_operator_break_glass.sql (34.77ms)
2026/09/09 01:10:37 OK   00018_finance_reconciliation.sql (17.06ms)
2026/09/09 01:10:37 OK   00019_certified_remediation.sql (22.38ms)
2026/09/09 01:10:37 OK   00020_remediation_execution_claim.sql (5.97ms)
2026/09/09 01:10:37 OK   00021_remediation_execution_dispatch.sql (2.49ms)
2026/09/09 01:10:37 OK   00022_remediation_execution_claim_replay.sql (2.34ms)
2026/09/09 01:10:37 OK   00023_fleet_controller_worker_readiness.sql (67.57ms)
2026/09/09 01:10:37 OK   00024_staging_artifact_expiry.sql (3.96ms)
2026/09/09 01:10:37 OK   00025_scheduler_inbox_receipt.sql (2.6ms)
2026/09/09 01:10:37 OK   00026_synchronous_quorum_guard.sql (1.82ms)
2026/09/09 01:10:37 OK   00027_authorized_debug_dump_lifecycle.sql (48.62ms)
2026/09/09 01:10:37 OK   00028_off_cluster_backup_retention.sql (12.38ms)
2026/09/09 01:10:37 OK   00029_artifact_backup_replication.sql (11.22ms)
2026/09/09 01:10:37 OK   00030_non_content_legal_hold.sql (23.1ms)
2026/09/09 01:10:37 OK   00031_non_content_record_expiry.sql (65.52ms)
2026/09/09 01:10:37 OK   00032_catalog_promotion_production_gates.sql (33.39ms)
2026/09/09 01:10:37 OK   00033_statistical_slo_measurement.sql (26.72ms)
2026/09/09 01:10:37 OK   00034_stage_execution_catalog.sql (60.16ms)
2026/09/09 01:10:37 OK   00035_worker_instance_residency.sql (67.41ms)
2026/09/09 01:10:37 OK   00036_stage_attempt_authority.sql (91.55ms)
2026/09/09 01:10:37 OK   00037_stage_scheduler.sql (46.92ms)
2026/09/09 01:10:37 OK   00038_stage_artifact.sql (46.99ms)
2026/09/09 01:10:37 OK   00039_stage_worker_control_authority.sql (3.71ms)
2026/09/09 01:10:37 OK   00040_stage_worker_execution.sql (20.91ms)
2026/09/09 01:10:37 OK   00041_stage_worker_operations.sql (13.75ms)
2026/09/09 01:10:37 OK   00042_stage_worker_assignment.sql (16.13ms)
2026/09/09 01:10:37 OK   00043_stage_graph_finalization.sql (7.25ms)
2026/09/09 01:10:37 OK   00044_stage_cache.sql (30.52ms)
2026/09/09 01:10:37 OK   00045_stage_graph_finalization_outputs.sql (5.43ms)
2026/09/09 01:10:37 OK   00046_stage_graph_visible_completion.sql (7.02ms)
2026/09/09 01:10:37 OK   00047_usage_cost_ledger.sql (17.48ms)
2026/09/09 01:10:37 OK   00048_stage_run_output_binding.sql (15.53ms)
2026/09/09 01:10:37 OK   00049_stage_cutover_control.sql (55.35ms)
2026/09/09 01:10:37 OK   00050_stage_graph_instantiation_dispatch.sql (18.66ms)
2026/09/09 01:10:37 OK   00051_atomic_stage_graph_admission.sql (8.84ms)
2026/09/09 01:10:37 OK   00052_stage_cutover_zero_backlog_seal.sql (20.88ms)
2026/09/09 01:10:38 OK   00053_legacy_h3_guarded_contraction.sql (14.47ms)
2026/09/09 01:10:38 OK   00054_stage_transfer_consume_destination.sql (3.45ms)
2026/09/09 01:10:38 OK   00055_h3_campaign_evidence_reader.sql (4.23ms)
2026/09/09 01:10:38 OK   00056_stage_observability_reader.sql (928.42µs)
2026/09/09 01:10:38 OK   00057_legacy_h3_release_contraction_gate.sql (10.34ms)
2026/09/09 01:10:38 OK   00058_legacy_h3_schema_contraction.sql (175.9ms)
2026/09/09 01:10:38 OK   00059_model_runtime_epoch_registration.sql (19.82ms)
2026/09/09 01:10:38 OK   00060_model_runtime_gang_barrier.sql (17.81ms)
2026/09/09 01:10:38 OK   00061_stage_worker_gang_authority.sql (5.92ms)
2026/09/09 01:10:38 OK   00062_stage_authority_member_identity.sql (2.73ms)
2026/09/09 01:10:38 OK   00063_h3_execution_snapshot.sql (3.28ms)
2026/09/09 01:10:38 OK   00064_model_runtime_capacity_routes.sql (11.93ms)
2026/09/09 01:10:38 OK   00065_h3_exact_cache_reconciliation.sql (11.07ms)
2026/09/09 01:10:38 OK   00066_stage_worker_control_session_capacity.sql (23.77ms)
2026/09/09 01:10:38 OK   00067_stage_scheduler_project_capacity.sql (2.27ms)
2026/09/09 01:10:38 OK   00068_stage_assignment_connector_states.sql (2.15ms)
2026/09/09 01:10:38 OK   00069_stage_transfer_server_clock.sql (5.04ms)
2026/09/09 01:10:38 OK   00070_stage_lease_expiry_recovery.sql (11.21ms)
2026/09/09 01:10:38 OK   00071_stage_artifact_lifecycle.sql (17.48ms)
2026/09/09 01:10:38 OK   00072_recovery_quiescence.sql (12.94ms)
2026/09/09 01:10:38 OK   00073_stage_cache_downstream_bindings.sql (6.07ms)
2026/09/09 01:10:38 OK   00074_job_owned_public_artifact_copies.sql (3.82ms)
2026/09/09 01:10:38 OK   00075_stage_graph_failure_terminalization.sql (20.25ms)
2026/09/09 01:10:38 OK   00076_allocation_usage_unit.sql (949.38µs)
2026/09/09 01:10:38 OK   00077_runtime_usage_receipts.sql (4.07ms)
2026/09/09 01:10:38 OK   00078_idle_stage_worker_probe.sql (5.47ms)
2026/09/09 01:10:38 OK   00079_stage_job_expiry.sql (6.21ms)
2026/09/09 01:10:38 OK   00080_stage_scheduler_snapshot_lock_order.sql (3.07ms)
2026/09/09 01:10:38 OK   00081_stage_assignment_quorum.sql (1.76ms)
2026/09/09 01:10:38 OK   00082_stage_success_storage_completion.sql (3.25ms)
2026/09/09 01:10:38 OK   00083_capacity_observation_lifecycle.sql (4.4ms)
2026/09/09 01:10:38 OK   00084_blocked_stage_worker_probe.sql (4.15ms)
2026/09/09 01:10:38 OK   00085_stage_materialization_terminal_replay.sql (2.7ms)
2026/09/09 01:10:38 OK   00086_stage_failure_terminal_replay.sql (6.2ms)
2026/09/09 01:10:38 OK   00087_stage_claim_finalization_lock_order.sql (2.33ms)
2026/09/09 01:10:38 OK   00088_stage_allocation_execution_sequence.sql (4.61ms)
2026/09/09 01:10:38 OK   00089_stage_terminal_history.sql (7.81ms)
2026/09/09 01:10:38 OK   00090_stage_assignment_content_lifecycle.sql (18.14ms)
2026/09/09 01:10:38 OK   00091_worker_journal_bootstrap.sql (18.81ms)
2026/09/09 01:10:38 OK   00092_worker_bootstrap_history.sql (2.3ms)
2026/09/09 01:10:38 OK   00093_worker_bootstrap_nonzero_scopes.sql (1.23ms)
2026/09/09 01:10:38 OK   00094_worker_bootstrap_abandonment.sql (11.25ms)
2026/09/09 01:10:38 OK   00095_runtime_startup_reservation.sql (12.41ms)
2026/09/09 01:10:38 goose: successfully migrated database to version: 95
2026/09/09 01:10:38 🐳 Stopping container: b1cedbe94d1b
2026/09/09 01:10:38 ✅ Container stopped: b1cedbe94d1b
2026/09/09 01:10:38 🐳 Terminating container: b1cedbe94d1b
2026/09/09 01:10:38 🚫 Container terminated: b1cedbe94d1b
--- PASS: TestRuntimeStartupReservationRejectsFencedAndChangedBundle (12.31s)
    --- PASS: TestRuntimeStartupReservationRejectsFencedAndChangedBundle/fenced (3.06s)
    --- PASS: TestRuntimeStartupReservationRejectsFencedAndChangedBundle/observed (3.05s)
    --- PASS: TestRuntimeStartupReservationRejectsFencedAndChangedBundle/bundle-retired (3.11s)
    --- PASS: TestRuntimeStartupReservationRejectsFencedAndChangedBundle/bundle-digest (3.09s)
=== RUN   TestRuntimeStartupReservationRequiresCommittedQuorum
2026/09/09 01:10:38 🐳 Creating container for image postgres:17-alpine
2026/09/09 01:10:38 ✅ Container created: 51e7f28653a8
2026/09/09 01:10:38 🐳 Starting container: 51e7f28653a8
2026/09/09 01:10:39 ✅ Container started: 51e7f28653a8
2026/09/09 01:10:39 ⏳ Waiting for container id 51e7f28653a8 image: postgres:17-alpine. Waiting for: all of: [all of: [log message "database system is ready to accept connections" (occurrence: 2), port 5432/tcp to be mapped]]
2026/09/09 01:10:39 🔔 Container is ready: 51e7f28653a8
2026/09/09 01:10:39 OK   00001_foundation.sql (55.73ms)
2026/09/09 01:10:39 OK   00002_worker_assignment.sql (14.9ms)
2026/09/09 01:10:39 OK   00003_worker_start.sql (2.75ms)
2026/09/09 01:10:39 OK   00004_worker_heartbeat.sql (16.08ms)
2026/09/09 01:10:39 OK   00005_execution_failure.sql (14ms)
2026/09/09 01:10:39 OK   00006_customer_cancellation.sql (29.09ms)
2026/09/09 01:10:39 OK   00007_artifact_finalization.sql (33.18ms)
2026/09/09 01:10:39 OK   00008_hierarchical_scheduler.sql (50.56ms)
2026/09/09 01:10:39 OK   00009_invoice_export.sql (13.44ms)
2026/09/09 01:10:39 OK   00010_profile_certification_circuit.sql (20.77ms)
2026/09/09 01:10:39 OK   00011_project_webhooks.sql (34.85ms)
2026/09/09 01:10:40 OK   00012_human_oidc_fixed_rbac.sql (26.74ms)
2026/09/09 01:10:40 OK   00013_service_principal_administration.sql (15.97ms)
2026/09/09 01:10:40 OK   00014_human_membership_administration.sql (27.63ms)
2026/09/09 01:10:40 OK   00015_organization_reporting.sql (18.96ms)
2026/09/09 01:10:40 OK   00016_project_retention_content_deletion.sql (54.11ms)
2026/09/09 01:10:40 OK   00017_platform_operator_break_glass.sql (35.54ms)
2026/09/09 01:10:40 OK   00018_finance_reconciliation.sql (18.26ms)
2026/09/09 01:10:40 OK   00019_certified_remediation.sql (23.17ms)
2026/09/09 01:10:40 OK   00020_remediation_execution_claim.sql (6.01ms)
2026/09/09 01:10:40 OK   00021_remediation_execution_dispatch.sql (2.63ms)
2026/09/09 01:10:40 OK   00022_remediation_execution_claim_replay.sql (2.32ms)
2026/09/09 01:10:40 OK   00023_fleet_controller_worker_readiness.sql (68.75ms)
2026/09/09 01:10:40 OK   00024_staging_artifact_expiry.sql (4.01ms)
2026/09/09 01:10:40 OK   00025_scheduler_inbox_receipt.sql (2.6ms)
2026/09/09 01:10:40 OK   00026_synchronous_quorum_guard.sql (1.86ms)
2026/09/09 01:10:40 OK   00027_authorized_debug_dump_lifecycle.sql (47.71ms)
2026/09/09 01:10:40 OK   00028_off_cluster_backup_retention.sql (12.41ms)
2026/09/09 01:10:40 OK   00029_artifact_backup_replication.sql (11.26ms)
2026/09/09 01:10:40 OK   00030_non_content_legal_hold.sql (22.42ms)
2026/09/09 01:10:40 OK   00031_non_content_record_expiry.sql (65.54ms)
2026/09/09 01:10:40 OK   00032_catalog_promotion_production_gates.sql (34.17ms)
2026/09/09 01:10:40 OK   00033_statistical_slo_measurement.sql (26.1ms)
2026/09/09 01:10:40 OK   00034_stage_execution_catalog.sql (59.17ms)
2026/09/09 01:10:40 OK   00035_worker_instance_residency.sql (67.42ms)
2026/09/09 01:10:40 OK   00036_stage_attempt_authority.sql (90.78ms)
2026/09/09 01:10:40 OK   00037_stage_scheduler.sql (47.35ms)
2026/09/09 01:10:40 OK   00038_stage_artifact.sql (46.64ms)
2026/09/09 01:10:40 OK   00039_stage_worker_control_authority.sql (3.5ms)
2026/09/09 01:10:40 OK   00040_stage_worker_execution.sql (20.86ms)
2026/09/09 01:10:40 OK   00041_stage_worker_operations.sql (14.17ms)
2026/09/09 01:10:40 OK   00042_stage_worker_assignment.sql (15.24ms)
2026/09/09 01:10:40 OK   00043_stage_graph_finalization.sql (7.46ms)
2026/09/09 01:10:40 OK   00044_stage_cache.sql (30.26ms)
2026/09/09 01:10:40 OK   00045_stage_graph_finalization_outputs.sql (5.21ms)
2026/09/09 01:10:40 OK   00046_stage_graph_visible_completion.sql (6.51ms)
2026/09/09 01:10:40 OK   00047_usage_cost_ledger.sql (17.63ms)
2026/09/09 01:10:40 OK   00048_stage_run_output_binding.sql (14.93ms)
2026/09/09 01:10:41 OK   00049_stage_cutover_control.sql (55.15ms)
2026/09/09 01:10:41 OK   00050_stage_graph_instantiation_dispatch.sql (18.26ms)
2026/09/09 01:10:41 OK   00051_atomic_stage_graph_admission.sql (8.85ms)
2026/09/09 01:10:41 OK   00052_stage_cutover_zero_backlog_seal.sql (19.79ms)
2026/09/09 01:10:41 OK   00053_legacy_h3_guarded_contraction.sql (14.85ms)
2026/09/09 01:10:41 OK   00054_stage_transfer_consume_destination.sql (3.5ms)
2026/09/09 01:10:41 OK   00055_h3_campaign_evidence_reader.sql (3.82ms)
2026/09/09 01:10:41 OK   00056_stage_observability_reader.sql (939.5µs)
2026/09/09 01:10:41 OK   00057_legacy_h3_release_contraction_gate.sql (9.92ms)
2026/09/09 01:10:41 OK   00058_legacy_h3_schema_contraction.sql (174.1ms)
2026/09/09 01:10:41 OK   00059_model_runtime_epoch_registration.sql (20.16ms)
2026/09/09 01:10:41 OK   00060_model_runtime_gang_barrier.sql (17.7ms)
2026/09/09 01:10:41 OK   00061_stage_worker_gang_authority.sql (6.11ms)
2026/09/09 01:10:41 OK   00062_stage_authority_member_identity.sql (2.93ms)
2026/09/09 01:10:41 OK   00063_h3_execution_snapshot.sql (3.27ms)
2026/09/09 01:10:41 OK   00064_model_runtime_capacity_routes.sql (12.09ms)
2026/09/09 01:10:41 OK   00065_h3_exact_cache_reconciliation.sql (10.95ms)
2026/09/09 01:10:41 OK   00066_stage_worker_control_session_capacity.sql (23.67ms)
2026/09/09 01:10:41 OK   00067_stage_scheduler_project_capacity.sql (2.18ms)
2026/09/09 01:10:41 OK   00068_stage_assignment_connector_states.sql (1.84ms)
2026/09/09 01:10:41 OK   00069_stage_transfer_server_clock.sql (4.92ms)
2026/09/09 01:10:41 OK   00070_stage_lease_expiry_recovery.sql (10.89ms)
2026/09/09 01:10:41 OK   00071_stage_artifact_lifecycle.sql (17.53ms)
2026/09/09 01:10:41 OK   00072_recovery_quiescence.sql (13.14ms)
2026/09/09 01:10:41 OK   00073_stage_cache_downstream_bindings.sql (6.03ms)
2026/09/09 01:10:41 OK   00074_job_owned_public_artifact_copies.sql (3.93ms)
2026/09/09 01:10:41 OK   00075_stage_graph_failure_terminalization.sql (20.96ms)
2026/09/09 01:10:41 OK   00076_allocation_usage_unit.sql (935.71µs)
2026/09/09 01:10:41 OK   00077_runtime_usage_receipts.sql (4.19ms)
2026/09/09 01:10:41 OK   00078_idle_stage_worker_probe.sql (5.46ms)
2026/09/09 01:10:41 OK   00079_stage_job_expiry.sql (6.47ms)
2026/09/09 01:10:41 OK   00080_stage_scheduler_snapshot_lock_order.sql (3.31ms)
2026/09/09 01:10:41 OK   00081_stage_assignment_quorum.sql (1.99ms)
2026/09/09 01:10:41 OK   00082_stage_success_storage_completion.sql (3.34ms)
2026/09/09 01:10:41 OK   00083_capacity_observation_lifecycle.sql (4.39ms)
2026/09/09 01:10:41 OK   00084_blocked_stage_worker_probe.sql (3.87ms)
2026/09/09 01:10:41 OK   00085_stage_materialization_terminal_replay.sql (2.54ms)
2026/09/09 01:10:41 OK   00086_stage_failure_terminal_replay.sql (5.85ms)
2026/09/09 01:10:41 OK   00087_stage_claim_finalization_lock_order.sql (2.28ms)
2026/09/09 01:10:41 OK   00088_stage_allocation_execution_sequence.sql (4.45ms)
2026/09/09 01:10:41 OK   00089_stage_terminal_history.sql (7.76ms)
2026/09/09 01:10:41 OK   00090_stage_assignment_content_lifecycle.sql (19.59ms)
2026/09/09 01:10:41 OK   00091_worker_journal_bootstrap.sql (19.03ms)
2026/09/09 01:10:41 OK   00092_worker_bootstrap_history.sql (2.88ms)
2026/09/09 01:10:41 OK   00093_worker_bootstrap_nonzero_scopes.sql (1.18ms)
2026/09/09 01:10:41 OK   00094_worker_bootstrap_abandonment.sql (12.32ms)
2026/09/09 01:10:41 OK   00095_runtime_startup_reservation.sql (13.11ms)
2026/09/09 01:10:41 goose: successfully migrated database to version: 95
2026/09/09 01:10:41 🐳 Stopping container: 51e7f28653a8
2026/09/09 01:10:41 ✅ Container stopped: 51e7f28653a8
2026/09/09 01:10:41 🐳 Terminating container: 51e7f28653a8
2026/09/09 01:10:42 🚫 Container terminated: 51e7f28653a8
--- PASS: TestRuntimeStartupReservationRequiresCommittedQuorum (3.13s)
=== RUN   TestRuntimeStartupReservationAUXVectorIsAtomic
2026/09/09 01:10:42 🐳 Creating container for image postgres:17-alpine
2026/09/09 01:10:42 ✅ Container created: b49babf3d5b9
2026/09/09 01:10:42 🐳 Starting container: b49babf3d5b9
2026/09/09 01:10:42 ✅ Container started: b49babf3d5b9
2026/09/09 01:10:42 ⏳ Waiting for container id b49babf3d5b9 image: postgres:17-alpine. Waiting for: all of: [all of: [log message "database system is ready to accept connections" (occurrence: 2), port 5432/tcp to be mapped]]
2026/09/09 01:10:42 🔔 Container is ready: b49babf3d5b9
2026/09/09 01:10:42 OK   00001_foundation.sql (55.52ms)
2026/09/09 01:10:42 OK   00002_worker_assignment.sql (15.2ms)
2026/09/09 01:10:42 OK   00003_worker_start.sql (2.72ms)
2026/09/09 01:10:42 OK   00004_worker_heartbeat.sql (15.32ms)
2026/09/09 01:10:42 OK   00005_execution_failure.sql (14.37ms)
2026/09/09 01:10:42 OK   00006_customer_cancellation.sql (28.71ms)
2026/09/09 01:10:42 OK   00007_artifact_finalization.sql (32.96ms)
2026/09/09 01:10:43 OK   00008_hierarchical_scheduler.sql (49.36ms)
2026/09/09 01:10:43 OK   00009_invoice_export.sql (13.72ms)
2026/09/09 01:10:43 OK   00010_profile_certification_circuit.sql (20.44ms)
2026/09/09 01:10:43 OK   00011_project_webhooks.sql (34.62ms)
2026/09/09 01:10:43 OK   00012_human_oidc_fixed_rbac.sql (26.19ms)
2026/09/09 01:10:43 OK   00013_service_principal_administration.sql (15.72ms)
2026/09/09 01:10:43 OK   00014_human_membership_administration.sql (28.26ms)
2026/09/09 01:10:43 OK   00015_organization_reporting.sql (18.71ms)
2026/09/09 01:10:43 OK   00016_project_retention_content_deletion.sql (55.48ms)
2026/09/09 01:10:43 OK   00017_platform_operator_break_glass.sql (35.78ms)
2026/09/09 01:10:43 OK   00018_finance_reconciliation.sql (17.21ms)
2026/09/09 01:10:43 OK   00019_certified_remediation.sql (23.61ms)
2026/09/09 01:10:43 OK   00020_remediation_execution_claim.sql (6.21ms)
2026/09/09 01:10:43 OK   00021_remediation_execution_dispatch.sql (2.36ms)
2026/09/09 01:10:43 OK   00022_remediation_execution_claim_replay.sql (2.22ms)
2026/09/09 01:10:43 OK   00023_fleet_controller_worker_readiness.sql (68.49ms)
2026/09/09 01:10:43 OK   00024_staging_artifact_expiry.sql (4.04ms)
2026/09/09 01:10:43 OK   00025_scheduler_inbox_receipt.sql (2.58ms)
2026/09/09 01:10:43 OK   00026_synchronous_quorum_guard.sql (1.9ms)
2026/09/09 01:10:43 OK   00027_authorized_debug_dump_lifecycle.sql (48.1ms)
2026/09/09 01:10:43 OK   00028_off_cluster_backup_retention.sql (12.4ms)
2026/09/09 01:10:43 OK   00029_artifact_backup_replication.sql (11.56ms)
2026/09/09 01:10:43 OK   00030_non_content_legal_hold.sql (24.48ms)
2026/09/09 01:10:43 OK   00031_non_content_record_expiry.sql (65.89ms)
2026/09/09 01:10:43 OK   00032_catalog_promotion_production_gates.sql (34.23ms)
2026/09/09 01:10:43 OK   00033_statistical_slo_measurement.sql (26.42ms)
2026/09/09 01:10:43 OK   00034_stage_execution_catalog.sql (58.56ms)
2026/09/09 01:10:43 OK   00035_worker_instance_residency.sql (65.91ms)
2026/09/09 01:10:43 OK   00036_stage_attempt_authority.sql (88.95ms)
2026/09/09 01:10:43 OK   00037_stage_scheduler.sql (46.06ms)
2026/09/09 01:10:43 OK   00038_stage_artifact.sql (46.68ms)
2026/09/09 01:10:43 OK   00039_stage_worker_control_authority.sql (3.65ms)
2026/09/09 01:10:44 OK   00040_stage_worker_execution.sql (20.61ms)
2026/09/09 01:10:44 OK   00041_stage_worker_operations.sql (13.64ms)
2026/09/09 01:10:44 OK   00042_stage_worker_assignment.sql (15.05ms)
2026/09/09 01:10:44 OK   00043_stage_graph_finalization.sql (6.64ms)
2026/09/09 01:10:44 OK   00044_stage_cache.sql (30.21ms)
2026/09/09 01:10:44 OK   00045_stage_graph_finalization_outputs.sql (5.52ms)
2026/09/09 01:10:44 OK   00046_stage_graph_visible_completion.sql (7.08ms)
2026/09/09 01:10:44 OK   00047_usage_cost_ledger.sql (17.65ms)
2026/09/09 01:10:44 OK   00048_stage_run_output_binding.sql (15.05ms)
2026/09/09 01:10:44 OK   00049_stage_cutover_control.sql (54.47ms)
2026/09/09 01:10:44 OK   00050_stage_graph_instantiation_dispatch.sql (18.22ms)
2026/09/09 01:10:44 OK   00051_atomic_stage_graph_admission.sql (9.02ms)
2026/09/09 01:10:44 OK   00052_stage_cutover_zero_backlog_seal.sql (20.63ms)
2026/09/09 01:10:44 OK   00053_legacy_h3_guarded_contraction.sql (14.77ms)
2026/09/09 01:10:44 OK   00054_stage_transfer_consume_destination.sql (3.75ms)
2026/09/09 01:10:44 OK   00055_h3_campaign_evidence_reader.sql (3.87ms)
2026/09/09 01:10:44 OK   00056_stage_observability_reader.sql (868.04µs)
2026/09/09 01:10:44 OK   00057_legacy_h3_release_contraction_gate.sql (9.5ms)
2026/09/09 01:10:44 OK   00058_legacy_h3_schema_contraction.sql (171.94ms)
2026/09/09 01:10:44 OK   00059_model_runtime_epoch_registration.sql (19.06ms)
2026/09/09 01:10:44 OK   00060_model_runtime_gang_barrier.sql (17.9ms)
2026/09/09 01:10:44 OK   00061_stage_worker_gang_authority.sql (6.08ms)
2026/09/09 01:10:44 OK   00062_stage_authority_member_identity.sql (2.61ms)
2026/09/09 01:10:44 OK   00063_h3_execution_snapshot.sql (3.47ms)
2026/09/09 01:10:44 OK   00064_model_runtime_capacity_routes.sql (11.93ms)
2026/09/09 01:10:44 OK   00065_h3_exact_cache_reconciliation.sql (10.83ms)
2026/09/09 01:10:44 OK   00066_stage_worker_control_session_capacity.sql (23.14ms)
2026/09/09 01:10:44 OK   00067_stage_scheduler_project_capacity.sql (2.19ms)
2026/09/09 01:10:44 OK   00068_stage_assignment_connector_states.sql (1.9ms)
2026/09/09 01:10:44 OK   00069_stage_transfer_server_clock.sql (5ms)
2026/09/09 01:10:44 OK   00070_stage_lease_expiry_recovery.sql (11.08ms)
2026/09/09 01:10:44 OK   00071_stage_artifact_lifecycle.sql (17.49ms)
2026/09/09 01:10:44 OK   00072_recovery_quiescence.sql (12.67ms)
2026/09/09 01:10:44 OK   00073_stage_cache_downstream_bindings.sql (6.16ms)
2026/09/09 01:10:44 OK   00074_job_owned_public_artifact_copies.sql (3.46ms)
2026/09/09 01:10:44 OK   00075_stage_graph_failure_terminalization.sql (20.05ms)
2026/09/09 01:10:44 OK   00076_allocation_usage_unit.sql (1.21ms)
2026/09/09 01:10:44 OK   00077_runtime_usage_receipts.sql (4.01ms)
2026/09/09 01:10:44 OK   00078_idle_stage_worker_probe.sql (5.26ms)
2026/09/09 01:10:44 OK   00079_stage_job_expiry.sql (6.34ms)
2026/09/09 01:10:44 OK   00080_stage_scheduler_snapshot_lock_order.sql (3.19ms)
2026/09/09 01:10:44 OK   00081_stage_assignment_quorum.sql (1.62ms)
2026/09/09 01:10:44 OK   00082_stage_success_storage_completion.sql (3.38ms)
2026/09/09 01:10:44 OK   00083_capacity_observation_lifecycle.sql (4.24ms)
2026/09/09 01:10:44 OK   00084_blocked_stage_worker_probe.sql (4.08ms)
2026/09/09 01:10:44 OK   00085_stage_materialization_terminal_replay.sql (2.75ms)
2026/09/09 01:10:44 OK   00086_stage_failure_terminal_replay.sql (5.97ms)
2026/09/09 01:10:44 OK   00087_stage_claim_finalization_lock_order.sql (2.25ms)
2026/09/09 01:10:44 OK   00088_stage_allocation_execution_sequence.sql (4.4ms)
2026/09/09 01:10:44 OK   00089_stage_terminal_history.sql (7.77ms)
2026/09/09 01:10:44 OK   00090_stage_assignment_content_lifecycle.sql (18.18ms)
2026/09/09 01:10:44 OK   00091_worker_journal_bootstrap.sql (18.26ms)
2026/09/09 01:10:44 OK   00092_worker_bootstrap_history.sql (2.45ms)
2026/09/09 01:10:44 OK   00093_worker_bootstrap_nonzero_scopes.sql (1.29ms)
2026/09/09 01:10:44 OK   00094_worker_bootstrap_abandonment.sql (10.52ms)
2026/09/09 01:10:44 OK   00095_runtime_startup_reservation.sql (12.38ms)
2026/09/09 01:10:44 goose: successfully migrated database to version: 95
2026/09/09 01:10:44 🐳 Stopping container: b49babf3d5b9
2026/09/09 01:10:45 ✅ Container stopped: b49babf3d5b9
2026/09/09 01:10:45 🐳 Terminating container: b49babf3d5b9
2026/09/09 01:10:45 🚫 Container terminated: b49babf3d5b9
--- PASS: TestRuntimeStartupReservationAUXVectorIsAtomic (3.07s)
=== RUN   TestRuntimeStartupReservationRequiresJournalReceipt
2026/09/09 01:10:45 🐳 Creating container for image postgres:17-alpine
2026/09/09 01:10:45 ✅ Container created: 2e7bfe3c12ca
2026/09/09 01:10:45 🐳 Starting container: 2e7bfe3c12ca
2026/09/09 01:10:45 ✅ Container started: 2e7bfe3c12ca
2026/09/09 01:10:45 ⏳ Waiting for container id 2e7bfe3c12ca image: postgres:17-alpine. Waiting for: all of: [all of: [log message "database system is ready to accept connections" (occurrence: 2), port 5432/tcp to be mapped]]
2026/09/09 01:10:45 🔔 Container is ready: 2e7bfe3c12ca
2026/09/09 01:10:45 OK   00001_foundation.sql (55.55ms)
2026/09/09 01:10:45 OK   00002_worker_assignment.sql (14.92ms)
2026/09/09 01:10:45 OK   00003_worker_start.sql (2.8ms)
2026/09/09 01:10:45 OK   00004_worker_heartbeat.sql (15.89ms)
2026/09/09 01:10:45 OK   00005_execution_failure.sql (14.33ms)
2026/09/09 01:10:46 OK   00006_customer_cancellation.sql (28.69ms)
2026/09/09 01:10:46 OK   00007_artifact_finalization.sql (32.73ms)
2026/09/09 01:10:46 OK   00008_hierarchical_scheduler.sql (50.31ms)
2026/09/09 01:10:46 OK   00009_invoice_export.sql (13.49ms)
2026/09/09 01:10:46 OK   00010_profile_certification_circuit.sql (20.35ms)
2026/09/09 01:10:46 OK   00011_project_webhooks.sql (34.03ms)
2026/09/09 01:10:46 OK   00012_human_oidc_fixed_rbac.sql (25.73ms)
2026/09/09 01:10:46 OK   00013_service_principal_administration.sql (15.7ms)
2026/09/09 01:10:46 OK   00014_human_membership_administration.sql (27.44ms)
2026/09/09 01:10:46 OK   00015_organization_reporting.sql (18.78ms)
2026/09/09 01:10:46 OK   00016_project_retention_content_deletion.sql (53.15ms)
2026/09/09 01:10:46 OK   00017_platform_operator_break_glass.sql (33.97ms)
2026/09/09 01:10:46 OK   00018_finance_reconciliation.sql (16.76ms)
2026/09/09 01:10:46 OK   00019_certified_remediation.sql (22.21ms)
2026/09/09 01:10:46 OK   00020_remediation_execution_claim.sql (5.24ms)
2026/09/09 01:10:46 OK   00021_remediation_execution_dispatch.sql (2.59ms)
2026/09/09 01:10:46 OK   00022_remediation_execution_claim_replay.sql (2.16ms)
2026/09/09 01:10:46 OK   00023_fleet_controller_worker_readiness.sql (66.74ms)
2026/09/09 01:10:46 OK   00024_staging_artifact_expiry.sql (4.01ms)
2026/09/09 01:10:46 OK   00025_scheduler_inbox_receipt.sql (2.6ms)
2026/09/09 01:10:46 OK   00026_synchronous_quorum_guard.sql (1.95ms)
2026/09/09 01:10:46 OK   00027_authorized_debug_dump_lifecycle.sql (51.56ms)
2026/09/09 01:10:46 OK   00028_off_cluster_backup_retention.sql (12.06ms)
2026/09/09 01:10:46 OK   00029_artifact_backup_replication.sql (11.45ms)
2026/09/09 01:10:46 OK   00030_non_content_legal_hold.sql (23.11ms)
2026/09/09 01:10:46 OK   00031_non_content_record_expiry.sql (66.62ms)
2026/09/09 01:10:46 OK   00032_catalog_promotion_production_gates.sql (34.33ms)
2026/09/09 01:10:46 OK   00033_statistical_slo_measurement.sql (27.41ms)
2026/09/09 01:10:46 OK   00034_stage_execution_catalog.sql (61.19ms)
2026/09/09 01:10:46 OK   00035_worker_instance_residency.sql (68.88ms)
2026/09/09 01:10:46 OK   00036_stage_attempt_authority.sql (91.35ms)
2026/09/09 01:10:46 OK   00037_stage_scheduler.sql (47.98ms)
2026/09/09 01:10:47 OK   00038_stage_artifact.sql (48.38ms)
2026/09/09 01:10:47 OK   00039_stage_worker_control_authority.sql (3.49ms)
2026/09/09 01:10:47 OK   00040_stage_worker_execution.sql (20.43ms)
2026/09/09 01:10:47 OK   00041_stage_worker_operations.sql (13.95ms)
2026/09/09 01:10:47 OK   00042_stage_worker_assignment.sql (15.85ms)
2026/09/09 01:10:47 OK   00043_stage_graph_finalization.sql (6.96ms)
2026/09/09 01:10:47 OK   00044_stage_cache.sql (30.9ms)
2026/09/09 01:10:47 OK   00045_stage_graph_finalization_outputs.sql (5.29ms)
2026/09/09 01:10:47 OK   00046_stage_graph_visible_completion.sql (6.51ms)
2026/09/09 01:10:47 OK   00047_usage_cost_ledger.sql (16.99ms)
2026/09/09 01:10:47 OK   00048_stage_run_output_binding.sql (14.85ms)
2026/09/09 01:10:47 OK   00049_stage_cutover_control.sql (55.59ms)
2026/09/09 01:10:47 OK   00050_stage_graph_instantiation_dispatch.sql (17.76ms)
2026/09/09 01:10:47 OK   00051_atomic_stage_graph_admission.sql (9.12ms)
2026/09/09 01:10:47 OK   00052_stage_cutover_zero_backlog_seal.sql (19.84ms)
2026/09/09 01:10:47 OK   00053_legacy_h3_guarded_contraction.sql (14.6ms)
2026/09/09 01:10:47 OK   00054_stage_transfer_consume_destination.sql (3.53ms)
2026/09/09 01:10:47 OK   00055_h3_campaign_evidence_reader.sql (3.77ms)
2026/09/09 01:10:47 OK   00056_stage_observability_reader.sql (989.17µs)
2026/09/09 01:10:47 OK   00057_legacy_h3_release_contraction_gate.sql (9.65ms)
2026/09/09 01:10:47 OK   00058_legacy_h3_schema_contraction.sql (174.67ms)
2026/09/09 01:10:47 OK   00059_model_runtime_epoch_registration.sql (19.92ms)
2026/09/09 01:10:47 OK   00060_model_runtime_gang_barrier.sql (17.83ms)
2026/09/09 01:10:47 OK   00061_stage_worker_gang_authority.sql (5.38ms)
2026/09/09 01:10:47 OK   00062_stage_authority_member_identity.sql (2.78ms)
2026/09/09 01:10:47 OK   00063_h3_execution_snapshot.sql (3.24ms)
2026/09/09 01:10:47 OK   00064_model_runtime_capacity_routes.sql (11.96ms)
2026/09/09 01:10:47 OK   00065_h3_exact_cache_reconciliation.sql (10.66ms)
2026/09/09 01:10:47 OK   00066_stage_worker_control_session_capacity.sql (23.44ms)
2026/09/09 01:10:47 OK   00067_stage_scheduler_project_capacity.sql (2.18ms)
2026/09/09 01:10:47 OK   00068_stage_assignment_connector_states.sql (1.9ms)
2026/09/09 01:10:47 OK   00069_stage_transfer_server_clock.sql (5.09ms)
2026/09/09 01:10:47 OK   00070_stage_lease_expiry_recovery.sql (11.27ms)
2026/09/09 01:10:47 OK   00071_stage_artifact_lifecycle.sql (17.78ms)
2026/09/09 01:10:47 OK   00072_recovery_quiescence.sql (13ms)
2026/09/09 01:10:47 OK   00073_stage_cache_downstream_bindings.sql (6.33ms)
2026/09/09 01:10:47 OK   00074_job_owned_public_artifact_copies.sql (3.54ms)
2026/09/09 01:10:47 OK   00075_stage_graph_failure_terminalization.sql (19.94ms)
2026/09/09 01:10:47 OK   00076_allocation_usage_unit.sql (978.88µs)
2026/09/09 01:10:47 OK   00077_runtime_usage_receipts.sql (4.16ms)
2026/09/09 01:10:47 OK   00078_idle_stage_worker_probe.sql (5.34ms)
2026/09/09 01:10:47 OK   00079_stage_job_expiry.sql (6.68ms)
2026/09/09 01:10:47 OK   00080_stage_scheduler_snapshot_lock_order.sql (3.23ms)
2026/09/09 01:10:47 OK   00081_stage_assignment_quorum.sql (1.57ms)
2026/09/09 01:10:47 OK   00082_stage_success_storage_completion.sql (3.72ms)
2026/09/09 01:10:47 OK   00083_capacity_observation_lifecycle.sql (4.23ms)
2026/09/09 01:10:47 OK   00084_blocked_stage_worker_probe.sql (4.15ms)
2026/09/09 01:10:47 OK   00085_stage_materialization_terminal_replay.sql (2.94ms)
2026/09/09 01:10:47 OK   00086_stage_failure_terminal_replay.sql (5.85ms)
2026/09/09 01:10:47 OK   00087_stage_claim_finalization_lock_order.sql (2.31ms)
2026/09/09 01:10:47 OK   00088_stage_allocation_execution_sequence.sql (4.68ms)
2026/09/09 01:10:47 OK   00089_stage_terminal_history.sql (7.57ms)
2026/09/09 01:10:47 OK   00090_stage_assignment_content_lifecycle.sql (17.8ms)
2026/09/09 01:10:47 OK   00091_worker_journal_bootstrap.sql (18.54ms)
2026/09/09 01:10:47 OK   00092_worker_bootstrap_history.sql (2.36ms)
2026/09/09 01:10:47 OK   00093_worker_bootstrap_nonzero_scopes.sql (1.28ms)
2026/09/09 01:10:47 OK   00094_worker_bootstrap_abandonment.sql (11.67ms)
2026/09/09 01:10:47 OK   00095_runtime_startup_reservation.sql (12.42ms)
2026/09/09 01:10:47 goose: successfully migrated database to version: 95
2026/09/09 01:10:47 🐳 Stopping container: 2e7bfe3c12ca
2026/09/09 01:10:48 ✅ Container stopped: 2e7bfe3c12ca
2026/09/09 01:10:48 🐳 Terminating container: 2e7bfe3c12ca
2026/09/09 01:10:48 🚫 Container terminated: 2e7bfe3c12ca
--- PASS: TestRuntimeStartupReservationRequiresJournalReceipt (3.05s)
=== RUN   TestRuntimeStartupReservationWaitsForConcurrentFence
2026/09/09 01:10:48 🐳 Creating container for image postgres:17-alpine
2026/09/09 01:10:48 ✅ Container created: 22edc8dc33d7
2026/09/09 01:10:48 🐳 Starting container: 22edc8dc33d7
2026/09/09 01:10:48 ✅ Container started: 22edc8dc33d7
2026/09/09 01:10:48 ⏳ Waiting for container id 22edc8dc33d7 image: postgres:17-alpine. Waiting for: all of: [all of: [log message "database system is ready to accept connections" (occurrence: 2), port 5432/tcp to be mapped]]
2026/09/09 01:10:48 🔔 Container is ready: 22edc8dc33d7
2026/09/09 01:10:49 OK   00001_foundation.sql (61.57ms)
2026/09/09 01:10:49 OK   00002_worker_assignment.sql (15.17ms)
2026/09/09 01:10:49 OK   00003_worker_start.sql (2.88ms)
2026/09/09 01:10:49 OK   00004_worker_heartbeat.sql (16.24ms)
2026/09/09 01:10:49 OK   00005_execution_failure.sql (14.31ms)
2026/09/09 01:10:49 OK   00006_customer_cancellation.sql (28.8ms)
2026/09/09 01:10:49 OK   00007_artifact_finalization.sql (32.93ms)
2026/09/09 01:10:49 OK   00008_hierarchical_scheduler.sql (49.33ms)
2026/09/09 01:10:49 OK   00009_invoice_export.sql (13.74ms)
2026/09/09 01:10:49 OK   00010_profile_certification_circuit.sql (20.57ms)
2026/09/09 01:10:49 OK   00011_project_webhooks.sql (33.76ms)
2026/09/09 01:10:49 OK   00012_human_oidc_fixed_rbac.sql (26.32ms)
2026/09/09 01:10:49 OK   00013_service_principal_administration.sql (16.28ms)
2026/09/09 01:10:49 OK   00014_human_membership_administration.sql (27.73ms)
2026/09/09 01:10:49 OK   00015_organization_reporting.sql (18.38ms)
2026/09/09 01:10:49 OK   00016_project_retention_content_deletion.sql (52.25ms)
2026/09/09 01:10:49 OK   00017_platform_operator_break_glass.sql (34.78ms)
2026/09/09 01:10:49 OK   00018_finance_reconciliation.sql (16.17ms)
2026/09/09 01:10:49 OK   00019_certified_remediation.sql (21.14ms)
2026/09/09 01:10:49 OK   00020_remediation_execution_claim.sql (5.98ms)
2026/09/09 01:10:49 OK   00021_remediation_execution_dispatch.sql (2.38ms)
2026/09/09 01:10:49 OK   00022_remediation_execution_claim_replay.sql (2.24ms)
2026/09/09 01:10:49 OK   00023_fleet_controller_worker_readiness.sql (65.49ms)
2026/09/09 01:10:49 OK   00024_staging_artifact_expiry.sql (4.05ms)
2026/09/09 01:10:49 OK   00025_scheduler_inbox_receipt.sql (2.47ms)
2026/09/09 01:10:49 OK   00026_synchronous_quorum_guard.sql (1.92ms)
2026/09/09 01:10:49 OK   00027_authorized_debug_dump_lifecycle.sql (47.35ms)
2026/09/09 01:10:49 OK   00028_off_cluster_backup_retention.sql (12.02ms)
2026/09/09 01:10:49 OK   00029_artifact_backup_replication.sql (11.25ms)
2026/09/09 01:10:49 OK   00030_non_content_legal_hold.sql (22.39ms)
2026/09/09 01:10:49 OK   00031_non_content_record_expiry.sql (64.13ms)
2026/09/09 01:10:49 OK   00032_catalog_promotion_production_gates.sql (32.61ms)
2026/09/09 01:10:49 OK   00033_statistical_slo_measurement.sql (25.98ms)
2026/09/09 01:10:49 OK   00034_stage_execution_catalog.sql (56.45ms)
2026/09/09 01:10:49 OK   00035_worker_instance_residency.sql (66.05ms)
2026/09/09 01:10:49 OK   00036_stage_attempt_authority.sql (88.71ms)
2026/09/09 01:10:50 OK   00037_stage_scheduler.sql (45.97ms)
2026/09/09 01:10:50 OK   00038_stage_artifact.sql (45.34ms)
2026/09/09 01:10:50 OK   00039_stage_worker_control_authority.sql (3.88ms)
2026/09/09 01:10:50 OK   00040_stage_worker_execution.sql (20.83ms)
2026/09/09 01:10:50 OK   00041_stage_worker_operations.sql (13.59ms)
2026/09/09 01:10:50 OK   00042_stage_worker_assignment.sql (14.89ms)
2026/09/09 01:10:50 OK   00043_stage_graph_finalization.sql (6.99ms)
2026/09/09 01:10:50 OK   00044_stage_cache.sql (30.19ms)
2026/09/09 01:10:50 OK   00045_stage_graph_finalization_outputs.sql (6ms)
2026/09/09 01:10:50 OK   00046_stage_graph_visible_completion.sql (7.94ms)
2026/09/09 01:10:50 OK   00047_usage_cost_ledger.sql (18.93ms)
2026/09/09 01:10:50 OK   00048_stage_run_output_binding.sql (16.69ms)
2026/09/09 01:10:50 OK   00049_stage_cutover_control.sql (54.55ms)
2026/09/09 01:10:50 OK   00050_stage_graph_instantiation_dispatch.sql (18.47ms)
2026/09/09 01:10:50 OK   00051_atomic_stage_graph_admission.sql (9.72ms)
2026/09/09 01:10:50 OK   00052_stage_cutover_zero_backlog_seal.sql (20.16ms)
2026/09/09 01:10:50 OK   00053_legacy_h3_guarded_contraction.sql (14.75ms)
2026/09/09 01:10:50 OK   00054_stage_transfer_consume_destination.sql (3.34ms)
2026/09/09 01:10:50 OK   00055_h3_campaign_evidence_reader.sql (3.66ms)
2026/09/09 01:10:50 OK   00056_stage_observability_reader.sql (1.05ms)
2026/09/09 01:10:50 OK   00057_legacy_h3_release_contraction_gate.sql (9.98ms)
2026/09/09 01:10:50 OK   00058_legacy_h3_schema_contraction.sql (169.71ms)
2026/09/09 01:10:50 OK   00059_model_runtime_epoch_registration.sql (19.88ms)
2026/09/09 01:10:50 OK   00060_model_runtime_gang_barrier.sql (17.56ms)
2026/09/09 01:10:50 OK   00061_stage_worker_gang_authority.sql (6.02ms)
2026/09/09 01:10:50 OK   00062_stage_authority_member_identity.sql (2.75ms)
2026/09/09 01:10:50 OK   00063_h3_execution_snapshot.sql (3.2ms)
2026/09/09 01:10:50 OK   00064_model_runtime_capacity_routes.sql (11.51ms)
2026/09/09 01:10:50 OK   00065_h3_exact_cache_reconciliation.sql (10.91ms)
2026/09/09 01:10:50 OK   00066_stage_worker_control_session_capacity.sql (23.01ms)
2026/09/09 01:10:50 OK   00067_stage_scheduler_project_capacity.sql (2.27ms)
2026/09/09 01:10:50 OK   00068_stage_assignment_connector_states.sql (2.28ms)
2026/09/09 01:10:50 OK   00069_stage_transfer_server_clock.sql (4.98ms)
2026/09/09 01:10:50 OK   00070_stage_lease_expiry_recovery.sql (11.2ms)
2026/09/09 01:10:50 OK   00071_stage_artifact_lifecycle.sql (16.93ms)
2026/09/09 01:10:50 OK   00072_recovery_quiescence.sql (13.18ms)
2026/09/09 01:10:50 OK   00073_stage_cache_downstream_bindings.sql (5.92ms)
2026/09/09 01:10:50 OK   00074_job_owned_public_artifact_copies.sql (3.33ms)
2026/09/09 01:10:50 OK   00075_stage_graph_failure_terminalization.sql (19.9ms)
2026/09/09 01:10:50 OK   00076_allocation_usage_unit.sql (901.92µs)
2026/09/09 01:10:50 OK   00077_runtime_usage_receipts.sql (4.06ms)
2026/09/09 01:10:50 OK   00078_idle_stage_worker_probe.sql (5.39ms)
2026/09/09 01:10:50 OK   00079_stage_job_expiry.sql (6.43ms)
2026/09/09 01:10:50 OK   00080_stage_scheduler_snapshot_lock_order.sql (3.29ms)
2026/09/09 01:10:50 OK   00081_stage_assignment_quorum.sql (1.59ms)
2026/09/09 01:10:50 OK   00082_stage_success_storage_completion.sql (3.23ms)
2026/09/09 01:10:50 OK   00083_capacity_observation_lifecycle.sql (4.56ms)
2026/09/09 01:10:50 OK   00084_blocked_stage_worker_probe.sql (3.75ms)
2026/09/09 01:10:50 OK   00085_stage_materialization_terminal_replay.sql (2.36ms)
2026/09/09 01:10:50 OK   00086_stage_failure_terminal_replay.sql (5.99ms)
2026/09/09 01:10:50 OK   00087_stage_claim_finalization_lock_order.sql (2.25ms)
2026/09/09 01:10:50 OK   00088_stage_allocation_execution_sequence.sql (4.46ms)
2026/09/09 01:10:50 OK   00089_stage_terminal_history.sql (7.73ms)
2026/09/09 01:10:50 OK   00090_stage_assignment_content_lifecycle.sql (17.69ms)
2026/09/09 01:10:50 OK   00091_worker_journal_bootstrap.sql (17.89ms)
2026/09/09 01:10:50 OK   00092_worker_bootstrap_history.sql (2.7ms)
2026/09/09 01:10:50 OK   00093_worker_bootstrap_nonzero_scopes.sql (1.18ms)
2026/09/09 01:10:50 OK   00094_worker_bootstrap_abandonment.sql (12.2ms)
2026/09/09 01:10:50 OK   00095_runtime_startup_reservation.sql (12.63ms)
2026/09/09 01:10:50 goose: successfully migrated database to version: 95
2026/09/09 01:10:51 🐳 Stopping container: 22edc8dc33d7
2026/09/09 01:10:51 ✅ Container stopped: 22edc8dc33d7
2026/09/09 01:10:51 🐳 Terminating container: 22edc8dc33d7
2026/09/09 01:10:51 🚫 Container terminated: 22edc8dc33d7
--- PASS: TestRuntimeStartupReservationWaitsForConcurrentFence (3.09s)
=== RUN   TestRuntimeStartupReservationRecoveryGateAndEmptyMigration
2026/09/09 01:10:51 🐳 Creating container for image postgres:17-alpine
2026/09/09 01:10:51 ✅ Container created: e9bcd6302d33
2026/09/09 01:10:51 🐳 Starting container: e9bcd6302d33
2026/09/09 01:10:51 ✅ Container started: e9bcd6302d33
2026/09/09 01:10:51 ⏳ Waiting for container id e9bcd6302d33 image: postgres:17-alpine. Waiting for: all of: [all of: [log message "database system is ready to accept connections" (occurrence: 2), port 5432/tcp to be mapped]]
2026/09/09 01:10:51 🔔 Container is ready: e9bcd6302d33
2026/09/09 01:10:52 OK   00001_foundation.sql (56.72ms)
2026/09/09 01:10:52 OK   00002_worker_assignment.sql (15.67ms)
2026/09/09 01:10:52 OK   00003_worker_start.sql (2.93ms)
2026/09/09 01:10:52 OK   00004_worker_heartbeat.sql (16.54ms)
2026/09/09 01:10:52 OK   00005_execution_failure.sql (14.28ms)
2026/09/09 01:10:52 OK   00006_customer_cancellation.sql (29.67ms)
2026/09/09 01:10:52 OK   00007_artifact_finalization.sql (34.58ms)
2026/09/09 01:10:52 OK   00008_hierarchical_scheduler.sql (49.99ms)
2026/09/09 01:10:52 OK   00009_invoice_export.sql (13.8ms)
2026/09/09 01:10:52 OK   00010_profile_certification_circuit.sql (20.46ms)
2026/09/09 01:10:52 OK   00011_project_webhooks.sql (34.91ms)
2026/09/09 01:10:52 OK   00012_human_oidc_fixed_rbac.sql (26.75ms)
2026/09/09 01:10:52 OK   00013_service_principal_administration.sql (15.69ms)
2026/09/09 01:10:52 OK   00014_human_membership_administration.sql (28.25ms)
2026/09/09 01:10:52 OK   00015_organization_reporting.sql (18.21ms)
2026/09/09 01:10:52 OK   00016_project_retention_content_deletion.sql (53.69ms)
2026/09/09 01:10:52 OK   00017_platform_operator_break_glass.sql (35.02ms)
2026/09/09 01:10:52 OK   00018_finance_reconciliation.sql (17.23ms)
2026/09/09 01:10:52 OK   00019_certified_remediation.sql (22.03ms)
2026/09/09 01:10:52 OK   00020_remediation_execution_claim.sql (5.64ms)
2026/09/09 01:10:52 OK   00021_remediation_execution_dispatch.sql (2.77ms)
2026/09/09 01:10:52 OK   00022_remediation_execution_claim_replay.sql (2.43ms)
2026/09/09 01:10:52 OK   00023_fleet_controller_worker_readiness.sql (66.31ms)
2026/09/09 01:10:52 OK   00024_staging_artifact_expiry.sql (3.93ms)
2026/09/09 01:10:52 OK   00025_scheduler_inbox_receipt.sql (2.5ms)
2026/09/09 01:10:52 OK   00026_synchronous_quorum_guard.sql (1.77ms)
2026/09/09 01:10:52 OK   00027_authorized_debug_dump_lifecycle.sql (48.44ms)
2026/09/09 01:10:52 OK   00028_off_cluster_backup_retention.sql (12.24ms)
2026/09/09 01:10:52 OK   00029_artifact_backup_replication.sql (11.3ms)
2026/09/09 01:10:52 OK   00030_non_content_legal_hold.sql (22.45ms)
2026/09/09 01:10:52 OK   00031_non_content_record_expiry.sql (66.82ms)
2026/09/09 01:10:52 OK   00032_catalog_promotion_production_gates.sql (33.63ms)
2026/09/09 01:10:52 OK   00033_statistical_slo_measurement.sql (25.85ms)
2026/09/09 01:10:52 OK   00034_stage_execution_catalog.sql (58ms)
2026/09/09 01:10:52 OK   00035_worker_instance_residency.sql (68.96ms)
2026/09/09 01:10:53 OK   00036_stage_attempt_authority.sql (92.77ms)
2026/09/09 01:10:53 OK   00037_stage_scheduler.sql (48.12ms)
2026/09/09 01:10:53 OK   00038_stage_artifact.sql (46.85ms)
2026/09/09 01:10:53 OK   00039_stage_worker_control_authority.sql (3.7ms)
2026/09/09 01:10:53 OK   00040_stage_worker_execution.sql (20.75ms)
2026/09/09 01:10:53 OK   00041_stage_worker_operations.sql (13.78ms)
2026/09/09 01:10:53 OK   00042_stage_worker_assignment.sql (15.18ms)
2026/09/09 01:10:53 OK   00043_stage_graph_finalization.sql (6.98ms)
2026/09/09 01:10:53 OK   00044_stage_cache.sql (30.52ms)
2026/09/09 01:10:53 OK   00045_stage_graph_finalization_outputs.sql (5.67ms)
2026/09/09 01:10:53 OK   00046_stage_graph_visible_completion.sql (6.74ms)
2026/09/09 01:10:53 OK   00047_usage_cost_ledger.sql (17.89ms)
2026/09/09 01:10:53 OK   00048_stage_run_output_binding.sql (16.32ms)
2026/09/09 01:10:53 OK   00049_stage_cutover_control.sql (54.88ms)
2026/09/09 01:10:53 OK   00050_stage_graph_instantiation_dispatch.sql (18.7ms)
2026/09/09 01:10:53 OK   00051_atomic_stage_graph_admission.sql (8.69ms)
2026/09/09 01:10:53 OK   00052_stage_cutover_zero_backlog_seal.sql (20.2ms)
2026/09/09 01:10:53 OK   00053_legacy_h3_guarded_contraction.sql (14.31ms)
2026/09/09 01:10:53 OK   00054_stage_transfer_consume_destination.sql (3.54ms)
2026/09/09 01:10:53 OK   00055_h3_campaign_evidence_reader.sql (4.02ms)
2026/09/09 01:10:53 OK   00056_stage_observability_reader.sql (1.01ms)
2026/09/09 01:10:53 OK   00057_legacy_h3_release_contraction_gate.sql (9.51ms)
2026/09/09 01:10:53 OK   00058_legacy_h3_schema_contraction.sql (170.79ms)
2026/09/09 01:10:53 OK   00059_model_runtime_epoch_registration.sql (19.55ms)
2026/09/09 01:10:53 OK   00060_model_runtime_gang_barrier.sql (17.61ms)
2026/09/09 01:10:53 OK   00061_stage_worker_gang_authority.sql (5.94ms)
2026/09/09 01:10:53 OK   00062_stage_authority_member_identity.sql (2.77ms)
2026/09/09 01:10:53 OK   00063_h3_execution_snapshot.sql (3.22ms)
2026/09/09 01:10:53 OK   00064_model_runtime_capacity_routes.sql (11.92ms)
2026/09/09 01:10:53 OK   00065_h3_exact_cache_reconciliation.sql (11.16ms)
2026/09/09 01:10:53 OK   00066_stage_worker_control_session_capacity.sql (23.08ms)
2026/09/09 01:10:53 OK   00067_stage_scheduler_project_capacity.sql (2.11ms)
2026/09/09 01:10:53 OK   00068_stage_assignment_connector_states.sql (2.18ms)
2026/09/09 01:10:53 OK   00069_stage_transfer_server_clock.sql (4.66ms)
2026/09/09 01:10:53 OK   00070_stage_lease_expiry_recovery.sql (10.85ms)
2026/09/09 01:10:53 OK   00071_stage_artifact_lifecycle.sql (17.36ms)
2026/09/09 01:10:53 OK   00072_recovery_quiescence.sql (13.41ms)
2026/09/09 01:10:53 OK   00073_stage_cache_downstream_bindings.sql (5.93ms)
2026/09/09 01:10:53 OK   00074_job_owned_public_artifact_copies.sql (3.39ms)
2026/09/09 01:10:53 OK   00075_stage_graph_failure_terminalization.sql (19.81ms)
2026/09/09 01:10:53 OK   00076_allocation_usage_unit.sql (982.75µs)
2026/09/09 01:10:53 OK   00077_runtime_usage_receipts.sql (3.68ms)
2026/09/09 01:10:53 OK   00078_idle_stage_worker_probe.sql (4.64ms)
2026/09/09 01:10:53 OK   00079_stage_job_expiry.sql (6.19ms)
2026/09/09 01:10:53 OK   00080_stage_scheduler_snapshot_lock_order.sql (3.02ms)
2026/09/09 01:10:53 OK   00081_stage_assignment_quorum.sql (1.54ms)
2026/09/09 01:10:53 OK   00082_stage_success_storage_completion.sql (3.03ms)
2026/09/09 01:10:53 OK   00083_capacity_observation_lifecycle.sql (4.11ms)
2026/09/09 01:10:53 OK   00084_blocked_stage_worker_probe.sql (4.09ms)
2026/09/09 01:10:53 OK   00085_stage_materialization_terminal_replay.sql (2.6ms)
2026/09/09 01:10:53 OK   00086_stage_failure_terminal_replay.sql (5.7ms)
2026/09/09 01:10:53 OK   00087_stage_claim_finalization_lock_order.sql (2.3ms)
2026/09/09 01:10:53 OK   00088_stage_allocation_execution_sequence.sql (4.41ms)
2026/09/09 01:10:53 OK   00089_stage_terminal_history.sql (7.82ms)
2026/09/09 01:10:53 OK   00090_stage_assignment_content_lifecycle.sql (17.9ms)
2026/09/09 01:10:53 OK   00091_worker_journal_bootstrap.sql (18.71ms)
2026/09/09 01:10:53 OK   00092_worker_bootstrap_history.sql (2.59ms)
2026/09/09 01:10:53 OK   00093_worker_bootstrap_nonzero_scopes.sql (1.39ms)
2026/09/09 01:10:53 OK   00094_worker_bootstrap_abandonment.sql (11.87ms)
2026/09/09 01:10:53 OK   00095_runtime_startup_reservation.sql (11.41ms)
2026/09/09 01:10:53 goose: successfully migrated database to version: 95
2026/09/09 01:10:54 OK   00095_runtime_startup_reservation.sql (5.2ms)
2026/09/09 01:10:54 goose: no migrations to run. current version: 94
2026/09/09 01:10:54 OK   00095_runtime_startup_reservation.sql (13.07ms)
2026/09/09 01:10:54 goose: successfully migrated database to version: 95
2026/09/09 01:10:54 🐳 Stopping container: e9bcd6302d33
2026/09/09 01:10:54 ✅ Container stopped: e9bcd6302d33
2026/09/09 01:10:54 🐳 Terminating container: e9bcd6302d33
2026/09/09 01:10:54 🚫 Container terminated: e9bcd6302d33
--- PASS: TestRuntimeStartupReservationRecoveryGateAndEmptyMigration (3.33s)
=== RUN   TestRuntimeStartupMutualTLSReservationPreservesLostResponse
=== RUN   TestRuntimeStartupMutualTLSReservationPreservesLostResponse/normal
2026/09/09 01:10:54 🐳 Creating container for image postgres:17-alpine
2026/09/09 01:10:54 ✅ Container created: f606ac07d085
2026/09/09 01:10:54 🐳 Starting container: f606ac07d085
2026/09/09 01:10:54 ✅ Container started: f606ac07d085
2026/09/09 01:10:54 ⏳ Waiting for container id f606ac07d085 image: postgres:17-alpine. Waiting for: all of: [all of: [log message "database system is ready to accept connections" (occurrence: 2), port 5432/tcp to be mapped]]
2026/09/09 01:10:55 🔔 Container is ready: f606ac07d085
2026/09/09 01:10:55 OK   00001_foundation.sql (56.16ms)
2026/09/09 01:10:55 OK   00002_worker_assignment.sql (15.27ms)
2026/09/09 01:10:55 OK   00003_worker_start.sql (2.78ms)
2026/09/09 01:10:55 OK   00004_worker_heartbeat.sql (15.69ms)
2026/09/09 01:10:55 OK   00005_execution_failure.sql (13.59ms)
2026/09/09 01:10:55 OK   00006_customer_cancellation.sql (29.07ms)
2026/09/09 01:10:55 OK   00007_artifact_finalization.sql (32.55ms)
2026/09/09 01:10:55 OK   00008_hierarchical_scheduler.sql (49.93ms)
2026/09/09 01:10:55 OK   00009_invoice_export.sql (13.61ms)
2026/09/09 01:10:55 OK   00010_profile_certification_circuit.sql (20.28ms)
2026/09/09 01:10:55 OK   00011_project_webhooks.sql (34.62ms)
2026/09/09 01:10:55 OK   00012_human_oidc_fixed_rbac.sql (25.74ms)
2026/09/09 01:10:55 OK   00013_service_principal_administration.sql (15.61ms)
2026/09/09 01:10:55 OK   00014_human_membership_administration.sql (27.4ms)
2026/09/09 01:10:55 OK   00015_organization_reporting.sql (18.27ms)
2026/09/09 01:10:55 OK   00016_project_retention_content_deletion.sql (54.33ms)
2026/09/09 01:10:55 OK   00017_platform_operator_break_glass.sql (37.21ms)
2026/09/09 01:10:55 OK   00018_finance_reconciliation.sql (18.02ms)
2026/09/09 01:10:55 OK   00019_certified_remediation.sql (23.32ms)
2026/09/09 01:10:55 OK   00020_remediation_execution_claim.sql (5.93ms)
2026/09/09 01:10:55 OK   00021_remediation_execution_dispatch.sql (2.07ms)
2026/09/09 01:10:55 OK   00022_remediation_execution_claim_replay.sql (2.21ms)
2026/09/09 01:10:55 OK   00023_fleet_controller_worker_readiness.sql (67.17ms)
2026/09/09 01:10:55 OK   00024_staging_artifact_expiry.sql (3.81ms)
2026/09/09 01:10:55 OK   00025_scheduler_inbox_receipt.sql (2.45ms)
2026/09/09 01:10:55 OK   00026_synchronous_quorum_guard.sql (1.84ms)
2026/09/09 01:10:56 OK   00027_authorized_debug_dump_lifecycle.sql (49.27ms)
2026/09/09 01:10:56 OK   00028_off_cluster_backup_retention.sql (12.26ms)
2026/09/09 01:10:56 OK   00029_artifact_backup_replication.sql (11.37ms)
2026/09/09 01:10:56 OK   00030_non_content_legal_hold.sql (22.27ms)
2026/09/09 01:10:56 OK   00031_non_content_record_expiry.sql (65.28ms)
2026/09/09 01:10:56 OK   00032_catalog_promotion_production_gates.sql (33.82ms)
2026/09/09 01:10:56 OK   00033_statistical_slo_measurement.sql (26.27ms)
2026/09/09 01:10:56 OK   00034_stage_execution_catalog.sql (58.59ms)
2026/09/09 01:10:56 OK   00035_worker_instance_residency.sql (66.87ms)
2026/09/09 01:10:56 OK   00036_stage_attempt_authority.sql (91ms)
2026/09/09 01:10:56 OK   00037_stage_scheduler.sql (47.86ms)
2026/09/09 01:10:56 OK   00038_stage_artifact.sql (47.54ms)
2026/09/09 01:10:56 OK   00039_stage_worker_control_authority.sql (3.97ms)
2026/09/09 01:10:56 OK   00040_stage_worker_execution.sql (21.16ms)
2026/09/09 01:10:56 OK   00041_stage_worker_operations.sql (13.75ms)
2026/09/09 01:10:56 OK   00042_stage_worker_assignment.sql (15.12ms)
2026/09/09 01:10:56 OK   00043_stage_graph_finalization.sql (7ms)
2026/09/09 01:10:56 OK   00044_stage_cache.sql (30.79ms)
2026/09/09 01:10:56 OK   00045_stage_graph_finalization_outputs.sql (5.82ms)
2026/09/09 01:10:56 OK   00046_stage_graph_visible_completion.sql (6.8ms)
2026/09/09 01:10:56 OK   00047_usage_cost_ledger.sql (17.71ms)
2026/09/09 01:10:56 OK   00048_stage_run_output_binding.sql (15.38ms)
2026/09/09 01:10:56 OK   00049_stage_cutover_control.sql (54.55ms)
2026/09/09 01:10:56 OK   00050_stage_graph_instantiation_dispatch.sql (18.67ms)
2026/09/09 01:10:56 OK   00051_atomic_stage_graph_admission.sql (8.88ms)
2026/09/09 01:10:56 OK   00052_stage_cutover_zero_backlog_seal.sql (19.96ms)
2026/09/09 01:10:56 OK   00053_legacy_h3_guarded_contraction.sql (15.14ms)
2026/09/09 01:10:56 OK   00054_stage_transfer_consume_destination.sql (3.6ms)
2026/09/09 01:10:56 OK   00055_h3_campaign_evidence_reader.sql (3.97ms)
2026/09/09 01:10:56 OK   00056_stage_observability_reader.sql (1.41ms)
2026/09/09 01:10:56 OK   00057_legacy_h3_release_contraction_gate.sql (10.02ms)
2026/09/09 01:10:56 OK   00058_legacy_h3_schema_contraction.sql (173.92ms)
2026/09/09 01:10:56 OK   00059_model_runtime_epoch_registration.sql (19.83ms)
2026/09/09 01:10:57 OK   00060_model_runtime_gang_barrier.sql (17.34ms)
2026/09/09 01:10:57 OK   00061_stage_worker_gang_authority.sql (6.06ms)
2026/09/09 01:10:57 OK   00062_stage_authority_member_identity.sql (2.54ms)
2026/09/09 01:10:57 OK   00063_h3_execution_snapshot.sql (3.22ms)
2026/09/09 01:10:57 OK   00064_model_runtime_capacity_routes.sql (11.7ms)
2026/09/09 01:10:57 OK   00065_h3_exact_cache_reconciliation.sql (11.04ms)
2026/09/09 01:10:57 OK   00066_stage_worker_control_session_capacity.sql (23.32ms)
2026/09/09 01:10:57 OK   00067_stage_scheduler_project_capacity.sql (2.75ms)
2026/09/09 01:10:57 OK   00068_stage_assignment_connector_states.sql (1.9ms)
2026/09/09 01:10:57 OK   00069_stage_transfer_server_clock.sql (5.1ms)
2026/09/09 01:10:57 OK   00070_stage_lease_expiry_recovery.sql (10.92ms)
2026/09/09 01:10:57 OK   00071_stage_artifact_lifecycle.sql (17.67ms)
2026/09/09 01:10:57 OK   00072_recovery_quiescence.sql (13.06ms)
2026/09/09 01:10:57 OK   00073_stage_cache_downstream_bindings.sql (5.56ms)
2026/09/09 01:10:57 OK   00074_job_owned_public_artifact_copies.sql (3.38ms)
2026/09/09 01:10:57 OK   00075_stage_graph_failure_terminalization.sql (19.81ms)
2026/09/09 01:10:57 OK   00076_allocation_usage_unit.sql (1.08ms)
2026/09/09 01:10:57 OK   00077_runtime_usage_receipts.sql (4.13ms)
2026/09/09 01:10:57 OK   00078_idle_stage_worker_probe.sql (5.29ms)
2026/09/09 01:10:57 OK   00079_stage_job_expiry.sql (6.4ms)
2026/09/09 01:10:57 OK   00080_stage_scheduler_snapshot_lock_order.sql (3.15ms)
2026/09/09 01:10:57 OK   00081_stage_assignment_quorum.sql (1.65ms)
2026/09/09 01:10:57 OK   00082_stage_success_storage_completion.sql (3.27ms)
2026/09/09 01:10:57 OK   00083_capacity_observation_lifecycle.sql (4.28ms)
2026/09/09 01:10:57 OK   00084_blocked_stage_worker_probe.sql (4.11ms)
2026/09/09 01:10:57 OK   00085_stage_materialization_terminal_replay.sql (3.03ms)
2026/09/09 01:10:57 OK   00086_stage_failure_terminal_replay.sql (5.9ms)
2026/09/09 01:10:57 OK   00087_stage_claim_finalization_lock_order.sql (2.31ms)
2026/09/09 01:10:57 OK   00088_stage_allocation_execution_sequence.sql (4.14ms)
2026/09/09 01:10:57 OK   00089_stage_terminal_history.sql (7.61ms)
2026/09/09 01:10:57 OK   00090_stage_assignment_content_lifecycle.sql (18.29ms)
2026/09/09 01:10:57 OK   00091_worker_journal_bootstrap.sql (18.13ms)
2026/09/09 01:10:57 OK   00092_worker_bootstrap_history.sql (2.41ms)
2026/09/09 01:10:57 OK   00093_worker_bootstrap_nonzero_scopes.sql (1.23ms)
2026/09/09 01:10:57 OK   00094_worker_bootstrap_abandonment.sql (11.73ms)
2026/09/09 01:10:57 OK   00095_runtime_startup_reservation.sql (12.36ms)
2026/09/09 01:10:57 goose: successfully migrated database to version: 95
    runtime_startup_transport_test.go:106: TLS1.3: lost=false, one durable reservation, exact history/retry carry no Fresh, other principals cannot reserve/read
2026/09/09 01:10:58 🐳 Stopping container: f606ac07d085
2026/09/09 01:10:58 ✅ Container stopped: f606ac07d085
2026/09/09 01:10:58 🐳 Terminating container: f606ac07d085
2026/09/09 01:10:58 🚫 Container terminated: f606ac07d085
=== RUN   TestRuntimeStartupMutualTLSReservationPreservesLostResponse/committed-response-lost
2026/09/09 01:10:58 🐳 Creating container for image postgres:17-alpine
2026/09/09 01:10:58 ✅ Container created: 79ec56082d53
2026/09/09 01:10:58 🐳 Starting container: 79ec56082d53
2026/09/09 01:10:58 ✅ Container started: 79ec56082d53
2026/09/09 01:10:58 ⏳ Waiting for container id 79ec56082d53 image: postgres:17-alpine. Waiting for: all of: [all of: [log message "database system is ready to accept connections" (occurrence: 2), port 5432/tcp to be mapped]]
2026/09/09 01:10:59 🔔 Container is ready: 79ec56082d53
2026/09/09 01:10:59 OK   00001_foundation.sql (55.76ms)
2026/09/09 01:10:59 OK   00002_worker_assignment.sql (15.29ms)
2026/09/09 01:10:59 OK   00003_worker_start.sql (2.83ms)
2026/09/09 01:10:59 OK   00004_worker_heartbeat.sql (15.98ms)
2026/09/09 01:10:59 OK   00005_execution_failure.sql (14.22ms)
2026/09/09 01:10:59 OK   00006_customer_cancellation.sql (27.99ms)
2026/09/09 01:10:59 OK   00007_artifact_finalization.sql (32.94ms)
2026/09/09 01:10:59 OK   00008_hierarchical_scheduler.sql (50.03ms)
2026/09/09 01:10:59 OK   00009_invoice_export.sql (13.96ms)
2026/09/09 01:10:59 OK   00010_profile_certification_circuit.sql (21.36ms)
2026/09/09 01:10:59 OK   00011_project_webhooks.sql (34.25ms)
2026/09/09 01:10:59 OK   00012_human_oidc_fixed_rbac.sql (26.98ms)
2026/09/09 01:10:59 OK   00013_service_principal_administration.sql (15.82ms)
2026/09/09 01:10:59 OK   00014_human_membership_administration.sql (28.92ms)
2026/09/09 01:10:59 OK   00015_organization_reporting.sql (19.69ms)
2026/09/09 01:10:59 OK   00016_project_retention_content_deletion.sql (53.56ms)
2026/09/09 01:10:59 OK   00017_platform_operator_break_glass.sql (36.24ms)
2026/09/09 01:10:59 OK   00018_finance_reconciliation.sql (17.28ms)
2026/09/09 01:10:59 OK   00019_certified_remediation.sql (22.54ms)
2026/09/09 01:10:59 OK   00020_remediation_execution_claim.sql (6ms)
2026/09/09 01:10:59 OK   00021_remediation_execution_dispatch.sql (2.45ms)
2026/09/09 01:10:59 OK   00022_remediation_execution_claim_replay.sql (2.31ms)
2026/09/09 01:10:59 OK   00023_fleet_controller_worker_readiness.sql (68.06ms)
2026/09/09 01:10:59 OK   00024_staging_artifact_expiry.sql (4.01ms)
2026/09/09 01:10:59 OK   00025_scheduler_inbox_receipt.sql (2.67ms)
2026/09/09 01:10:59 OK   00026_synchronous_quorum_guard.sql (1.95ms)
2026/09/09 01:10:59 OK   00027_authorized_debug_dump_lifecycle.sql (51.71ms)
2026/09/09 01:10:59 OK   00028_off_cluster_backup_retention.sql (12.74ms)
2026/09/09 01:10:59 OK   00029_artifact_backup_replication.sql (11.87ms)
2026/09/09 01:10:59 OK   00030_non_content_legal_hold.sql (22.49ms)
2026/09/09 01:10:59 OK   00031_non_content_record_expiry.sql (65.57ms)
2026/09/09 01:10:59 OK   00032_catalog_promotion_production_gates.sql (33.83ms)
2026/09/09 01:10:59 OK   00033_statistical_slo_measurement.sql (26.1ms)
2026/09/09 01:10:59 OK   00034_stage_execution_catalog.sql (59.26ms)
2026/09/09 01:11:00 OK   00035_worker_instance_residency.sql (67.13ms)
2026/09/09 01:11:00 OK   00036_stage_attempt_authority.sql (90ms)
2026/09/09 01:11:00 OK   00037_stage_scheduler.sql (47.35ms)
2026/09/09 01:11:00 OK   00038_stage_artifact.sql (50.9ms)
2026/09/09 01:11:00 OK   00039_stage_worker_control_authority.sql (3.73ms)
2026/09/09 01:11:00 OK   00040_stage_worker_execution.sql (21.03ms)
2026/09/09 01:11:00 OK   00041_stage_worker_operations.sql (14.2ms)
2026/09/09 01:11:00 OK   00042_stage_worker_assignment.sql (15.12ms)
2026/09/09 01:11:00 OK   00043_stage_graph_finalization.sql (7.21ms)
2026/09/09 01:11:00 OK   00044_stage_cache.sql (30ms)
2026/09/09 01:11:00 OK   00045_stage_graph_finalization_outputs.sql (5.51ms)
2026/09/09 01:11:00 OK   00046_stage_graph_visible_completion.sql (7.15ms)
2026/09/09 01:11:00 OK   00047_usage_cost_ledger.sql (17.48ms)
2026/09/09 01:11:00 OK   00048_stage_run_output_binding.sql (15.24ms)
2026/09/09 01:11:00 OK   00049_stage_cutover_control.sql (54.96ms)
2026/09/09 01:11:00 OK   00050_stage_graph_instantiation_dispatch.sql (19.77ms)
2026/09/09 01:11:00 OK   00051_atomic_stage_graph_admission.sql (8.95ms)
2026/09/09 01:11:00 OK   00052_stage_cutover_zero_backlog_seal.sql (20.7ms)
2026/09/09 01:11:00 OK   00053_legacy_h3_guarded_contraction.sql (14.78ms)
2026/09/09 01:11:00 OK   00054_stage_transfer_consume_destination.sql (3.47ms)
2026/09/09 01:11:00 OK   00055_h3_campaign_evidence_reader.sql (3.83ms)
2026/09/09 01:11:00 OK   00056_stage_observability_reader.sql (896.79µs)
2026/09/09 01:11:00 OK   00057_legacy_h3_release_contraction_gate.sql (9.84ms)
2026/09/09 01:11:00 OK   00058_legacy_h3_schema_contraction.sql (173.23ms)
2026/09/09 01:11:00 OK   00059_model_runtime_epoch_registration.sql (20.13ms)
2026/09/09 01:11:00 OK   00060_model_runtime_gang_barrier.sql (17.42ms)
2026/09/09 01:11:00 OK   00061_stage_worker_gang_authority.sql (6.32ms)
2026/09/09 01:11:00 OK   00062_stage_authority_member_identity.sql (2.78ms)
2026/09/09 01:11:00 OK   00063_h3_execution_snapshot.sql (3.43ms)
2026/09/09 01:11:00 OK   00064_model_runtime_capacity_routes.sql (12.13ms)
2026/09/09 01:11:00 OK   00065_h3_exact_cache_reconciliation.sql (10.64ms)
2026/09/09 01:11:00 OK   00066_stage_worker_control_session_capacity.sql (22.8ms)
2026/09/09 01:11:00 OK   00067_stage_scheduler_project_capacity.sql (2.25ms)
2026/09/09 01:11:00 OK   00068_stage_assignment_connector_states.sql (1.88ms)
2026/09/09 01:11:00 OK   00069_stage_transfer_server_clock.sql (5.03ms)
2026/09/09 01:11:00 OK   00070_stage_lease_expiry_recovery.sql (11.24ms)
2026/09/09 01:11:00 OK   00071_stage_artifact_lifecycle.sql (17.59ms)
2026/09/09 01:11:00 OK   00072_recovery_quiescence.sql (13.29ms)
2026/09/09 01:11:00 OK   00073_stage_cache_downstream_bindings.sql (6.11ms)
2026/09/09 01:11:00 OK   00074_job_owned_public_artifact_copies.sql (3.51ms)
2026/09/09 01:11:00 OK   00075_stage_graph_failure_terminalization.sql (19.86ms)
2026/09/09 01:11:00 OK   00076_allocation_usage_unit.sql (865.21µs)
2026/09/09 01:11:00 OK   00077_runtime_usage_receipts.sql (3.99ms)
2026/09/09 01:11:00 OK   00078_idle_stage_worker_probe.sql (5.44ms)
2026/09/09 01:11:00 OK   00079_stage_job_expiry.sql (6.63ms)
2026/09/09 01:11:00 OK   00080_stage_scheduler_snapshot_lock_order.sql (3.18ms)
2026/09/09 01:11:00 OK   00081_stage_assignment_quorum.sql (1.69ms)
2026/09/09 01:11:00 OK   00082_stage_success_storage_completion.sql (3.29ms)
2026/09/09 01:11:00 OK   00083_capacity_observation_lifecycle.sql (4.36ms)
2026/09/09 01:11:00 OK   00084_blocked_stage_worker_probe.sql (4.13ms)
2026/09/09 01:11:00 OK   00085_stage_materialization_terminal_replay.sql (2.55ms)
2026/09/09 01:11:00 OK   00086_stage_failure_terminal_replay.sql (5.83ms)
2026/09/09 01:11:00 OK   00087_stage_claim_finalization_lock_order.sql (2.75ms)
2026/09/09 01:11:00 OK   00088_stage_allocation_execution_sequence.sql (4.66ms)
2026/09/09 01:11:00 OK   00089_stage_terminal_history.sql (7.31ms)
2026/09/09 01:11:00 OK   00090_stage_assignment_content_lifecycle.sql (18.11ms)
2026/09/09 01:11:00 OK   00091_worker_journal_bootstrap.sql (17.03ms)
2026/09/09 01:11:00 OK   00092_worker_bootstrap_history.sql (2.35ms)
2026/09/09 01:11:00 OK   00093_worker_bootstrap_nonzero_scopes.sql (1.14ms)
2026/09/09 01:11:00 OK   00094_worker_bootstrap_abandonment.sql (10.59ms)
2026/09/09 01:11:01 OK   00095_runtime_startup_reservation.sql (11.94ms)
2026/09/09 01:11:01 goose: successfully migrated database to version: 95
    runtime_startup_transport_test.go:106: TLS1.3: lost=true, one durable reservation, exact history/retry carry no Fresh, other principals cannot reserve/read
2026/09/09 01:11:01 🐳 Stopping container: 79ec56082d53
2026/09/09 01:11:01 ✅ Container stopped: 79ec56082d53
2026/09/09 01:11:01 🐳 Terminating container: 79ec56082d53
2026/09/09 01:11:01 🚫 Container terminated: 79ec56082d53
--- PASS: TestRuntimeStartupMutualTLSReservationPreservesLostResponse (7.40s)
    --- PASS: TestRuntimeStartupMutualTLSReservationPreservesLostResponse/normal (3.72s)
    --- PASS: TestRuntimeStartupMutualTLSReservationPreservesLostResponse/committed-response-lost (3.69s)
=== RUN   TestWorkerBootstrapBindingCommandUsesCommittedRegistryIdentity
2026/09/09 01:11:02 🐳 Creating container for image postgres:17-alpine
2026/09/09 01:11:02 ✅ Container created: 741e0735361c
2026/09/09 01:11:02 🐳 Starting container: 741e0735361c
2026/09/09 01:11:02 ✅ Container started: 741e0735361c
2026/09/09 01:11:02 ⏳ Waiting for container id 741e0735361c image: postgres:17-alpine. Waiting for: all of: [all of: [log message "database system is ready to accept connections" (occurrence: 2), port 5432/tcp to be mapped]]
2026/09/09 01:11:03 🔔 Container is ready: 741e0735361c
2026/09/09 01:11:03 OK   00001_foundation.sql (56.28ms)
2026/09/09 01:11:03 OK   00002_worker_assignment.sql (15.3ms)
2026/09/09 01:11:03 OK   00003_worker_start.sql (2.89ms)
2026/09/09 01:11:03 OK   00004_worker_heartbeat.sql (16.37ms)
2026/09/09 01:11:03 OK   00005_execution_failure.sql (15.38ms)
2026/09/09 01:11:03 OK   00006_customer_cancellation.sql (28.77ms)
2026/09/09 01:11:03 OK   00007_artifact_finalization.sql (34.4ms)
2026/09/09 01:11:03 OK   00008_hierarchical_scheduler.sql (50.83ms)
2026/09/09 01:11:03 OK   00009_invoice_export.sql (13.89ms)
2026/09/09 01:11:03 OK   00010_profile_certification_circuit.sql (20.76ms)
2026/09/09 01:11:03 OK   00011_project_webhooks.sql (35ms)
2026/09/09 01:11:03 OK   00012_human_oidc_fixed_rbac.sql (26.26ms)
2026/09/09 01:11:03 OK   00013_service_principal_administration.sql (16.23ms)
2026/09/09 01:11:04 OK   00014_human_membership_administration.sql (29.38ms)
2026/09/09 01:11:04 OK   00015_organization_reporting.sql (18.98ms)
2026/09/09 01:11:04 OK   00016_project_retention_content_deletion.sql (54.13ms)
2026/09/09 01:11:04 OK   00017_platform_operator_break_glass.sql (35.38ms)
2026/09/09 01:11:04 OK   00018_finance_reconciliation.sql (16.61ms)
2026/09/09 01:11:04 OK   00019_certified_remediation.sql (22.49ms)
2026/09/09 01:11:04 OK   00020_remediation_execution_claim.sql (6.28ms)
2026/09/09 01:11:04 OK   00021_remediation_execution_dispatch.sql (2.91ms)
2026/09/09 01:11:04 OK   00022_remediation_execution_claim_replay.sql (2.34ms)
2026/09/09 01:11:04 OK   00023_fleet_controller_worker_readiness.sql (68.03ms)
2026/09/09 01:11:04 OK   00024_staging_artifact_expiry.sql (4ms)
2026/09/09 01:11:04 OK   00025_scheduler_inbox_receipt.sql (2.6ms)
2026/09/09 01:11:04 OK   00026_synchronous_quorum_guard.sql (1.89ms)
2026/09/09 01:11:04 OK   00027_authorized_debug_dump_lifecycle.sql (50.28ms)
2026/09/09 01:11:04 OK   00028_off_cluster_backup_retention.sql (13.94ms)
2026/09/09 01:11:04 OK   00029_artifact_backup_replication.sql (12.28ms)
2026/09/09 01:11:04 OK   00030_non_content_legal_hold.sql (24.42ms)
2026/09/09 01:11:04 OK   00031_non_content_record_expiry.sql (66.69ms)
2026/09/09 01:11:04 OK   00032_catalog_promotion_production_gates.sql (33.61ms)
2026/09/09 01:11:04 OK   00033_statistical_slo_measurement.sql (26.33ms)
2026/09/09 01:11:04 OK   00034_stage_execution_catalog.sql (58.94ms)
2026/09/09 01:11:04 OK   00035_worker_instance_residency.sql (66.31ms)
2026/09/09 01:11:04 OK   00036_stage_attempt_authority.sql (92.72ms)
2026/09/09 01:11:04 OK   00037_stage_scheduler.sql (46.71ms)
2026/09/09 01:11:04 OK   00038_stage_artifact.sql (46.33ms)
2026/09/09 01:11:04 OK   00039_stage_worker_control_authority.sql (3.88ms)
2026/09/09 01:11:04 OK   00040_stage_worker_execution.sql (20.43ms)
2026/09/09 01:11:04 OK   00041_stage_worker_operations.sql (13.78ms)
2026/09/09 01:11:04 OK   00042_stage_worker_assignment.sql (15.32ms)
2026/09/09 01:11:04 OK   00043_stage_graph_finalization.sql (7.38ms)
2026/09/09 01:11:04 OK   00044_stage_cache.sql (30.45ms)
2026/09/09 01:11:04 OK   00045_stage_graph_finalization_outputs.sql (5.43ms)
2026/09/09 01:11:04 OK   00046_stage_graph_visible_completion.sql (6.71ms)
2026/09/09 01:11:04 OK   00047_usage_cost_ledger.sql (17.73ms)
2026/09/09 01:11:04 OK   00048_stage_run_output_binding.sql (15.57ms)
2026/09/09 01:11:04 OK   00049_stage_cutover_control.sql (53.9ms)
2026/09/09 01:11:05 OK   00050_stage_graph_instantiation_dispatch.sql (18.83ms)
2026/09/09 01:11:05 OK   00051_atomic_stage_graph_admission.sql (8.86ms)
2026/09/09 01:11:05 OK   00052_stage_cutover_zero_backlog_seal.sql (20.19ms)
2026/09/09 01:11:05 OK   00053_legacy_h3_guarded_contraction.sql (14.91ms)
2026/09/09 01:11:05 OK   00054_stage_transfer_consume_destination.sql (3.59ms)
2026/09/09 01:11:05 OK   00055_h3_campaign_evidence_reader.sql (3.94ms)
2026/09/09 01:11:05 OK   00056_stage_observability_reader.sql (944.13µs)
2026/09/09 01:11:05 OK   00057_legacy_h3_release_contraction_gate.sql (9.95ms)
2026/09/09 01:11:05 OK   00058_legacy_h3_schema_contraction.sql (176.12ms)
2026/09/09 01:11:05 OK   00059_model_runtime_epoch_registration.sql (19.71ms)
2026/09/09 01:11:05 OK   00060_model_runtime_gang_barrier.sql (17.93ms)
2026/09/09 01:11:05 OK   00061_stage_worker_gang_authority.sql (6.2ms)
2026/09/09 01:11:05 OK   00062_stage_authority_member_identity.sql (2.83ms)
2026/09/09 01:11:05 OK   00063_h3_execution_snapshot.sql (3.26ms)
2026/09/09 01:11:05 OK   00064_model_runtime_capacity_routes.sql (12.31ms)
2026/09/09 01:11:05 OK   00065_h3_exact_cache_reconciliation.sql (11.04ms)
2026/09/09 01:11:05 OK   00066_stage_worker_control_session_capacity.sql (22.85ms)
2026/09/09 01:11:05 OK   00067_stage_scheduler_project_capacity.sql (2.16ms)
2026/09/09 01:11:05 OK   00068_stage_assignment_connector_states.sql (1.99ms)
2026/09/09 01:11:05 OK   00069_stage_transfer_server_clock.sql (5.03ms)
2026/09/09 01:11:05 OK   00070_stage_lease_expiry_recovery.sql (11.34ms)
2026/09/09 01:11:05 OK   00071_stage_artifact_lifecycle.sql (18.29ms)
2026/09/09 01:11:05 OK   00072_recovery_quiescence.sql (13.14ms)
2026/09/09 01:11:05 OK   00073_stage_cache_downstream_bindings.sql (5.89ms)
2026/09/09 01:11:05 OK   00074_job_owned_public_artifact_copies.sql (3.44ms)
2026/09/09 01:11:05 OK   00075_stage_graph_failure_terminalization.sql (19.77ms)
2026/09/09 01:11:05 OK   00076_allocation_usage_unit.sql (884.92µs)
2026/09/09 01:11:05 OK   00077_runtime_usage_receipts.sql (4.26ms)
2026/09/09 01:11:05 OK   00078_idle_stage_worker_probe.sql (5.16ms)
2026/09/09 01:11:05 OK   00079_stage_job_expiry.sql (5.93ms)
2026/09/09 01:11:05 OK   00080_stage_scheduler_snapshot_lock_order.sql (3.04ms)
2026/09/09 01:11:05 OK   00081_stage_assignment_quorum.sql (1.54ms)
2026/09/09 01:11:05 OK   00082_stage_success_storage_completion.sql (3.34ms)
2026/09/09 01:11:05 OK   00083_capacity_observation_lifecycle.sql (4.32ms)
2026/09/09 01:11:05 OK   00084_blocked_stage_worker_probe.sql (4.13ms)
2026/09/09 01:11:05 OK   00085_stage_materialization_terminal_replay.sql (2.66ms)
2026/09/09 01:11:05 OK   00086_stage_failure_terminal_replay.sql (5.73ms)
2026/09/09 01:11:05 OK   00087_stage_claim_finalization_lock_order.sql (2.64ms)
2026/09/09 01:11:05 OK   00088_stage_allocation_execution_sequence.sql (4.35ms)
2026/09/09 01:11:05 OK   00089_stage_terminal_history.sql (7.75ms)
2026/09/09 01:11:05 OK   00090_stage_assignment_content_lifecycle.sql (17.71ms)
2026/09/09 01:11:05 OK   00091_worker_journal_bootstrap.sql (19.69ms)
2026/09/09 01:11:05 OK   00092_worker_bootstrap_history.sql (2.37ms)
2026/09/09 01:11:05 OK   00093_worker_bootstrap_nonzero_scopes.sql (1.29ms)
2026/09/09 01:11:05 OK   00094_worker_bootstrap_abandonment.sql (11.76ms)
2026/09/09 01:11:05 OK   00095_runtime_startup_reservation.sql (12.51ms)
2026/09/09 01:11:05 goose: successfully migrated database to version: 95
    worker_bootstrap_binding_test.go:93: rejected command: vela-node-agent stopped: record Worker bootstrap pair: rpc error: code = Unavailable desc = receipt not committed
    worker_bootstrap_binding_test.go:119: rejected command: vela-node-agent stopped: rpc error: code = FailedPrecondition desc = Worker bootstrap has no committed journal pair
    worker_bootstrap_binding_test.go:158: rejected command: vela-node-agent stopped: rpc error: code = NotFound desc = lookup Worker bootstrap target does not exist
    worker_bootstrap_binding_test.go:158: rejected command: vela-node-agent stopped: rpc error: code = NotFound desc = lookup Worker bootstrap target does not exist
    worker_bootstrap_binding_test.go:158: rejected command: vela-node-agent stopped: rpc error: code = Unauthenticated desc = registered Node Agent mTLS identity is required
    worker_bootstrap_binding_test.go:163: rejected command: vela-node-agent stopped: rpc error: code = Unavailable desc = binding response lost
    worker_bootstrap_binding_test.go:208: rejected command: vela-node-agent stopped: worker journal binding is invalid
2026/09/09 01:11:07 🐳 Stopping container: 741e0735361c
2026/09/09 01:11:07 ✅ Container stopped: 741e0735361c
2026/09/09 01:11:07 🐳 Terminating container: 741e0735361c
2026/09/09 01:11:07 🚫 Container terminated: 741e0735361c
--- PASS: TestWorkerBootstrapBindingCommandUsesCommittedRegistryIdentity (5.35s)
=== RUN   TestWorkerBootstrapHistoryIsReadOnlyAndPrincipalScoped
2026/09/09 01:11:07 🐳 Creating container for image postgres:17-alpine
2026/09/09 01:11:07 ✅ Container created: 1d006698d639
2026/09/09 01:11:07 🐳 Starting container: 1d006698d639
2026/09/09 01:11:07 ✅ Container started: 1d006698d639
2026/09/09 01:11:07 ⏳ Waiting for container id 1d006698d639 image: postgres:17-alpine. Waiting for: all of: [all of: [log message "database system is ready to accept connections" (occurrence: 2), port 5432/tcp to be mapped]]
2026/09/09 01:11:08 🔔 Container is ready: 1d006698d639
2026/09/09 01:11:08 OK   00001_foundation.sql (56.78ms)
2026/09/09 01:11:08 OK   00002_worker_assignment.sql (14.84ms)
2026/09/09 01:11:08 OK   00003_worker_start.sql (2.95ms)
2026/09/09 01:11:08 OK   00004_worker_heartbeat.sql (16.51ms)
2026/09/09 01:11:08 OK   00005_execution_failure.sql (14.71ms)
2026/09/09 01:11:08 OK   00006_customer_cancellation.sql (29ms)
2026/09/09 01:11:08 OK   00007_artifact_finalization.sql (34.97ms)
2026/09/09 01:11:08 OK   00008_hierarchical_scheduler.sql (51.51ms)
2026/09/09 01:11:08 OK   00009_invoice_export.sql (14.18ms)
2026/09/09 01:11:08 OK   00010_profile_certification_circuit.sql (20.01ms)
2026/09/09 01:11:08 OK   00011_project_webhooks.sql (33.89ms)
2026/09/09 01:11:08 OK   00012_human_oidc_fixed_rbac.sql (26.32ms)
2026/09/09 01:11:08 OK   00013_service_principal_administration.sql (15.9ms)
2026/09/09 01:11:08 OK   00014_human_membership_administration.sql (27.71ms)
2026/09/09 01:11:08 OK   00015_organization_reporting.sql (18.68ms)
2026/09/09 01:11:08 OK   00016_project_retention_content_deletion.sql (52.08ms)
2026/09/09 01:11:08 OK   00017_platform_operator_break_glass.sql (34.77ms)
2026/09/09 01:11:08 OK   00018_finance_reconciliation.sql (16.41ms)
2026/09/09 01:11:08 OK   00019_certified_remediation.sql (22.57ms)
2026/09/09 01:11:08 OK   00020_remediation_execution_claim.sql (6.28ms)
2026/09/09 01:11:08 OK   00021_remediation_execution_dispatch.sql (2.35ms)
2026/09/09 01:11:08 OK   00022_remediation_execution_claim_replay.sql (2.32ms)
2026/09/09 01:11:08 OK   00023_fleet_controller_worker_readiness.sql (67.34ms)
2026/09/09 01:11:08 OK   00024_staging_artifact_expiry.sql (3.87ms)
2026/09/09 01:11:08 OK   00025_scheduler_inbox_receipt.sql (2.5ms)
2026/09/09 01:11:08 OK   00026_synchronous_quorum_guard.sql (1.86ms)
2026/09/09 01:11:08 OK   00027_authorized_debug_dump_lifecycle.sql (47.99ms)
2026/09/09 01:11:08 OK   00028_off_cluster_backup_retention.sql (12.08ms)
2026/09/09 01:11:08 OK   00029_artifact_backup_replication.sql (11.21ms)
2026/09/09 01:11:08 OK   00030_non_content_legal_hold.sql (23.55ms)
2026/09/09 01:11:08 OK   00031_non_content_record_expiry.sql (71.21ms)
2026/09/09 01:11:08 OK   00032_catalog_promotion_production_gates.sql (35.67ms)
2026/09/09 01:11:08 OK   00033_statistical_slo_measurement.sql (25.64ms)
2026/09/09 01:11:09 OK   00034_stage_execution_catalog.sql (59.55ms)
2026/09/09 01:11:09 OK   00035_worker_instance_residency.sql (67.58ms)
2026/09/09 01:11:09 OK   00036_stage_attempt_authority.sql (90.2ms)
2026/09/09 01:11:09 OK   00037_stage_scheduler.sql (48.54ms)
2026/09/09 01:11:09 OK   00038_stage_artifact.sql (46.93ms)
2026/09/09 01:11:09 OK   00039_stage_worker_control_authority.sql (3.52ms)
2026/09/09 01:11:09 OK   00040_stage_worker_execution.sql (20.57ms)
2026/09/09 01:11:09 OK   00041_stage_worker_operations.sql (14.04ms)
2026/09/09 01:11:09 OK   00042_stage_worker_assignment.sql (15.41ms)
2026/09/09 01:11:09 OK   00043_stage_graph_finalization.sql (6.81ms)
2026/09/09 01:11:09 OK   00044_stage_cache.sql (31.06ms)
2026/09/09 01:11:09 OK   00045_stage_graph_finalization_outputs.sql (5.59ms)
2026/09/09 01:11:09 OK   00046_stage_graph_visible_completion.sql (7.05ms)
2026/09/09 01:11:09 OK   00047_usage_cost_ledger.sql (17.49ms)
2026/09/09 01:11:09 OK   00048_stage_run_output_binding.sql (15.18ms)
2026/09/09 01:11:09 OK   00049_stage_cutover_control.sql (53.89ms)
2026/09/09 01:11:09 OK   00050_stage_graph_instantiation_dispatch.sql (18.74ms)
2026/09/09 01:11:09 OK   00051_atomic_stage_graph_admission.sql (8.62ms)
2026/09/09 01:11:09 OK   00052_stage_cutover_zero_backlog_seal.sql (20.49ms)
2026/09/09 01:11:09 OK   00053_legacy_h3_guarded_contraction.sql (14.02ms)
2026/09/09 01:11:09 OK   00054_stage_transfer_consume_destination.sql (3.58ms)
2026/09/09 01:11:09 OK   00055_h3_campaign_evidence_reader.sql (3.74ms)
2026/09/09 01:11:09 OK   00056_stage_observability_reader.sql (939.08µs)
2026/09/09 01:11:09 OK   00057_legacy_h3_release_contraction_gate.sql (9.99ms)
2026/09/09 01:11:09 OK   00058_legacy_h3_schema_contraction.sql (172.04ms)
2026/09/09 01:11:09 OK   00059_model_runtime_epoch_registration.sql (20.94ms)
2026/09/09 01:11:09 OK   00060_model_runtime_gang_barrier.sql (18.12ms)
2026/09/09 01:11:09 OK   00061_stage_worker_gang_authority.sql (6.24ms)
2026/09/09 01:11:09 OK   00062_stage_authority_member_identity.sql (2.71ms)
2026/09/09 01:11:09 OK   00063_h3_execution_snapshot.sql (3.22ms)
2026/09/09 01:11:09 OK   00064_model_runtime_capacity_routes.sql (11.68ms)
2026/09/09 01:11:09 OK   00065_h3_exact_cache_reconciliation.sql (11.03ms)
2026/09/09 01:11:09 OK   00066_stage_worker_control_session_capacity.sql (23.16ms)
2026/09/09 01:11:09 OK   00067_stage_scheduler_project_capacity.sql (2.05ms)
2026/09/09 01:11:09 OK   00068_stage_assignment_connector_states.sql (2.43ms)
2026/09/09 01:11:09 OK   00069_stage_transfer_server_clock.sql (5.16ms)
2026/09/09 01:11:09 OK   00070_stage_lease_expiry_recovery.sql (11.25ms)
2026/09/09 01:11:09 OK   00071_stage_artifact_lifecycle.sql (17.88ms)
2026/09/09 01:11:09 OK   00072_recovery_quiescence.sql (13.4ms)
2026/09/09 01:11:09 OK   00073_stage_cache_downstream_bindings.sql (6.19ms)
2026/09/09 01:11:09 OK   00074_job_owned_public_artifact_copies.sql (3.43ms)
2026/09/09 01:11:09 OK   00075_stage_graph_failure_terminalization.sql (20.69ms)
2026/09/09 01:11:09 OK   00076_allocation_usage_unit.sql (1ms)
2026/09/09 01:11:09 OK   00077_runtime_usage_receipts.sql (4.1ms)
2026/09/09 01:11:09 OK   00078_idle_stage_worker_probe.sql (5.31ms)
2026/09/09 01:11:09 OK   00079_stage_job_expiry.sql (6.29ms)
2026/09/09 01:11:09 OK   00080_stage_scheduler_snapshot_lock_order.sql (3.14ms)
2026/09/09 01:11:09 OK   00081_stage_assignment_quorum.sql (1.66ms)
2026/09/09 01:11:09 OK   00082_stage_success_storage_completion.sql (3.12ms)
2026/09/09 01:11:09 OK   00083_capacity_observation_lifecycle.sql (3.99ms)
2026/09/09 01:11:09 OK   00084_blocked_stage_worker_probe.sql (4.12ms)
2026/09/09 01:11:09 OK   00085_stage_materialization_terminal_replay.sql (2.64ms)
2026/09/09 01:11:09 OK   00086_stage_failure_terminal_replay.sql (5.79ms)
2026/09/09 01:11:09 OK   00087_stage_claim_finalization_lock_order.sql (2.3ms)
2026/09/09 01:11:09 OK   00088_stage_allocation_execution_sequence.sql (4.34ms)
2026/09/09 01:11:09 OK   00089_stage_terminal_history.sql (7.77ms)
2026/09/09 01:11:10 OK   00090_stage_assignment_content_lifecycle.sql (18.2ms)
2026/09/09 01:11:10 OK   00091_worker_journal_bootstrap.sql (19.76ms)
2026/09/09 01:11:10 OK   00092_worker_bootstrap_history.sql (2.45ms)
2026/09/09 01:11:10 OK   00093_worker_bootstrap_nonzero_scopes.sql (1.19ms)
2026/09/09 01:11:10 OK   00094_worker_bootstrap_abandonment.sql (11.7ms)
2026/09/09 01:11:10 OK   00095_runtime_startup_reservation.sql (11.57ms)
2026/09/09 01:11:10 goose: successfully migrated database to version: 95
2026/09/09 01:11:10 OK   00095_runtime_startup_reservation.sql (6.33ms)
2026/09/09 01:11:10 OK   00094_worker_bootstrap_abandonment.sql (5.64ms)
2026/09/09 01:11:10 OK   00093_worker_bootstrap_nonzero_scopes.sql (1.64ms)
2026/09/09 01:11:10 OK   00092_worker_bootstrap_history.sql (1.43ms)
2026/09/09 01:11:10 goose: no migrations to run. current version: 91
2026/09/09 01:11:10 OK   00092_worker_bootstrap_history.sql (2.61ms)
2026/09/09 01:11:10 OK   00093_worker_bootstrap_nonzero_scopes.sql (1.45ms)
2026/09/09 01:11:10 OK   00094_worker_bootstrap_abandonment.sql (12.07ms)
2026/09/09 01:11:10 goose: successfully migrated database to version: 94
2026/09/09 01:11:10 🐳 Stopping container: 1d006698d639
2026/09/09 01:11:10 ✅ Container stopped: 1d006698d639
2026/09/09 01:11:10 🐳 Terminating container: 1d006698d639
2026/09/09 01:11:10 🚫 Container terminated: 1d006698d639
--- PASS: TestWorkerBootstrapHistoryIsReadOnlyAndPrincipalScoped (3.19s)
=== RUN   TestWorkerBootstrapMutualTLSBindsNodeAndPreservesLostResponses
=== RUN   TestWorkerBootstrapMutualTLSBindsNodeAndPreservesLostResponses/lost=
2026/09/09 01:11:10 🐳 Creating container for image postgres:17-alpine
2026/09/09 01:11:10 ✅ Container created: a109c73854c8
2026/09/09 01:11:10 🐳 Starting container: a109c73854c8
2026/09/09 01:11:10 ✅ Container started: a109c73854c8
2026/09/09 01:11:10 ⏳ Waiting for container id a109c73854c8 image: postgres:17-alpine. Waiting for: all of: [all of: [log message "database system is ready to accept connections" (occurrence: 2), port 5432/tcp to be mapped]]
2026/09/09 01:11:11 🔔 Container is ready: a109c73854c8
2026/09/09 01:11:11 OK   00001_foundation.sql (56.37ms)
2026/09/09 01:11:11 OK   00002_worker_assignment.sql (15.05ms)
2026/09/09 01:11:11 OK   00003_worker_start.sql (2.84ms)
2026/09/09 01:11:11 OK   00004_worker_heartbeat.sql (16.4ms)
2026/09/09 01:11:11 OK   00005_execution_failure.sql (15.03ms)
2026/09/09 01:11:11 OK   00006_customer_cancellation.sql (28.5ms)
2026/09/09 01:11:11 OK   00007_artifact_finalization.sql (32.86ms)
2026/09/09 01:11:11 OK   00008_hierarchical_scheduler.sql (51.14ms)
2026/09/09 01:11:11 OK   00009_invoice_export.sql (14.35ms)
2026/09/09 01:11:11 OK   00010_profile_certification_circuit.sql (21.52ms)
2026/09/09 01:11:11 OK   00011_project_webhooks.sql (36.31ms)
2026/09/09 01:11:11 OK   00012_human_oidc_fixed_rbac.sql (27.84ms)
2026/09/09 01:11:11 OK   00013_service_principal_administration.sql (16.22ms)
2026/09/09 01:11:11 OK   00014_human_membership_administration.sql (27.2ms)
2026/09/09 01:11:11 OK   00015_organization_reporting.sql (19.66ms)
2026/09/09 01:11:11 OK   00016_project_retention_content_deletion.sql (55.26ms)
2026/09/09 01:11:11 OK   00017_platform_operator_break_glass.sql (46.61ms)
2026/09/09 01:11:11 OK   00018_finance_reconciliation.sql (17.93ms)
2026/09/09 01:11:11 OK   00019_certified_remediation.sql (23.67ms)
2026/09/09 01:11:11 OK   00020_remediation_execution_claim.sql (6.6ms)
2026/09/09 01:11:11 OK   00021_remediation_execution_dispatch.sql (2.83ms)
2026/09/09 01:11:11 OK   00022_remediation_execution_claim_replay.sql (2.82ms)
2026/09/09 01:11:11 OK   00023_fleet_controller_worker_readiness.sql (69.03ms)
2026/09/09 01:11:11 OK   00024_staging_artifact_expiry.sql (4.2ms)
2026/09/09 01:11:11 OK   00025_scheduler_inbox_receipt.sql (2.67ms)
2026/09/09 01:11:11 OK   00026_synchronous_quorum_guard.sql (2.04ms)
2026/09/09 01:11:11 OK   00027_authorized_debug_dump_lifecycle.sql (49.16ms)
2026/09/09 01:11:11 OK   00028_off_cluster_backup_retention.sql (12.26ms)
2026/09/09 01:11:12 OK   00029_artifact_backup_replication.sql (11.55ms)
2026/09/09 01:11:12 OK   00030_non_content_legal_hold.sql (22.76ms)
2026/09/09 01:11:12 OK   00031_non_content_record_expiry.sql (65.98ms)
2026/09/09 01:11:12 OK   00032_catalog_promotion_production_gates.sql (32.86ms)
2026/09/09 01:11:12 OK   00033_statistical_slo_measurement.sql (26.32ms)
2026/09/09 01:11:12 OK   00034_stage_execution_catalog.sql (59.36ms)
2026/09/09 01:11:12 OK   00035_worker_instance_residency.sql (69.72ms)
2026/09/09 01:11:12 OK   00036_stage_attempt_authority.sql (91.76ms)
2026/09/09 01:11:12 OK   00037_stage_scheduler.sql (47.28ms)
2026/09/09 01:11:12 OK   00038_stage_artifact.sql (46.94ms)
2026/09/09 01:11:12 OK   00039_stage_worker_control_authority.sql (3.81ms)
2026/09/09 01:11:12 OK   00040_stage_worker_execution.sql (21.52ms)
2026/09/09 01:11:12 OK   00041_stage_worker_operations.sql (14.06ms)
2026/09/09 01:11:12 OK   00042_stage_worker_assignment.sql (15.47ms)
2026/09/09 01:11:12 OK   00043_stage_graph_finalization.sql (7.01ms)
2026/09/09 01:11:12 OK   00044_stage_cache.sql (29.9ms)
2026/09/09 01:11:12 OK   00045_stage_graph_finalization_outputs.sql (5.71ms)
2026/09/09 01:11:12 OK   00046_stage_graph_visible_completion.sql (6.86ms)
2026/09/09 01:11:12 OK   00047_usage_cost_ledger.sql (17.84ms)
2026/09/09 01:11:12 OK   00048_stage_run_output_binding.sql (15.08ms)
2026/09/09 01:11:12 OK   00049_stage_cutover_control.sql (54.28ms)
2026/09/09 01:11:12 OK   00050_stage_graph_instantiation_dispatch.sql (17.99ms)
2026/09/09 01:11:12 OK   00051_atomic_stage_graph_admission.sql (9.08ms)
2026/09/09 01:11:12 OK   00052_stage_cutover_zero_backlog_seal.sql (21.07ms)
2026/09/09 01:11:12 OK   00053_legacy_h3_guarded_contraction.sql (15.17ms)
2026/09/09 01:11:12 OK   00054_stage_transfer_consume_destination.sql (3.85ms)
2026/09/09 01:11:12 OK   00055_h3_campaign_evidence_reader.sql (4.15ms)
2026/09/09 01:11:12 OK   00056_stage_observability_reader.sql (1.11ms)
2026/09/09 01:11:12 OK   00057_legacy_h3_release_contraction_gate.sql (10.59ms)
2026/09/09 01:11:12 OK   00058_legacy_h3_schema_contraction.sql (174.41ms)
2026/09/09 01:11:12 OK   00059_model_runtime_epoch_registration.sql (19.53ms)
2026/09/09 01:11:12 OK   00060_model_runtime_gang_barrier.sql (17.53ms)
2026/09/09 01:11:12 OK   00061_stage_worker_gang_authority.sql (6.1ms)
2026/09/09 01:11:12 OK   00062_stage_authority_member_identity.sql (2.82ms)
2026/09/09 01:11:12 OK   00063_h3_execution_snapshot.sql (3.2ms)
2026/09/09 01:11:12 OK   00064_model_runtime_capacity_routes.sql (12.13ms)
2026/09/09 01:11:13 OK   00065_h3_exact_cache_reconciliation.sql (10.93ms)
2026/09/09 01:11:13 OK   00066_stage_worker_control_session_capacity.sql (22.89ms)
2026/09/09 01:11:13 OK   00067_stage_scheduler_project_capacity.sql (2.2ms)
2026/09/09 01:11:13 OK   00068_stage_assignment_connector_states.sql (1.91ms)
2026/09/09 01:11:13 OK   00069_stage_transfer_server_clock.sql (4.95ms)
2026/09/09 01:11:13 OK   00070_stage_lease_expiry_recovery.sql (11.24ms)
2026/09/09 01:11:13 OK   00071_stage_artifact_lifecycle.sql (17.59ms)
2026/09/09 01:11:13 OK   00072_recovery_quiescence.sql (13.57ms)
2026/09/09 01:11:13 OK   00073_stage_cache_downstream_bindings.sql (6.06ms)
2026/09/09 01:11:13 OK   00074_job_owned_public_artifact_copies.sql (3.4ms)
2026/09/09 01:11:13 OK   00075_stage_graph_failure_terminalization.sql (20.8ms)
2026/09/09 01:11:13 OK   00076_allocation_usage_unit.sql (1.03ms)
2026/09/09 01:11:13 OK   00077_runtime_usage_receipts.sql (4.21ms)
2026/09/09 01:11:13 OK   00078_idle_stage_worker_probe.sql (5.29ms)
2026/09/09 01:11:13 OK   00079_stage_job_expiry.sql (6.1ms)
2026/09/09 01:11:13 OK   00080_stage_scheduler_snapshot_lock_order.sql (3.19ms)
2026/09/09 01:11:13 OK   00081_stage_assignment_quorum.sql (1.56ms)
2026/09/09 01:11:13 OK   00082_stage_success_storage_completion.sql (3.35ms)
2026/09/09 01:11:13 OK   00083_capacity_observation_lifecycle.sql (4.27ms)
2026/09/09 01:11:13 OK   00084_blocked_stage_worker_probe.sql (4.13ms)
2026/09/09 01:11:13 OK   00085_stage_materialization_terminal_replay.sql (2.77ms)
2026/09/09 01:11:13 OK   00086_stage_failure_terminal_replay.sql (5.96ms)
2026/09/09 01:11:13 OK   00087_stage_claim_finalization_lock_order.sql (2.31ms)
2026/09/09 01:11:13 OK   00088_stage_allocation_execution_sequence.sql (4.47ms)
2026/09/09 01:11:13 OK   00089_stage_terminal_history.sql (7.8ms)
2026/09/09 01:11:13 OK   00090_stage_assignment_content_lifecycle.sql (18.12ms)
2026/09/09 01:11:13 OK   00091_worker_journal_bootstrap.sql (18.21ms)
2026/09/09 01:11:13 OK   00092_worker_bootstrap_history.sql (2.75ms)
2026/09/09 01:11:13 OK   00093_worker_bootstrap_nonzero_scopes.sql (1.22ms)
2026/09/09 01:11:13 OK   00094_worker_bootstrap_abandonment.sql (10.61ms)
2026/09/09 01:11:13 OK   00095_runtime_startup_reservation.sql (12.56ms)
2026/09/09 01:11:13 goose: successfully migrated database to version: 95
2026/09/09 01:11:14 🐳 Stopping container: a109c73854c8
2026/09/09 01:11:14 ✅ Container stopped: a109c73854c8
2026/09/09 01:11:14 🐳 Terminating container: a109c73854c8
2026/09/09 01:11:14 🚫 Container terminated: a109c73854c8
=== RUN   TestWorkerBootstrapMutualTLSBindsNodeAndPreservesLostResponses/lost=/vela.v1.FleetMaintenanceService/ClaimWorkerBootstrap
2026/09/09 01:11:14 🐳 Creating container for image postgres:17-alpine
2026/09/09 01:11:14 ✅ Container created: f4d3ac9c0b5b
2026/09/09 01:11:14 🐳 Starting container: f4d3ac9c0b5b
2026/09/09 01:11:14 ✅ Container started: f4d3ac9c0b5b
2026/09/09 01:11:14 ⏳ Waiting for container id f4d3ac9c0b5b image: postgres:17-alpine. Waiting for: all of: [all of: [log message "database system is ready to accept connections" (occurrence: 2), port 5432/tcp to be mapped]]
2026/09/09 01:11:15 🔔 Container is ready: f4d3ac9c0b5b
2026/09/09 01:11:15 OK   00001_foundation.sql (58.33ms)
2026/09/09 01:11:15 OK   00002_worker_assignment.sql (14.33ms)
2026/09/09 01:11:15 OK   00003_worker_start.sql (2.47ms)
2026/09/09 01:11:15 OK   00004_worker_heartbeat.sql (15.31ms)
2026/09/09 01:11:15 OK   00005_execution_failure.sql (14.02ms)
2026/09/09 01:11:15 OK   00006_customer_cancellation.sql (30.03ms)
2026/09/09 01:11:15 OK   00007_artifact_finalization.sql (32.58ms)
2026/09/09 01:11:15 OK   00008_hierarchical_scheduler.sql (50.95ms)
2026/09/09 01:11:15 OK   00009_invoice_export.sql (13.67ms)
2026/09/09 01:11:15 OK   00010_profile_certification_circuit.sql (21.86ms)
2026/09/09 01:11:15 OK   00011_project_webhooks.sql (36.55ms)
2026/09/09 01:11:15 OK   00012_human_oidc_fixed_rbac.sql (26.48ms)
2026/09/09 01:11:15 OK   00013_service_principal_administration.sql (15.7ms)
2026/09/09 01:11:15 OK   00014_human_membership_administration.sql (28.66ms)
2026/09/09 01:11:15 OK   00015_organization_reporting.sql (18.43ms)
2026/09/09 01:11:15 OK   00016_project_retention_content_deletion.sql (53.37ms)
2026/09/09 01:11:15 OK   00017_platform_operator_break_glass.sql (37.39ms)
2026/09/09 01:11:15 OK   00018_finance_reconciliation.sql (17.61ms)
2026/09/09 01:11:15 OK   00019_certified_remediation.sql (23.91ms)
2026/09/09 01:11:15 OK   00020_remediation_execution_claim.sql (5.6ms)
2026/09/09 01:11:15 OK   00021_remediation_execution_dispatch.sql (2.39ms)
2026/09/09 01:11:15 OK   00022_remediation_execution_claim_replay.sql (2.24ms)
2026/09/09 01:11:15 OK   00023_fleet_controller_worker_readiness.sql (69.57ms)
2026/09/09 01:11:15 OK   00024_staging_artifact_expiry.sql (4.05ms)
2026/09/09 01:11:15 OK   00025_scheduler_inbox_receipt.sql (2.57ms)
2026/09/09 01:11:15 OK   00026_synchronous_quorum_guard.sql (1.85ms)
2026/09/09 01:11:15 OK   00027_authorized_debug_dump_lifecycle.sql (49.86ms)
2026/09/09 01:11:15 OK   00028_off_cluster_backup_retention.sql (12.27ms)
2026/09/09 01:11:15 OK   00029_artifact_backup_replication.sql (11.28ms)
2026/09/09 01:11:15 OK   00030_non_content_legal_hold.sql (22.77ms)
2026/09/09 01:11:15 OK   00031_non_content_record_expiry.sql (68.11ms)
2026/09/09 01:11:15 OK   00032_catalog_promotion_production_gates.sql (36.03ms)
2026/09/09 01:11:16 OK   00033_statistical_slo_measurement.sql (26.55ms)
2026/09/09 01:11:16 OK   00034_stage_execution_catalog.sql (60.68ms)
2026/09/09 01:11:16 OK   00035_worker_instance_residency.sql (72.91ms)
2026/09/09 01:11:16 OK   00036_stage_attempt_authority.sql (92.83ms)
2026/09/09 01:11:16 OK   00037_stage_scheduler.sql (50.97ms)
2026/09/09 01:11:16 OK   00038_stage_artifact.sql (51.12ms)
2026/09/09 01:11:16 OK   00039_stage_worker_control_authority.sql (3.71ms)
2026/09/09 01:11:16 OK   00040_stage_worker_execution.sql (22.05ms)
2026/09/09 01:11:16 OK   00041_stage_worker_operations.sql (14.75ms)
2026/09/09 01:11:16 OK   00042_stage_worker_assignment.sql (15.59ms)
2026/09/09 01:11:16 OK   00043_stage_graph_finalization.sql (6.76ms)
2026/09/09 01:11:16 OK   00044_stage_cache.sql (31.1ms)
2026/09/09 01:11:16 OK   00045_stage_graph_finalization_outputs.sql (5.54ms)
2026/09/09 01:11:16 OK   00046_stage_graph_visible_completion.sql (6.97ms)
2026/09/09 01:11:16 OK   00047_usage_cost_ledger.sql (18.13ms)
2026/09/09 01:11:16 OK   00048_stage_run_output_binding.sql (15.06ms)
2026/09/09 01:11:16 OK   00049_stage_cutover_control.sql (59.16ms)
2026/09/09 01:11:16 OK   00050_stage_graph_instantiation_dispatch.sql (19.42ms)
2026/09/09 01:11:16 OK   00051_atomic_stage_graph_admission.sql (8.98ms)
2026/09/09 01:11:16 OK   00052_stage_cutover_zero_backlog_seal.sql (21.09ms)
2026/09/09 01:11:16 OK   00053_legacy_h3_guarded_contraction.sql (15.27ms)
2026/09/09 01:11:16 OK   00054_stage_transfer_consume_destination.sql (3.47ms)
2026/09/09 01:11:16 OK   00055_h3_campaign_evidence_reader.sql (3.83ms)
2026/09/09 01:11:16 OK   00056_stage_observability_reader.sql (926µs)
2026/09/09 01:11:16 OK   00057_legacy_h3_release_contraction_gate.sql (10.09ms)
2026/09/09 01:11:16 OK   00058_legacy_h3_schema_contraction.sql (164.76ms)
2026/09/09 01:11:16 OK   00059_model_runtime_epoch_registration.sql (21.38ms)
2026/09/09 01:11:16 OK   00060_model_runtime_gang_barrier.sql (19.49ms)
2026/09/09 01:11:16 OK   00061_stage_worker_gang_authority.sql (6.38ms)
2026/09/09 01:11:16 OK   00062_stage_authority_member_identity.sql (2.94ms)
2026/09/09 01:11:16 OK   00063_h3_execution_snapshot.sql (3.52ms)
2026/09/09 01:11:16 OK   00064_model_runtime_capacity_routes.sql (12.8ms)
2026/09/09 01:11:16 OK   00065_h3_exact_cache_reconciliation.sql (11.32ms)
2026/09/09 01:11:16 OK   00066_stage_worker_control_session_capacity.sql (26.77ms)
2026/09/09 01:11:16 OK   00067_stage_scheduler_project_capacity.sql (2.14ms)
2026/09/09 01:11:16 OK   00068_stage_assignment_connector_states.sql (1.91ms)
2026/09/09 01:11:16 OK   00069_stage_transfer_server_clock.sql (5.4ms)
2026/09/09 01:11:16 OK   00070_stage_lease_expiry_recovery.sql (11.86ms)
2026/09/09 01:11:16 OK   00071_stage_artifact_lifecycle.sql (18.97ms)
2026/09/09 01:11:16 OK   00072_recovery_quiescence.sql (13.39ms)
2026/09/09 01:11:16 OK   00073_stage_cache_downstream_bindings.sql (5.78ms)
2026/09/09 01:11:16 OK   00074_job_owned_public_artifact_copies.sql (3.26ms)
2026/09/09 01:11:16 OK   00075_stage_graph_failure_terminalization.sql (20.85ms)
2026/09/09 01:11:16 OK   00076_allocation_usage_unit.sql (889.58µs)
2026/09/09 01:11:17 OK   00077_runtime_usage_receipts.sql (3.97ms)
2026/09/09 01:11:17 OK   00078_idle_stage_worker_probe.sql (5.47ms)
2026/09/09 01:11:17 OK   00079_stage_job_expiry.sql (6.46ms)
2026/09/09 01:11:17 OK   00080_stage_scheduler_snapshot_lock_order.sql (3.14ms)
2026/09/09 01:11:17 OK   00081_stage_assignment_quorum.sql (1.55ms)
2026/09/09 01:11:17 OK   00082_stage_success_storage_completion.sql (3.08ms)
2026/09/09 01:11:17 OK   00083_capacity_observation_lifecycle.sql (4.65ms)
2026/09/09 01:11:17 OK   00084_blocked_stage_worker_probe.sql (4.18ms)
2026/09/09 01:11:17 OK   00085_stage_materialization_terminal_replay.sql (2.71ms)
2026/09/09 01:11:17 OK   00086_stage_failure_terminal_replay.sql (6.18ms)
2026/09/09 01:11:17 OK   00087_stage_claim_finalization_lock_order.sql (2.36ms)
2026/09/09 01:11:17 OK   00088_stage_allocation_execution_sequence.sql (4.34ms)
2026/09/09 01:11:17 OK   00089_stage_terminal_history.sql (8.54ms)
2026/09/09 01:11:17 OK   00090_stage_assignment_content_lifecycle.sql (19.76ms)
2026/09/09 01:11:17 OK   00091_worker_journal_bootstrap.sql (19.23ms)
2026/09/09 01:11:17 OK   00092_worker_bootstrap_history.sql (2.27ms)
2026/09/09 01:11:17 OK   00093_worker_bootstrap_nonzero_scopes.sql (1.32ms)
2026/09/09 01:11:17 OK   00094_worker_bootstrap_abandonment.sql (11.16ms)
2026/09/09 01:11:17 OK   00095_runtime_startup_reservation.sql (12.38ms)
2026/09/09 01:11:17 goose: successfully migrated database to version: 95
2026/09/09 01:11:17 🐳 Stopping container: f4d3ac9c0b5b
2026/09/09 01:11:17 ✅ Container stopped: f4d3ac9c0b5b
2026/09/09 01:11:17 🐳 Terminating container: f4d3ac9c0b5b
2026/09/09 01:11:17 🚫 Container terminated: f4d3ac9c0b5b
=== RUN   TestWorkerBootstrapMutualTLSBindsNodeAndPreservesLostResponses/lost=/vela.v1.FleetMaintenanceService/RecordWorkerBootstrapReceipt
2026/09/09 01:11:17 🐳 Creating container for image postgres:17-alpine
2026/09/09 01:11:18 ✅ Container created: d7347efcf0ef
2026/09/09 01:11:18 🐳 Starting container: d7347efcf0ef
2026/09/09 01:11:18 ✅ Container started: d7347efcf0ef
2026/09/09 01:11:18 ⏳ Waiting for container id d7347efcf0ef image: postgres:17-alpine. Waiting for: all of: [all of: [log message "database system is ready to accept connections" (occurrence: 2), port 5432/tcp to be mapped]]
2026/09/09 01:11:18 🔔 Container is ready: d7347efcf0ef
2026/09/09 01:11:18 OK   00001_foundation.sql (80.96ms)
2026/09/09 01:11:18 OK   00002_worker_assignment.sql (16.16ms)
2026/09/09 01:11:18 OK   00003_worker_start.sql (3.35ms)
2026/09/09 01:11:18 OK   00004_worker_heartbeat.sql (17.1ms)
2026/09/09 01:11:18 OK   00005_execution_failure.sql (15.31ms)
2026/09/09 01:11:18 OK   00006_customer_cancellation.sql (34.05ms)
2026/09/09 01:11:19 OK   00007_artifact_finalization.sql (35.72ms)
2026/09/09 01:11:19 OK   00008_hierarchical_scheduler.sql (54.27ms)
2026/09/09 01:11:19 OK   00009_invoice_export.sql (13.82ms)
2026/09/09 01:11:19 OK   00010_profile_certification_circuit.sql (21.52ms)
2026/09/09 01:11:19 OK   00011_project_webhooks.sql (36.98ms)
2026/09/09 01:11:19 OK   00012_human_oidc_fixed_rbac.sql (27.11ms)
2026/09/09 01:11:19 OK   00013_service_principal_administration.sql (16.44ms)
2026/09/09 01:11:19 OK   00014_human_membership_administration.sql (29.28ms)
2026/09/09 01:11:19 OK   00015_organization_reporting.sql (19.95ms)
2026/09/09 01:11:19 OK   00016_project_retention_content_deletion.sql (54.79ms)
2026/09/09 01:11:19 OK   00017_platform_operator_break_glass.sql (37.23ms)
2026/09/09 01:11:19 OK   00018_finance_reconciliation.sql (17.13ms)
2026/09/09 01:11:19 OK   00019_certified_remediation.sql (23.55ms)
2026/09/09 01:11:19 OK   00020_remediation_execution_claim.sql (5.45ms)
2026/09/09 01:11:19 OK   00021_remediation_execution_dispatch.sql (2.38ms)
2026/09/09 01:11:19 OK   00022_remediation_execution_claim_replay.sql (2.23ms)
2026/09/09 01:11:19 OK   00023_fleet_controller_worker_readiness.sql (68.94ms)
2026/09/09 01:11:19 OK   00024_staging_artifact_expiry.sql (3.64ms)
2026/09/09 01:11:19 OK   00025_scheduler_inbox_receipt.sql (2.29ms)
2026/09/09 01:11:19 OK   00026_synchronous_quorum_guard.sql (1.67ms)
2026/09/09 01:11:19 OK   00027_authorized_debug_dump_lifecycle.sql (49.98ms)
2026/09/09 01:11:19 OK   00028_off_cluster_backup_retention.sql (12.22ms)
2026/09/09 01:11:19 OK   00029_artifact_backup_replication.sql (11.42ms)
2026/09/09 01:11:19 OK   00030_non_content_legal_hold.sql (22.57ms)
2026/09/09 01:11:19 OK   00031_non_content_record_expiry.sql (65.33ms)
2026/09/09 01:11:19 OK   00032_catalog_promotion_production_gates.sql (34.21ms)
2026/09/09 01:11:19 OK   00033_statistical_slo_measurement.sql (26.75ms)
2026/09/09 01:11:19 OK   00034_stage_execution_catalog.sql (58.59ms)
2026/09/09 01:11:19 OK   00035_worker_instance_residency.sql (67.11ms)
2026/09/09 01:11:19 OK   00036_stage_attempt_authority.sql (94.27ms)
2026/09/09 01:11:19 OK   00037_stage_scheduler.sql (47.81ms)
2026/09/09 01:11:20 OK   00038_stage_artifact.sql (48.61ms)
2026/09/09 01:11:20 OK   00039_stage_worker_control_authority.sql (3.38ms)
2026/09/09 01:11:20 OK   00040_stage_worker_execution.sql (21.6ms)
2026/09/09 01:11:20 OK   00041_stage_worker_operations.sql (14.47ms)
2026/09/09 01:11:20 OK   00042_stage_worker_assignment.sql (15.78ms)
2026/09/09 01:11:20 OK   00043_stage_graph_finalization.sql (6.97ms)
2026/09/09 01:11:20 OK   00044_stage_cache.sql (32.1ms)
2026/09/09 01:11:20 OK   00045_stage_graph_finalization_outputs.sql (5.3ms)
2026/09/09 01:11:20 OK   00046_stage_graph_visible_completion.sql (6.6ms)
2026/09/09 01:11:20 OK   00047_usage_cost_ledger.sql (18.17ms)
2026/09/09 01:11:20 OK   00048_stage_run_output_binding.sql (14.75ms)
2026/09/09 01:11:20 OK   00049_stage_cutover_control.sql (59.51ms)
2026/09/09 01:11:20 OK   00050_stage_graph_instantiation_dispatch.sql (18.05ms)
2026/09/09 01:11:20 OK   00051_atomic_stage_graph_admission.sql (8.61ms)
2026/09/09 01:11:20 OK   00052_stage_cutover_zero_backlog_seal.sql (19.8ms)
2026/09/09 01:11:20 OK   00053_legacy_h3_guarded_contraction.sql (14.81ms)
2026/09/09 01:11:20 OK   00054_stage_transfer_consume_destination.sql (3.47ms)
2026/09/09 01:11:20 OK   00055_h3_campaign_evidence_reader.sql (3.74ms)
2026/09/09 01:11:20 OK   00056_stage_observability_reader.sql (909.58µs)
2026/09/09 01:11:20 OK   00057_legacy_h3_release_contraction_gate.sql (9.73ms)
2026/09/09 01:11:20 OK   00058_legacy_h3_schema_contraction.sql (165.27ms)
2026/09/09 01:11:20 OK   00059_model_runtime_epoch_registration.sql (22.11ms)
2026/09/09 01:11:20 OK   00060_model_runtime_gang_barrier.sql (17.18ms)
2026/09/09 01:11:20 OK   00061_stage_worker_gang_authority.sql (6.02ms)
2026/09/09 01:11:20 OK   00062_stage_authority_member_identity.sql (2.54ms)
2026/09/09 01:11:20 OK   00063_h3_execution_snapshot.sql (3.09ms)
2026/09/09 01:11:20 OK   00064_model_runtime_capacity_routes.sql (11.68ms)
2026/09/09 01:11:20 OK   00065_h3_exact_cache_reconciliation.sql (10.94ms)
2026/09/09 01:11:20 OK   00066_stage_worker_control_session_capacity.sql (25.73ms)
2026/09/09 01:11:20 OK   00067_stage_scheduler_project_capacity.sql (2.11ms)
2026/09/09 01:11:20 OK   00068_stage_assignment_connector_states.sql (1.75ms)
2026/09/09 01:11:20 OK   00069_stage_transfer_server_clock.sql (5ms)
2026/09/09 01:11:20 OK   00070_stage_lease_expiry_recovery.sql (11.62ms)
2026/09/09 01:11:20 OK   00071_stage_artifact_lifecycle.sql (18.41ms)
2026/09/09 01:11:20 OK   00072_recovery_quiescence.sql (13.06ms)
2026/09/09 01:11:20 OK   00073_stage_cache_downstream_bindings.sql (5.83ms)
2026/09/09 01:11:20 OK   00074_job_owned_public_artifact_copies.sql (3.29ms)
2026/09/09 01:11:20 OK   00075_stage_graph_failure_terminalization.sql (20.45ms)
2026/09/09 01:11:20 OK   00076_allocation_usage_unit.sql (873.96µs)
2026/09/09 01:11:20 OK   00077_runtime_usage_receipts.sql (4.42ms)
2026/09/09 01:11:20 OK   00078_idle_stage_worker_probe.sql (5.31ms)
2026/09/09 01:11:20 OK   00079_stage_job_expiry.sql (6.54ms)
2026/09/09 01:11:20 OK   00080_stage_scheduler_snapshot_lock_order.sql (3.55ms)
2026/09/09 01:11:20 OK   00081_stage_assignment_quorum.sql (1.51ms)
2026/09/09 01:11:20 OK   00082_stage_success_storage_completion.sql (3.17ms)
2026/09/09 01:11:20 OK   00083_capacity_observation_lifecycle.sql (4.58ms)
2026/09/09 01:11:20 OK   00084_blocked_stage_worker_probe.sql (4.15ms)
2026/09/09 01:11:20 OK   00085_stage_materialization_terminal_replay.sql (2.6ms)
2026/09/09 01:11:20 OK   00086_stage_failure_terminal_replay.sql (6.01ms)
2026/09/09 01:11:20 OK   00087_stage_claim_finalization_lock_order.sql (2.24ms)
2026/09/09 01:11:20 OK   00088_stage_allocation_execution_sequence.sql (4.32ms)
2026/09/09 01:11:20 OK   00089_stage_terminal_history.sql (8.16ms)
2026/09/09 01:11:20 OK   00090_stage_assignment_content_lifecycle.sql (19.47ms)
2026/09/09 01:11:20 OK   00091_worker_journal_bootstrap.sql (19.47ms)
2026/09/09 01:11:20 OK   00092_worker_bootstrap_history.sql (2.37ms)
2026/09/09 01:11:20 OK   00093_worker_bootstrap_nonzero_scopes.sql (1.19ms)
2026/09/09 01:11:20 OK   00094_worker_bootstrap_abandonment.sql (11.44ms)
2026/09/09 01:11:20 OK   00095_runtime_startup_reservation.sql (11.91ms)
2026/09/09 01:11:20 goose: successfully migrated database to version: 95
2026/09/09 01:11:21 🐳 Stopping container: d7347efcf0ef
2026/09/09 01:11:21 ✅ Container stopped: d7347efcf0ef
2026/09/09 01:11:21 🐳 Terminating container: d7347efcf0ef
2026/09/09 01:11:21 🚫 Container terminated: d7347efcf0ef
--- PASS: TestWorkerBootstrapMutualTLSBindsNodeAndPreservesLostResponses (11.29s)
    --- PASS: TestWorkerBootstrapMutualTLSBindsNodeAndPreservesLostResponses/lost= (3.86s)
    --- PASS: TestWorkerBootstrapMutualTLSBindsNodeAndPreservesLostResponses/lost=/vela.v1.FleetMaintenanceService/ClaimWorkerBootstrap (3.61s)
    --- PASS: TestWorkerBootstrapMutualTLSBindsNodeAndPreservesLostResponses/lost=/vela.v1.FleetMaintenanceService/RecordWorkerBootstrapReceipt (3.82s)
PASS
ok  	github.com/vivym/vela/internal/integration	63.939s
