=== RUN   TestRecoveryGateDrainReplayAndAdmissionReopen
2026/09/09 00:49:20 github.com/testcontainers/testcontainers-go - Connected to docker: 
  Server Version: 28.3.2
  API Version: 1.51
  Operating System: Docker Desktop
  Total Memory: 32044 MB
  Labels:
    com.docker.desktop.address=unix:///Users/viv/Library/Containers/com.docker.docker/Data/docker-cli.sock
  Testcontainers for Go Version: v0.44.0
  Resolved Docker Host: unix:///var/run/docker.sock
  Resolved Docker Socket Path: /var/run/docker.sock
  Test SessionID: ea60c20337e6ccd0790e64d79556e81e192b511a44403dbd08ffc5059194b1f9
  Test ProcessID: 0b563d65-8c9f-42f4-bd55-b1ab819119cf
2026/09/09 00:49:20 🐳 Creating container for image postgres:17-alpine
2026/09/09 00:49:20 🐳 Creating container for image testcontainers/ryuk:0.14.0
2026/09/09 00:49:20 ✅ Container created: e01eed8941ff
2026/09/09 00:49:20 🐳 Starting container: e01eed8941ff
2026/09/09 00:49:20 ✅ Container started: e01eed8941ff
2026/09/09 00:49:20 ⏳ Waiting for container id e01eed8941ff image: testcontainers/ryuk:0.14.0. Waiting for: all of: [log message "Started", port 8080/tcp to be listening]
2026/09/09 00:49:20 Shell not found in container
2026/09/09 00:49:20 🔔 Container is ready: e01eed8941ff
2026/09/09 00:49:20 ✅ Container created: e5409ddfb51e
2026/09/09 00:49:20 🐳 Starting container: e5409ddfb51e
2026/09/09 00:49:20 ✅ Container started: e5409ddfb51e
2026/09/09 00:49:20 ⏳ Waiting for container id e5409ddfb51e image: postgres:17-alpine. Waiting for: all of: [all of: [log message "database system is ready to accept connections" (occurrence: 2), port 5432/tcp to be mapped]]
2026/09/09 00:49:21 🔔 Container is ready: e5409ddfb51e
2026/09/09 00:49:21 OK   00001_foundation.sql (77.42ms)
2026/09/09 00:49:21 OK   00002_worker_assignment.sql (16.67ms)
2026/09/09 00:49:21 OK   00003_worker_start.sql (2.61ms)
2026/09/09 00:49:21 OK   00004_worker_heartbeat.sql (16.65ms)
2026/09/09 00:49:21 OK   00005_execution_failure.sql (18.43ms)
2026/09/09 00:49:21 OK   00006_customer_cancellation.sql (33.35ms)
2026/09/09 00:49:21 OK   00007_artifact_finalization.sql (34ms)
2026/09/09 00:49:21 OK   00008_hierarchical_scheduler.sql (53.62ms)
2026/09/09 00:49:21 OK   00009_invoice_export.sql (14.02ms)
2026/09/09 00:49:21 OK   00010_profile_certification_circuit.sql (20.93ms)
2026/09/09 00:49:21 OK   00011_project_webhooks.sql (35.96ms)
2026/09/09 00:49:21 OK   00012_human_oidc_fixed_rbac.sql (27.12ms)
2026/09/09 00:49:21 OK   00013_service_principal_administration.sql (17.32ms)
2026/09/09 00:49:21 OK   00014_human_membership_administration.sql (30.13ms)
2026/09/09 00:49:22 OK   00015_organization_reporting.sql (18.86ms)
2026/09/09 00:49:22 OK   00016_project_retention_content_deletion.sql (55.1ms)
2026/09/09 00:49:22 OK   00017_platform_operator_break_glass.sql (36.13ms)
2026/09/09 00:49:22 OK   00018_finance_reconciliation.sql (17.24ms)
2026/09/09 00:49:22 OK   00019_certified_remediation.sql (23.71ms)
2026/09/09 00:49:22 OK   00020_remediation_execution_claim.sql (5.43ms)
2026/09/09 00:49:22 OK   00021_remediation_execution_dispatch.sql (2.36ms)
2026/09/09 00:49:22 OK   00022_remediation_execution_claim_replay.sql (2.25ms)
2026/09/09 00:49:22 OK   00023_fleet_controller_worker_readiness.sql (66.81ms)
2026/09/09 00:49:22 OK   00024_staging_artifact_expiry.sql (3.75ms)
2026/09/09 00:49:22 OK   00025_scheduler_inbox_receipt.sql (2.53ms)
2026/09/09 00:49:22 OK   00026_synchronous_quorum_guard.sql (1.81ms)
2026/09/09 00:49:22 OK   00027_authorized_debug_dump_lifecycle.sql (49.15ms)
2026/09/09 00:49:22 OK   00028_off_cluster_backup_retention.sql (12.22ms)
2026/09/09 00:49:22 OK   00029_artifact_backup_replication.sql (11.38ms)
2026/09/09 00:49:22 OK   00030_non_content_legal_hold.sql (23.39ms)
2026/09/09 00:49:22 OK   00031_non_content_record_expiry.sql (65.73ms)
2026/09/09 00:49:22 OK   00032_catalog_promotion_production_gates.sql (35.01ms)
2026/09/09 00:49:22 OK   00033_statistical_slo_measurement.sql (27.62ms)
2026/09/09 00:49:22 OK   00034_stage_execution_catalog.sql (60.39ms)
2026/09/09 00:49:22 OK   00035_worker_instance_residency.sql (68.2ms)
2026/09/09 00:49:22 OK   00036_stage_attempt_authority.sql (93.97ms)
2026/09/09 00:49:22 OK   00037_stage_scheduler.sql (48.14ms)
2026/09/09 00:49:22 OK   00038_stage_artifact.sql (46.84ms)
2026/09/09 00:49:22 OK   00039_stage_worker_control_authority.sql (3.5ms)
2026/09/09 00:49:22 OK   00040_stage_worker_execution.sql (21.26ms)
2026/09/09 00:49:22 OK   00041_stage_worker_operations.sql (14.43ms)
2026/09/09 00:49:22 OK   00042_stage_worker_assignment.sql (15.91ms)
2026/09/09 00:49:22 OK   00043_stage_graph_finalization.sql (6.91ms)
2026/09/09 00:49:22 OK   00044_stage_cache.sql (31.49ms)
2026/09/09 00:49:22 OK   00045_stage_graph_finalization_outputs.sql (5.09ms)
2026/09/09 00:49:22 OK   00046_stage_graph_visible_completion.sql (6.46ms)
2026/09/09 00:49:22 OK   00047_usage_cost_ledger.sql (17.76ms)
2026/09/09 00:49:22 OK   00048_stage_run_output_binding.sql (14.77ms)
2026/09/09 00:49:22 OK   00049_stage_cutover_control.sql (57.37ms)
2026/09/09 00:49:23 OK   00050_stage_graph_instantiation_dispatch.sql (18.56ms)
2026/09/09 00:49:23 OK   00051_atomic_stage_graph_admission.sql (9.2ms)
2026/09/09 00:49:23 OK   00052_stage_cutover_zero_backlog_seal.sql (20.3ms)
2026/09/09 00:49:23 OK   00053_legacy_h3_guarded_contraction.sql (15.21ms)
2026/09/09 00:49:23 OK   00054_stage_transfer_consume_destination.sql (3.31ms)
2026/09/09 00:49:23 OK   00055_h3_campaign_evidence_reader.sql (3.7ms)
2026/09/09 00:49:23 OK   00056_stage_observability_reader.sql (891.29µs)
2026/09/09 00:49:23 OK   00057_legacy_h3_release_contraction_gate.sql (10.34ms)
2026/09/09 00:49:23 OK   00058_legacy_h3_schema_contraction.sql (158.79ms)
2026/09/09 00:49:23 OK   00059_model_runtime_epoch_registration.sql (20.31ms)
2026/09/09 00:49:23 OK   00060_model_runtime_gang_barrier.sql (20.12ms)
2026/09/09 00:49:23 OK   00061_stage_worker_gang_authority.sql (6.19ms)
2026/09/09 00:49:23 OK   00062_stage_authority_member_identity.sql (3.02ms)
2026/09/09 00:49:23 OK   00063_h3_execution_snapshot.sql (3.37ms)
2026/09/09 00:49:23 OK   00064_model_runtime_capacity_routes.sql (12.48ms)
2026/09/09 00:49:23 OK   00065_h3_exact_cache_reconciliation.sql (11.74ms)
2026/09/09 00:49:23 OK   00066_stage_worker_control_session_capacity.sql (26.21ms)
2026/09/09 00:49:23 OK   00067_stage_scheduler_project_capacity.sql (2.15ms)
2026/09/09 00:49:23 OK   00068_stage_assignment_connector_states.sql (1.89ms)
2026/09/09 00:49:23 OK   00069_stage_transfer_server_clock.sql (5.23ms)
2026/09/09 00:49:23 OK   00070_stage_lease_expiry_recovery.sql (12.03ms)
2026/09/09 00:49:23 OK   00071_stage_artifact_lifecycle.sql (19.7ms)
2026/09/09 00:49:23 OK   00072_recovery_quiescence.sql (13.75ms)
2026/09/09 00:49:23 OK   00073_stage_cache_downstream_bindings.sql (5.9ms)
2026/09/09 00:49:23 OK   00074_job_owned_public_artifact_copies.sql (3.37ms)
2026/09/09 00:49:23 OK   00075_stage_graph_failure_terminalization.sql (21.11ms)
2026/09/09 00:49:23 OK   00076_allocation_usage_unit.sql (864.79µs)
2026/09/09 00:49:23 OK   00077_runtime_usage_receipts.sql (3.95ms)
2026/09/09 00:49:23 OK   00078_idle_stage_worker_probe.sql (5.67ms)
2026/09/09 00:49:23 OK   00079_stage_job_expiry.sql (6.42ms)
2026/09/09 00:49:23 OK   00080_stage_scheduler_snapshot_lock_order.sql (3.11ms)
2026/09/09 00:49:23 OK   00081_stage_assignment_quorum.sql (1.54ms)
2026/09/09 00:49:23 OK   00082_stage_success_storage_completion.sql (3.25ms)
2026/09/09 00:49:23 OK   00083_capacity_observation_lifecycle.sql (4.66ms)
2026/09/09 00:49:23 OK   00084_blocked_stage_worker_probe.sql (4.25ms)
2026/09/09 00:49:23 OK   00085_stage_materialization_terminal_replay.sql (2.65ms)
2026/09/09 00:49:23 OK   00086_stage_failure_terminal_replay.sql (6.07ms)
2026/09/09 00:49:23 OK   00087_stage_claim_finalization_lock_order.sql (2.35ms)
2026/09/09 00:49:23 OK   00088_stage_allocation_execution_sequence.sql (4.49ms)
2026/09/09 00:49:23 OK   00089_stage_terminal_history.sql (8.52ms)
2026/09/09 00:49:23 OK   00090_stage_assignment_content_lifecycle.sql (20.09ms)
2026/09/09 00:49:23 OK   00091_worker_journal_bootstrap.sql (19.33ms)
2026/09/09 00:49:23 OK   00092_worker_bootstrap_history.sql (2.31ms)
2026/09/09 00:49:23 OK   00093_worker_bootstrap_nonzero_scopes.sql (1.17ms)
2026/09/09 00:49:23 OK   00094_worker_bootstrap_abandonment.sql (11.36ms)
2026/09/09 00:49:23 OK   00095_runtime_startup_reservation.sql (11.81ms)
2026/09/09 00:49:23 goose: successfully migrated database to version: 95
2026/09/09 00:49:24 🐳 Stopping container: e5409ddfb51e
2026/09/09 00:49:24 ✅ Container stopped: e5409ddfb51e
2026/09/09 00:49:24 🐳 Terminating container: e5409ddfb51e
2026/09/09 00:49:24 🚫 Container terminated: e5409ddfb51e
--- PASS: TestRecoveryGateDrainReplayAndAdmissionReopen (4.12s)
=== RUN   TestRecoveryGateCloseWaitsForInflightAdmissionGuard
2026/09/09 00:49:24 🐳 Creating container for image postgres:17-alpine
2026/09/09 00:49:24 ✅ Container created: 1f67acc6f265
2026/09/09 00:49:24 🐳 Starting container: 1f67acc6f265
2026/09/09 00:49:24 ✅ Container started: 1f67acc6f265
2026/09/09 00:49:24 ⏳ Waiting for container id 1f67acc6f265 image: postgres:17-alpine. Waiting for: all of: [all of: [log message "database system is ready to accept connections" (occurrence: 2), port 5432/tcp to be mapped]]
2026/09/09 00:49:25 🔔 Container is ready: 1f67acc6f265
2026/09/09 00:49:25 OK   00001_foundation.sql (74ms)
2026/09/09 00:49:25 OK   00002_worker_assignment.sql (16.43ms)
2026/09/09 00:49:25 OK   00003_worker_start.sql (2.78ms)
2026/09/09 00:49:25 OK   00004_worker_heartbeat.sql (17.2ms)
2026/09/09 00:49:25 OK   00005_execution_failure.sql (16.02ms)
2026/09/09 00:49:25 OK   00006_customer_cancellation.sql (35.55ms)
2026/09/09 00:49:25 OK   00007_artifact_finalization.sql (34.99ms)
2026/09/09 00:49:25 OK   00008_hierarchical_scheduler.sql (55.55ms)
2026/09/09 00:49:25 OK   00009_invoice_export.sql (14.68ms)
2026/09/09 00:49:25 OK   00010_profile_certification_circuit.sql (21.79ms)
2026/09/09 00:49:25 OK   00011_project_webhooks.sql (37.38ms)
2026/09/09 00:49:25 OK   00012_human_oidc_fixed_rbac.sql (27.2ms)
2026/09/09 00:49:25 OK   00013_service_principal_administration.sql (16.77ms)
2026/09/09 00:49:25 OK   00014_human_membership_administration.sql (29.62ms)
2026/09/09 00:49:25 OK   00015_organization_reporting.sql (19.13ms)
2026/09/09 00:49:25 OK   00016_project_retention_content_deletion.sql (55.48ms)
2026/09/09 00:49:25 OK   00017_platform_operator_break_glass.sql (36.99ms)
2026/09/09 00:49:25 OK   00018_finance_reconciliation.sql (17.92ms)
2026/09/09 00:49:25 OK   00019_certified_remediation.sql (23.59ms)
2026/09/09 00:49:25 OK   00020_remediation_execution_claim.sql (5.59ms)
2026/09/09 00:49:25 OK   00021_remediation_execution_dispatch.sql (2.43ms)
2026/09/09 00:49:25 OK   00022_remediation_execution_claim_replay.sql (2.3ms)
2026/09/09 00:49:25 OK   00023_fleet_controller_worker_readiness.sql (71.6ms)
2026/09/09 00:49:25 OK   00024_staging_artifact_expiry.sql (3.93ms)
2026/09/09 00:49:25 OK   00025_scheduler_inbox_receipt.sql (2.44ms)
2026/09/09 00:49:25 OK   00026_synchronous_quorum_guard.sql (1.58ms)
2026/09/09 00:49:25 OK   00027_authorized_debug_dump_lifecycle.sql (50.09ms)
2026/09/09 00:49:25 OK   00028_off_cluster_backup_retention.sql (12.65ms)
2026/09/09 00:49:25 OK   00029_artifact_backup_replication.sql (12.19ms)
2026/09/09 00:49:26 OK   00030_non_content_legal_hold.sql (23.98ms)
2026/09/09 00:49:26 OK   00031_non_content_record_expiry.sql (66.09ms)
2026/09/09 00:49:26 OK   00032_catalog_promotion_production_gates.sql (35.05ms)
2026/09/09 00:49:26 OK   00033_statistical_slo_measurement.sql (27.54ms)
2026/09/09 00:49:26 OK   00034_stage_execution_catalog.sql (59ms)
2026/09/09 00:49:26 OK   00035_worker_instance_residency.sql (67.37ms)
2026/09/09 00:49:26 OK   00036_stage_attempt_authority.sql (95.1ms)
2026/09/09 00:49:26 OK   00037_stage_scheduler.sql (50.17ms)
2026/09/09 00:49:26 OK   00038_stage_artifact.sql (49.15ms)
2026/09/09 00:49:26 OK   00039_stage_worker_control_authority.sql (3.52ms)
2026/09/09 00:49:26 OK   00040_stage_worker_execution.sql (21.94ms)
2026/09/09 00:49:26 OK   00041_stage_worker_operations.sql (14.38ms)
2026/09/09 00:49:26 OK   00042_stage_worker_assignment.sql (16ms)
2026/09/09 00:49:26 OK   00043_stage_graph_finalization.sql (7ms)
2026/09/09 00:49:26 OK   00044_stage_cache.sql (32.25ms)
2026/09/09 00:49:26 OK   00045_stage_graph_finalization_outputs.sql (5.36ms)
2026/09/09 00:49:26 OK   00046_stage_graph_visible_completion.sql (6.86ms)
2026/09/09 00:49:26 OK   00047_usage_cost_ledger.sql (18.33ms)
2026/09/09 00:49:26 OK   00048_stage_run_output_binding.sql (15.06ms)
2026/09/09 00:49:26 OK   00049_stage_cutover_control.sql (57.55ms)
2026/09/09 00:49:26 OK   00050_stage_graph_instantiation_dispatch.sql (19.31ms)
2026/09/09 00:49:26 OK   00051_atomic_stage_graph_admission.sql (9.62ms)
2026/09/09 00:49:26 OK   00052_stage_cutover_zero_backlog_seal.sql (21.6ms)
2026/09/09 00:49:26 OK   00053_legacy_h3_guarded_contraction.sql (15.95ms)
2026/09/09 00:49:26 OK   00054_stage_transfer_consume_destination.sql (3.58ms)
2026/09/09 00:49:26 OK   00055_h3_campaign_evidence_reader.sql (3.78ms)
2026/09/09 00:49:26 OK   00056_stage_observability_reader.sql (914.33µs)
2026/09/09 00:49:26 OK   00057_legacy_h3_release_contraction_gate.sql (9.98ms)
2026/09/09 00:49:26 OK   00058_legacy_h3_schema_contraction.sql (162.28ms)
2026/09/09 00:49:26 OK   00059_model_runtime_epoch_registration.sql (20.7ms)
2026/09/09 00:49:26 OK   00060_model_runtime_gang_barrier.sql (19.36ms)
2026/09/09 00:49:26 OK   00061_stage_worker_gang_authority.sql (6.03ms)
2026/09/09 00:49:26 OK   00062_stage_authority_member_identity.sql (2.91ms)
2026/09/09 00:49:26 OK   00063_h3_execution_snapshot.sql (3.12ms)
2026/09/09 00:49:26 OK   00064_model_runtime_capacity_routes.sql (12.17ms)
2026/09/09 00:49:27 OK   00065_h3_exact_cache_reconciliation.sql (11.31ms)
2026/09/09 00:49:27 OK   00066_stage_worker_control_session_capacity.sql (26.19ms)
2026/09/09 00:49:27 OK   00067_stage_scheduler_project_capacity.sql (2.2ms)
2026/09/09 00:49:27 OK   00068_stage_assignment_connector_states.sql (1.87ms)
2026/09/09 00:49:27 OK   00069_stage_transfer_server_clock.sql (5.11ms)
2026/09/09 00:49:27 OK   00070_stage_lease_expiry_recovery.sql (11.88ms)
2026/09/09 00:49:27 OK   00071_stage_artifact_lifecycle.sql (18.95ms)
2026/09/09 00:49:27 OK   00072_recovery_quiescence.sql (13.73ms)
2026/09/09 00:49:27 OK   00073_stage_cache_downstream_bindings.sql (5.82ms)
2026/09/09 00:49:27 OK   00074_job_owned_public_artifact_copies.sql (3.17ms)
2026/09/09 00:49:27 OK   00075_stage_graph_failure_terminalization.sql (21.13ms)
2026/09/09 00:49:27 OK   00076_allocation_usage_unit.sql (862.79µs)
2026/09/09 00:49:27 OK   00077_runtime_usage_receipts.sql (4.05ms)
2026/09/09 00:49:27 OK   00078_idle_stage_worker_probe.sql (5.62ms)
2026/09/09 00:49:27 OK   00079_stage_job_expiry.sql (6.49ms)
2026/09/09 00:49:27 OK   00080_stage_scheduler_snapshot_lock_order.sql (3.13ms)
2026/09/09 00:49:27 OK   00081_stage_assignment_quorum.sql (1.55ms)
2026/09/09 00:49:27 OK   00082_stage_success_storage_completion.sql (3.16ms)
2026/09/09 00:49:27 OK   00083_capacity_observation_lifecycle.sql (4.25ms)
2026/09/09 00:49:27 OK   00084_blocked_stage_worker_probe.sql (4.14ms)
2026/09/09 00:49:27 OK   00085_stage_materialization_terminal_replay.sql (2.59ms)
2026/09/09 00:49:27 OK   00086_stage_failure_terminal_replay.sql (6.17ms)
2026/09/09 00:49:27 OK   00087_stage_claim_finalization_lock_order.sql (2.28ms)
2026/09/09 00:49:27 OK   00088_stage_allocation_execution_sequence.sql (4.37ms)
2026/09/09 00:49:27 OK   00089_stage_terminal_history.sql (8.5ms)
2026/09/09 00:49:27 OK   00090_stage_assignment_content_lifecycle.sql (20.13ms)
2026/09/09 00:49:27 OK   00091_worker_journal_bootstrap.sql (19.3ms)
2026/09/09 00:49:27 OK   00092_worker_bootstrap_history.sql (2.45ms)
2026/09/09 00:49:27 OK   00093_worker_bootstrap_nonzero_scopes.sql (1.25ms)
2026/09/09 00:49:27 OK   00094_worker_bootstrap_abandonment.sql (11.74ms)
2026/09/09 00:49:27 OK   00095_runtime_startup_reservation.sql (12.43ms)
2026/09/09 00:49:27 goose: successfully migrated database to version: 95
2026/09/09 00:49:27 🐳 Stopping container: 1f67acc6f265
2026/09/09 00:49:27 ✅ Container stopped: 1f67acc6f265
2026/09/09 00:49:27 🐳 Terminating container: 1f67acc6f265
2026/09/09 00:49:27 🚫 Container terminated: 1f67acc6f265
--- PASS: TestRecoveryGateCloseWaitsForInflightAdmissionGuard (3.27s)
=== RUN   TestRecoverySnapshotRestoresIndependentPostgres17
2026/09/09 00:49:27 🐳 Creating container for image postgres:17-alpine
2026/09/09 00:49:27 ✅ Container created: b8b28193ccbd
2026/09/09 00:49:27 🐳 Starting container: b8b28193ccbd
2026/09/09 00:49:27 ✅ Container started: b8b28193ccbd
2026/09/09 00:49:27 ⏳ Waiting for container id b8b28193ccbd image: postgres:17-alpine. Waiting for: all of: [all of: [log message "database system is ready to accept connections" (occurrence: 2), port 5432/tcp to be mapped]]
2026/09/09 00:49:28 🔔 Container is ready: b8b28193ccbd
2026/09/09 00:49:28 OK   00001_foundation.sql (71.34ms)
2026/09/09 00:49:28 OK   00002_worker_assignment.sql (15.76ms)
2026/09/09 00:49:28 OK   00003_worker_start.sql (2.86ms)
2026/09/09 00:49:28 OK   00004_worker_heartbeat.sql (18.28ms)
2026/09/09 00:49:28 OK   00005_execution_failure.sql (14.77ms)
2026/09/09 00:49:28 OK   00006_customer_cancellation.sql (33.9ms)
2026/09/09 00:49:28 OK   00007_artifact_finalization.sql (33.51ms)
2026/09/09 00:49:28 OK   00008_hierarchical_scheduler.sql (55.77ms)
2026/09/09 00:49:28 OK   00009_invoice_export.sql (13.68ms)
2026/09/09 00:49:28 OK   00010_profile_certification_circuit.sql (20.35ms)
2026/09/09 00:49:28 OK   00011_project_webhooks.sql (36.58ms)
2026/09/09 00:49:28 OK   00012_human_oidc_fixed_rbac.sql (27ms)
2026/09/09 00:49:28 OK   00013_service_principal_administration.sql (17.09ms)
2026/09/09 00:49:29 OK   00014_human_membership_administration.sql (29.84ms)
2026/09/09 00:49:29 OK   00015_organization_reporting.sql (19.22ms)
2026/09/09 00:49:29 OK   00016_project_retention_content_deletion.sql (54.36ms)
2026/09/09 00:49:29 OK   00017_platform_operator_break_glass.sql (36.69ms)
2026/09/09 00:49:29 OK   00018_finance_reconciliation.sql (17.13ms)
2026/09/09 00:49:29 OK   00019_certified_remediation.sql (23.67ms)
2026/09/09 00:49:29 OK   00020_remediation_execution_claim.sql (5.69ms)
2026/09/09 00:49:29 OK   00021_remediation_execution_dispatch.sql (2.38ms)
2026/09/09 00:49:29 OK   00022_remediation_execution_claim_replay.sql (2.37ms)
2026/09/09 00:49:29 OK   00023_fleet_controller_worker_readiness.sql (67.8ms)
2026/09/09 00:49:29 OK   00024_staging_artifact_expiry.sql (3.85ms)
2026/09/09 00:49:29 OK   00025_scheduler_inbox_receipt.sql (2.56ms)
2026/09/09 00:49:29 OK   00026_synchronous_quorum_guard.sql (1.78ms)
2026/09/09 00:49:29 OK   00027_authorized_debug_dump_lifecycle.sql (49.47ms)
2026/09/09 00:49:29 OK   00028_off_cluster_backup_retention.sql (12.09ms)
2026/09/09 00:49:29 OK   00029_artifact_backup_replication.sql (11.62ms)
2026/09/09 00:49:29 OK   00030_non_content_legal_hold.sql (22.79ms)
2026/09/09 00:49:29 OK   00031_non_content_record_expiry.sql (66.56ms)
2026/09/09 00:49:29 OK   00032_catalog_promotion_production_gates.sql (35.4ms)
2026/09/09 00:49:29 OK   00033_statistical_slo_measurement.sql (26.51ms)
2026/09/09 00:49:29 OK   00034_stage_execution_catalog.sql (59.17ms)
2026/09/09 00:49:29 OK   00035_worker_instance_residency.sql (67.42ms)
2026/09/09 00:49:29 OK   00036_stage_attempt_authority.sql (93.51ms)
2026/09/09 00:49:29 OK   00037_stage_scheduler.sql (48.96ms)
2026/09/09 00:49:29 OK   00038_stage_artifact.sql (51.43ms)
2026/09/09 00:49:29 OK   00039_stage_worker_control_authority.sql (3.56ms)
2026/09/09 00:49:29 OK   00040_stage_worker_execution.sql (22.88ms)
2026/09/09 00:49:29 OK   00041_stage_worker_operations.sql (14.69ms)
2026/09/09 00:49:29 OK   00042_stage_worker_assignment.sql (15.84ms)
2026/09/09 00:49:29 OK   00043_stage_graph_finalization.sql (6.92ms)
2026/09/09 00:49:29 OK   00044_stage_cache.sql (32.44ms)
2026/09/09 00:49:29 OK   00045_stage_graph_finalization_outputs.sql (5.34ms)
2026/09/09 00:49:29 OK   00046_stage_graph_visible_completion.sql (6.56ms)
2026/09/09 00:49:29 OK   00047_usage_cost_ledger.sql (17.97ms)
2026/09/09 00:49:29 OK   00048_stage_run_output_binding.sql (15.46ms)
2026/09/09 00:49:30 OK   00049_stage_cutover_control.sql (55.53ms)
2026/09/09 00:49:30 OK   00050_stage_graph_instantiation_dispatch.sql (18.87ms)
2026/09/09 00:49:30 OK   00051_atomic_stage_graph_admission.sql (9.05ms)
2026/09/09 00:49:30 OK   00052_stage_cutover_zero_backlog_seal.sql (21.7ms)
2026/09/09 00:49:30 OK   00053_legacy_h3_guarded_contraction.sql (15.67ms)
2026/09/09 00:49:30 OK   00054_stage_transfer_consume_destination.sql (3.6ms)
2026/09/09 00:49:30 OK   00055_h3_campaign_evidence_reader.sql (4.04ms)
2026/09/09 00:49:30 OK   00056_stage_observability_reader.sql (932.88µs)
2026/09/09 00:49:30 OK   00057_legacy_h3_release_contraction_gate.sql (9.97ms)
2026/09/09 00:49:30 OK   00058_legacy_h3_schema_contraction.sql (164.57ms)
2026/09/09 00:49:30 OK   00059_model_runtime_epoch_registration.sql (21.55ms)
2026/09/09 00:49:30 OK   00060_model_runtime_gang_barrier.sql (19.48ms)
2026/09/09 00:49:30 OK   00061_stage_worker_gang_authority.sql (6.36ms)
2026/09/09 00:49:30 OK   00062_stage_authority_member_identity.sql (2.58ms)
2026/09/09 00:49:30 OK   00063_h3_execution_snapshot.sql (3.33ms)
2026/09/09 00:49:30 OK   00064_model_runtime_capacity_routes.sql (12.86ms)
2026/09/09 00:49:30 OK   00065_h3_exact_cache_reconciliation.sql (11.63ms)
2026/09/09 00:49:30 OK   00066_stage_worker_control_session_capacity.sql (25.86ms)
2026/09/09 00:49:30 OK   00067_stage_scheduler_project_capacity.sql (2.12ms)
2026/09/09 00:49:30 OK   00068_stage_assignment_connector_states.sql (1.91ms)
2026/09/09 00:49:30 OK   00069_stage_transfer_server_clock.sql (5.06ms)
2026/09/09 00:49:30 OK   00070_stage_lease_expiry_recovery.sql (12.38ms)
2026/09/09 00:49:30 OK   00071_stage_artifact_lifecycle.sql (19.34ms)
2026/09/09 00:49:30 OK   00072_recovery_quiescence.sql (13.97ms)
2026/09/09 00:49:30 OK   00073_stage_cache_downstream_bindings.sql (5.9ms)
2026/09/09 00:49:30 OK   00074_job_owned_public_artifact_copies.sql (3.42ms)
2026/09/09 00:49:30 OK   00075_stage_graph_failure_terminalization.sql (21ms)
2026/09/09 00:49:30 OK   00076_allocation_usage_unit.sql (914.04µs)
2026/09/09 00:49:30 OK   00077_runtime_usage_receipts.sql (4.12ms)
2026/09/09 00:49:30 OK   00078_idle_stage_worker_probe.sql (5.25ms)
2026/09/09 00:49:30 OK   00079_stage_job_expiry.sql (6.75ms)
2026/09/09 00:49:30 OK   00080_stage_scheduler_snapshot_lock_order.sql (3.15ms)
2026/09/09 00:49:30 OK   00081_stage_assignment_quorum.sql (1.54ms)
2026/09/09 00:49:30 OK   00082_stage_success_storage_completion.sql (3.34ms)
2026/09/09 00:49:30 OK   00083_capacity_observation_lifecycle.sql (4.32ms)
2026/09/09 00:49:30 OK   00084_blocked_stage_worker_probe.sql (4.14ms)
2026/09/09 00:49:30 OK   00085_stage_materialization_terminal_replay.sql (2.76ms)
2026/09/09 00:49:30 OK   00086_stage_failure_terminal_replay.sql (6.38ms)
2026/09/09 00:49:30 OK   00087_stage_claim_finalization_lock_order.sql (2.28ms)
2026/09/09 00:49:30 OK   00088_stage_allocation_execution_sequence.sql (4.55ms)
2026/09/09 00:49:30 OK   00089_stage_terminal_history.sql (8.79ms)
2026/09/09 00:49:30 OK   00090_stage_assignment_content_lifecycle.sql (20.27ms)
2026/09/09 00:49:30 OK   00091_worker_journal_bootstrap.sql (20.08ms)
2026/09/09 00:49:30 OK   00092_worker_bootstrap_history.sql (2.57ms)
2026/09/09 00:49:30 OK   00093_worker_bootstrap_nonzero_scopes.sql (1.18ms)
2026/09/09 00:49:30 OK   00094_worker_bootstrap_abandonment.sql (11.79ms)
2026/09/09 00:49:30 OK   00095_runtime_startup_reservation.sql (12.37ms)
2026/09/09 00:49:30 goose: successfully migrated database to version: 95
2026/09/09 00:49:38 🐳 Stopping container: b8b28193ccbd
2026/09/09 00:49:38 ✅ Container stopped: b8b28193ccbd
2026/09/09 00:49:38 🐳 Terminating container: b8b28193ccbd
2026/09/09 00:49:38 🚫 Container terminated: b8b28193ccbd
--- PASS: TestRecoverySnapshotRestoresIndependentPostgres17 (10.66s)
=== RUN   TestRecoveryRoleIsolationReceiptImmutabilityAndRollbackGuard
2026/09/09 00:49:38 🐳 Creating container for image postgres:17-alpine
2026/09/09 00:49:38 ✅ Container created: 42fcc3a2e33b
2026/09/09 00:49:38 🐳 Starting container: 42fcc3a2e33b
2026/09/09 00:49:38 ✅ Container started: 42fcc3a2e33b
2026/09/09 00:49:38 ⏳ Waiting for container id 42fcc3a2e33b image: postgres:17-alpine. Waiting for: all of: [all of: [log message "database system is ready to accept connections" (occurrence: 2), port 5432/tcp to be mapped]]
2026/09/09 00:49:39 🔔 Container is ready: 42fcc3a2e33b
2026/09/09 00:49:39 OK   00001_foundation.sql (77.6ms)
2026/09/09 00:49:39 OK   00002_worker_assignment.sql (15.89ms)
2026/09/09 00:49:39 OK   00003_worker_start.sql (3.03ms)
2026/09/09 00:49:39 OK   00004_worker_heartbeat.sql (18.81ms)
2026/09/09 00:49:39 OK   00005_execution_failure.sql (16.32ms)
2026/09/09 00:49:39 OK   00006_customer_cancellation.sql (34.01ms)
2026/09/09 00:49:39 OK   00007_artifact_finalization.sql (35.63ms)
2026/09/09 00:49:39 OK   00008_hierarchical_scheduler.sql (55.09ms)
2026/09/09 00:49:39 OK   00009_invoice_export.sql (14.62ms)
2026/09/09 00:49:39 OK   00010_profile_certification_circuit.sql (21.53ms)
2026/09/09 00:49:39 OK   00011_project_webhooks.sql (36.77ms)
2026/09/09 00:49:39 OK   00012_human_oidc_fixed_rbac.sql (27.16ms)
2026/09/09 00:49:39 OK   00013_service_principal_administration.sql (16.71ms)
2026/09/09 00:49:39 OK   00014_human_membership_administration.sql (28.85ms)
2026/09/09 00:49:39 OK   00015_organization_reporting.sql (19.59ms)
2026/09/09 00:49:39 OK   00016_project_retention_content_deletion.sql (54.19ms)
2026/09/09 00:49:39 OK   00017_platform_operator_break_glass.sql (36.8ms)
2026/09/09 00:49:39 OK   00018_finance_reconciliation.sql (17.26ms)
2026/09/09 00:49:39 OK   00019_certified_remediation.sql (24.1ms)
2026/09/09 00:49:39 OK   00020_remediation_execution_claim.sql (5.63ms)
2026/09/09 00:49:39 OK   00021_remediation_execution_dispatch.sql (2.55ms)
2026/09/09 00:49:39 OK   00022_remediation_execution_claim_replay.sql (2.23ms)
2026/09/09 00:49:39 OK   00023_fleet_controller_worker_readiness.sql (70.67ms)
2026/09/09 00:49:39 OK   00024_staging_artifact_expiry.sql (4.12ms)
2026/09/09 00:49:39 OK   00025_scheduler_inbox_receipt.sql (2.63ms)
2026/09/09 00:49:39 OK   00026_synchronous_quorum_guard.sql (1.83ms)
2026/09/09 00:49:40 OK   00027_authorized_debug_dump_lifecycle.sql (49.84ms)
2026/09/09 00:49:40 OK   00028_off_cluster_backup_retention.sql (12.02ms)
2026/09/09 00:49:40 OK   00029_artifact_backup_replication.sql (11.64ms)
2026/09/09 00:49:40 OK   00030_non_content_legal_hold.sql (23.93ms)
2026/09/09 00:49:40 OK   00031_non_content_record_expiry.sql (65.37ms)
2026/09/09 00:49:40 OK   00032_catalog_promotion_production_gates.sql (36.38ms)
2026/09/09 00:49:40 OK   00033_statistical_slo_measurement.sql (27.53ms)
2026/09/09 00:49:40 OK   00034_stage_execution_catalog.sql (60.3ms)
2026/09/09 00:49:40 OK   00035_worker_instance_residency.sql (70.42ms)
2026/09/09 00:49:40 OK   00036_stage_attempt_authority.sql (96.36ms)
2026/09/09 00:49:40 OK   00037_stage_scheduler.sql (50.06ms)
2026/09/09 00:49:40 OK   00038_stage_artifact.sql (48.44ms)
2026/09/09 00:49:40 OK   00039_stage_worker_control_authority.sql (3.39ms)
2026/09/09 00:49:40 OK   00040_stage_worker_execution.sql (22.33ms)
2026/09/09 00:49:40 OK   00041_stage_worker_operations.sql (14.76ms)
2026/09/09 00:49:40 OK   00042_stage_worker_assignment.sql (15.74ms)
2026/09/09 00:49:40 OK   00043_stage_graph_finalization.sql (6.94ms)
2026/09/09 00:49:40 OK   00044_stage_cache.sql (31.64ms)
2026/09/09 00:49:40 OK   00045_stage_graph_finalization_outputs.sql (5.26ms)
2026/09/09 00:49:40 OK   00046_stage_graph_visible_completion.sql (6.9ms)
2026/09/09 00:49:40 OK   00047_usage_cost_ledger.sql (17.83ms)
2026/09/09 00:49:40 OK   00048_stage_run_output_binding.sql (14.77ms)
2026/09/09 00:49:40 OK   00049_stage_cutover_control.sql (58.22ms)
2026/09/09 00:49:40 OK   00050_stage_graph_instantiation_dispatch.sql (19.1ms)
2026/09/09 00:49:40 OK   00051_atomic_stage_graph_admission.sql (9.3ms)
2026/09/09 00:49:40 OK   00052_stage_cutover_zero_backlog_seal.sql (20.55ms)
2026/09/09 00:49:40 OK   00053_legacy_h3_guarded_contraction.sql (15.33ms)
2026/09/09 00:49:40 OK   00054_stage_transfer_consume_destination.sql (3.62ms)
2026/09/09 00:49:40 OK   00055_h3_campaign_evidence_reader.sql (3.84ms)
2026/09/09 00:49:40 OK   00056_stage_observability_reader.sql (1.35ms)
2026/09/09 00:49:40 OK   00057_legacy_h3_release_contraction_gate.sql (10.23ms)
2026/09/09 00:49:40 OK   00058_legacy_h3_schema_contraction.sql (161.56ms)
2026/09/09 00:49:41 OK   00059_model_runtime_epoch_registration.sql (21.69ms)
2026/09/09 00:49:41 OK   00060_model_runtime_gang_barrier.sql (20.11ms)
2026/09/09 00:49:41 OK   00061_stage_worker_gang_authority.sql (6.2ms)
2026/09/09 00:49:41 OK   00062_stage_authority_member_identity.sql (2.96ms)
2026/09/09 00:49:41 OK   00063_h3_execution_snapshot.sql (3.48ms)
2026/09/09 00:49:41 OK   00064_model_runtime_capacity_routes.sql (12.7ms)
2026/09/09 00:49:41 OK   00065_h3_exact_cache_reconciliation.sql (11.76ms)
2026/09/09 00:49:41 OK   00066_stage_worker_control_session_capacity.sql (26.01ms)
2026/09/09 00:49:41 OK   00067_stage_scheduler_project_capacity.sql (2.15ms)
2026/09/09 00:49:41 OK   00068_stage_assignment_connector_states.sql (2ms)
2026/09/09 00:49:41 OK   00069_stage_transfer_server_clock.sql (5.15ms)
2026/09/09 00:49:41 OK   00070_stage_lease_expiry_recovery.sql (12.13ms)
2026/09/09 00:49:41 OK   00071_stage_artifact_lifecycle.sql (19.23ms)
2026/09/09 00:49:41 OK   00072_recovery_quiescence.sql (13.66ms)
2026/09/09 00:49:41 goose: successfully migrated database to version: 72
2026/09/09 00:49:41 OK   00072_recovery_quiescence.sql (5.77ms)
2026/09/09 00:49:41 OK   00072_recovery_quiescence.sql (11.98ms)
2026/09/09 00:49:41 goose: successfully migrated database to version: 72
2026/09/09 00:49:41 🐳 Stopping container: 42fcc3a2e33b
2026/09/09 00:49:41 ✅ Container stopped: 42fcc3a2e33b
2026/09/09 00:49:41 🐳 Terminating container: 42fcc3a2e33b
2026/09/09 00:49:41 🚫 Container terminated: 42fcc3a2e33b
--- PASS: TestRecoveryRoleIsolationReceiptImmutabilityAndRollbackGuard (3.03s)
=== RUN   TestRuntimeStartupReservationConcurrentFirstUseAndHistory
2026/09/09 00:49:41 🐳 Creating container for image postgres:17-alpine
2026/09/09 00:49:41 ✅ Container created: 36e18ba9ca3c
2026/09/09 00:49:41 🐳 Starting container: 36e18ba9ca3c
2026/09/09 00:49:41 ✅ Container started: 36e18ba9ca3c
2026/09/09 00:49:41 ⏳ Waiting for container id 36e18ba9ca3c image: postgres:17-alpine. Waiting for: all of: [all of: [log message "database system is ready to accept connections" (occurrence: 2), port 5432/tcp to be mapped]]
2026/09/09 00:49:42 🔔 Container is ready: 36e18ba9ca3c
2026/09/09 00:49:42 OK   00001_foundation.sql (67.88ms)
2026/09/09 00:49:42 OK   00002_worker_assignment.sql (15.19ms)
2026/09/09 00:49:42 OK   00003_worker_start.sql (2.88ms)
2026/09/09 00:49:42 OK   00004_worker_heartbeat.sql (16.04ms)
2026/09/09 00:49:42 OK   00005_execution_failure.sql (14.67ms)
2026/09/09 00:49:42 OK   00006_customer_cancellation.sql (32.02ms)
2026/09/09 00:49:42 OK   00007_artifact_finalization.sql (34.52ms)
2026/09/09 00:49:42 OK   00008_hierarchical_scheduler.sql (52.2ms)
2026/09/09 00:49:42 OK   00009_invoice_export.sql (14.03ms)
2026/09/09 00:49:42 OK   00010_profile_certification_circuit.sql (20.29ms)
2026/09/09 00:49:42 OK   00011_project_webhooks.sql (35.72ms)
2026/09/09 00:49:42 OK   00012_human_oidc_fixed_rbac.sql (26.25ms)
2026/09/09 00:49:42 OK   00013_service_principal_administration.sql (16.46ms)
2026/09/09 00:49:42 OK   00014_human_membership_administration.sql (28.98ms)
2026/09/09 00:49:42 OK   00015_organization_reporting.sql (19.21ms)
2026/09/09 00:49:42 OK   00016_project_retention_content_deletion.sql (55.03ms)
2026/09/09 00:49:42 OK   00017_platform_operator_break_glass.sql (36.06ms)
2026/09/09 00:49:42 OK   00018_finance_reconciliation.sql (17.15ms)
2026/09/09 00:49:42 OK   00019_certified_remediation.sql (23.77ms)
2026/09/09 00:49:42 OK   00020_remediation_execution_claim.sql (5.29ms)
2026/09/09 00:49:42 OK   00021_remediation_execution_dispatch.sql (2.17ms)
2026/09/09 00:49:42 OK   00022_remediation_execution_claim_replay.sql (2.26ms)
2026/09/09 00:49:42 OK   00023_fleet_controller_worker_readiness.sql (68.89ms)
2026/09/09 00:49:42 OK   00024_staging_artifact_expiry.sql (4.08ms)
2026/09/09 00:49:42 OK   00025_scheduler_inbox_receipt.sql (2.54ms)
2026/09/09 00:49:42 OK   00026_synchronous_quorum_guard.sql (1.74ms)
2026/09/09 00:49:43 OK   00027_authorized_debug_dump_lifecycle.sql (50.07ms)
2026/09/09 00:49:43 OK   00028_off_cluster_backup_retention.sql (12.49ms)
2026/09/09 00:49:43 OK   00029_artifact_backup_replication.sql (11.89ms)
2026/09/09 00:49:43 OK   00030_non_content_legal_hold.sql (23.56ms)
2026/09/09 00:49:43 OK   00031_non_content_record_expiry.sql (65.05ms)
2026/09/09 00:49:43 OK   00032_catalog_promotion_production_gates.sql (35.23ms)
2026/09/09 00:49:43 OK   00033_statistical_slo_measurement.sql (27.32ms)
2026/09/09 00:49:43 OK   00034_stage_execution_catalog.sql (59.22ms)
2026/09/09 00:49:43 OK   00035_worker_instance_residency.sql (63.41ms)
2026/09/09 00:49:43 OK   00036_stage_attempt_authority.sql (91.05ms)
2026/09/09 00:49:43 OK   00037_stage_scheduler.sql (48.31ms)
2026/09/09 00:49:43 OK   00038_stage_artifact.sql (48.82ms)
2026/09/09 00:49:43 OK   00039_stage_worker_control_authority.sql (3.29ms)
2026/09/09 00:49:43 OK   00040_stage_worker_execution.sql (22.47ms)
2026/09/09 00:49:43 OK   00041_stage_worker_operations.sql (14.53ms)
2026/09/09 00:49:43 OK   00042_stage_worker_assignment.sql (15.83ms)
2026/09/09 00:49:43 OK   00043_stage_graph_finalization.sql (6.77ms)
2026/09/09 00:49:43 OK   00044_stage_cache.sql (32.24ms)
2026/09/09 00:49:43 OK   00045_stage_graph_finalization_outputs.sql (5.11ms)
2026/09/09 00:49:43 OK   00046_stage_graph_visible_completion.sql (6.77ms)
2026/09/09 00:49:43 OK   00047_usage_cost_ledger.sql (18.26ms)
2026/09/09 00:49:43 OK   00048_stage_run_output_binding.sql (14.95ms)
2026/09/09 00:49:43 OK   00049_stage_cutover_control.sql (56.88ms)
2026/09/09 00:49:43 OK   00050_stage_graph_instantiation_dispatch.sql (18.68ms)
2026/09/09 00:49:43 OK   00051_atomic_stage_graph_admission.sql (9.17ms)
2026/09/09 00:49:43 OK   00052_stage_cutover_zero_backlog_seal.sql (20.47ms)
2026/09/09 00:49:43 OK   00053_legacy_h3_guarded_contraction.sql (15.24ms)
2026/09/09 00:49:43 OK   00054_stage_transfer_consume_destination.sql (3.64ms)
2026/09/09 00:49:43 OK   00055_h3_campaign_evidence_reader.sql (3.8ms)
2026/09/09 00:49:43 OK   00056_stage_observability_reader.sql (845.54µs)
2026/09/09 00:49:43 OK   00057_legacy_h3_release_contraction_gate.sql (10.12ms)
2026/09/09 00:49:43 OK   00058_legacy_h3_schema_contraction.sql (160.55ms)
2026/09/09 00:49:43 OK   00059_model_runtime_epoch_registration.sql (20.01ms)
2026/09/09 00:49:43 OK   00060_model_runtime_gang_barrier.sql (19.3ms)
2026/09/09 00:49:44 OK   00061_stage_worker_gang_authority.sql (6.54ms)
2026/09/09 00:49:44 OK   00062_stage_authority_member_identity.sql (2.69ms)
2026/09/09 00:49:44 OK   00063_h3_execution_snapshot.sql (3.48ms)
2026/09/09 00:49:44 OK   00064_model_runtime_capacity_routes.sql (12.81ms)
2026/09/09 00:49:44 OK   00065_h3_exact_cache_reconciliation.sql (11.57ms)
2026/09/09 00:49:44 OK   00066_stage_worker_control_session_capacity.sql (25.97ms)
2026/09/09 00:49:44 OK   00067_stage_scheduler_project_capacity.sql (2.1ms)
2026/09/09 00:49:44 OK   00068_stage_assignment_connector_states.sql (1.85ms)
2026/09/09 00:49:44 OK   00069_stage_transfer_server_clock.sql (5.1ms)
2026/09/09 00:49:44 OK   00070_stage_lease_expiry_recovery.sql (11.98ms)
2026/09/09 00:49:44 OK   00071_stage_artifact_lifecycle.sql (19.02ms)
2026/09/09 00:49:44 OK   00072_recovery_quiescence.sql (13.73ms)
2026/09/09 00:49:44 OK   00073_stage_cache_downstream_bindings.sql (5.92ms)
2026/09/09 00:49:44 OK   00074_job_owned_public_artifact_copies.sql (3.25ms)
2026/09/09 00:49:44 OK   00075_stage_graph_failure_terminalization.sql (20.69ms)
2026/09/09 00:49:44 OK   00076_allocation_usage_unit.sql (1ms)
2026/09/09 00:49:44 OK   00077_runtime_usage_receipts.sql (4.1ms)
2026/09/09 00:49:44 OK   00078_idle_stage_worker_probe.sql (5.25ms)
2026/09/09 00:49:44 OK   00079_stage_job_expiry.sql (6.7ms)
2026/09/09 00:49:44 OK   00080_stage_scheduler_snapshot_lock_order.sql (3.12ms)
2026/09/09 00:49:44 OK   00081_stage_assignment_quorum.sql (1.54ms)
2026/09/09 00:49:44 OK   00082_stage_success_storage_completion.sql (3.07ms)
2026/09/09 00:49:44 OK   00083_capacity_observation_lifecycle.sql (4.33ms)
2026/09/09 00:49:44 OK   00084_blocked_stage_worker_probe.sql (4.39ms)
2026/09/09 00:49:44 OK   00085_stage_materialization_terminal_replay.sql (2.69ms)
2026/09/09 00:49:44 OK   00086_stage_failure_terminal_replay.sql (6.19ms)
2026/09/09 00:49:44 OK   00087_stage_claim_finalization_lock_order.sql (2.32ms)
2026/09/09 00:49:44 OK   00088_stage_allocation_execution_sequence.sql (4.17ms)
2026/09/09 00:49:44 OK   00089_stage_terminal_history.sql (8.47ms)
2026/09/09 00:49:44 OK   00090_stage_assignment_content_lifecycle.sql (19.32ms)
2026/09/09 00:49:44 OK   00091_worker_journal_bootstrap.sql (19.38ms)
2026/09/09 00:49:44 OK   00092_worker_bootstrap_history.sql (2.29ms)
2026/09/09 00:49:44 OK   00093_worker_bootstrap_nonzero_scopes.sql (1.31ms)
2026/09/09 00:49:44 OK   00094_worker_bootstrap_abandonment.sql (11.39ms)
2026/09/09 00:49:44 OK   00095_runtime_startup_reservation.sql (11.72ms)
2026/09/09 00:49:44 goose: successfully migrated database to version: 95
=== RUN   TestRuntimeStartupReservationConcurrentFirstUseAndHistory/scope
=== RUN   TestRuntimeStartupReservationConcurrentFirstUseAndHistory/epoch
=== RUN   TestRuntimeStartupReservationConcurrentFirstUseAndHistory/new_request
=== RUN   TestRuntimeStartupReservationConcurrentFirstUseAndHistory/incarnation
=== RUN   TestRuntimeStartupReservationConcurrentFirstUseAndHistory/owner
=== RUN   TestRuntimeStartupReservationConcurrentFirstUseAndHistory/launch
=== RUN   TestRuntimeStartupReservationConcurrentFirstUseAndHistory/journal
2026/09/09 00:49:44 🐳 Stopping container: 36e18ba9ca3c
2026/09/09 00:49:44 ✅ Container stopped: 36e18ba9ca3c
2026/09/09 00:49:44 🐳 Terminating container: 36e18ba9ca3c
2026/09/09 00:49:44 🚫 Container terminated: 36e18ba9ca3c
--- PASS: TestRuntimeStartupReservationConcurrentFirstUseAndHistory (3.20s)
    --- PASS: TestRuntimeStartupReservationConcurrentFirstUseAndHistory/scope (0.00s)
    --- PASS: TestRuntimeStartupReservationConcurrentFirstUseAndHistory/epoch (0.00s)
    --- PASS: TestRuntimeStartupReservationConcurrentFirstUseAndHistory/new_request (0.00s)
    --- PASS: TestRuntimeStartupReservationConcurrentFirstUseAndHistory/incarnation (0.00s)
    --- PASS: TestRuntimeStartupReservationConcurrentFirstUseAndHistory/owner (0.00s)
    --- PASS: TestRuntimeStartupReservationConcurrentFirstUseAndHistory/launch (0.00s)
    --- PASS: TestRuntimeStartupReservationConcurrentFirstUseAndHistory/journal (0.00s)
=== RUN   TestRuntimeStartupReservationRejectsUnapprovedVector
2026/09/09 00:49:44 🐳 Creating container for image postgres:17-alpine
2026/09/09 00:49:44 ✅ Container created: 8dbe391ce157
2026/09/09 00:49:44 🐳 Starting container: 8dbe391ce157
2026/09/09 00:49:44 ✅ Container started: 8dbe391ce157
2026/09/09 00:49:44 ⏳ Waiting for container id 8dbe391ce157 image: postgres:17-alpine. Waiting for: all of: [all of: [log message "database system is ready to accept connections" (occurrence: 2), port 5432/tcp to be mapped]]
2026/09/09 00:49:45 🔔 Container is ready: 8dbe391ce157
2026/09/09 00:49:45 OK   00001_foundation.sql (79.29ms)
2026/09/09 00:49:45 OK   00002_worker_assignment.sql (16.5ms)
2026/09/09 00:49:45 OK   00003_worker_start.sql (3.21ms)
2026/09/09 00:49:45 OK   00004_worker_heartbeat.sql (18.58ms)
2026/09/09 00:49:45 OK   00005_execution_failure.sql (15.89ms)
2026/09/09 00:49:45 OK   00006_customer_cancellation.sql (33.82ms)
2026/09/09 00:49:45 OK   00007_artifact_finalization.sql (35.42ms)
2026/09/09 00:49:45 OK   00008_hierarchical_scheduler.sql (56.41ms)
2026/09/09 00:49:45 OK   00009_invoice_export.sql (14.76ms)
2026/09/09 00:49:45 OK   00010_profile_certification_circuit.sql (21.66ms)
2026/09/09 00:49:45 OK   00011_project_webhooks.sql (37.1ms)
2026/09/09 00:49:45 OK   00012_human_oidc_fixed_rbac.sql (27.71ms)
2026/09/09 00:49:45 OK   00013_service_principal_administration.sql (16.66ms)
2026/09/09 00:49:45 OK   00014_human_membership_administration.sql (29.39ms)
2026/09/09 00:49:45 OK   00015_organization_reporting.sql (18.93ms)
2026/09/09 00:49:46 OK   00016_project_retention_content_deletion.sql (53.14ms)
2026/09/09 00:49:46 OK   00017_platform_operator_break_glass.sql (35.94ms)
2026/09/09 00:49:46 OK   00018_finance_reconciliation.sql (18.12ms)
2026/09/09 00:49:46 OK   00019_certified_remediation.sql (23.6ms)
2026/09/09 00:49:46 OK   00020_remediation_execution_claim.sql (5.73ms)
2026/09/09 00:49:46 OK   00021_remediation_execution_dispatch.sql (2.33ms)
2026/09/09 00:49:46 OK   00022_remediation_execution_claim_replay.sql (2.2ms)
2026/09/09 00:49:46 OK   00023_fleet_controller_worker_readiness.sql (67.45ms)
2026/09/09 00:49:46 OK   00024_staging_artifact_expiry.sql (4.05ms)
2026/09/09 00:49:46 OK   00025_scheduler_inbox_receipt.sql (2.52ms)
2026/09/09 00:49:46 OK   00026_synchronous_quorum_guard.sql (1.76ms)
2026/09/09 00:49:46 OK   00027_authorized_debug_dump_lifecycle.sql (50.94ms)
2026/09/09 00:49:46 OK   00028_off_cluster_backup_retention.sql (12.01ms)
2026/09/09 00:49:46 OK   00029_artifact_backup_replication.sql (11.73ms)
2026/09/09 00:49:46 OK   00030_non_content_legal_hold.sql (23.22ms)
2026/09/09 00:49:46 OK   00031_non_content_record_expiry.sql (65.3ms)
2026/09/09 00:49:46 OK   00032_catalog_promotion_production_gates.sql (35.02ms)
2026/09/09 00:49:46 OK   00033_statistical_slo_measurement.sql (26.68ms)
2026/09/09 00:49:46 OK   00034_stage_execution_catalog.sql (59.16ms)
2026/09/09 00:49:46 OK   00035_worker_instance_residency.sql (65.55ms)
2026/09/09 00:49:46 OK   00036_stage_attempt_authority.sql (93.92ms)
2026/09/09 00:49:46 OK   00037_stage_scheduler.sql (47.9ms)
2026/09/09 00:49:46 OK   00038_stage_artifact.sql (46.78ms)
2026/09/09 00:49:46 OK   00039_stage_worker_control_authority.sql (3.48ms)
2026/09/09 00:49:46 OK   00040_stage_worker_execution.sql (22.15ms)
2026/09/09 00:49:46 OK   00041_stage_worker_operations.sql (14.58ms)
2026/09/09 00:49:46 OK   00042_stage_worker_assignment.sql (16.83ms)
2026/09/09 00:49:46 OK   00043_stage_graph_finalization.sql (7.35ms)
2026/09/09 00:49:46 OK   00044_stage_cache.sql (28.56ms)
2026/09/09 00:49:46 OK   00045_stage_graph_finalization_outputs.sql (4.64ms)
2026/09/09 00:49:46 OK   00046_stage_graph_visible_completion.sql (6.03ms)
2026/09/09 00:49:46 OK   00047_usage_cost_ledger.sql (15.92ms)
2026/09/09 00:49:46 OK   00048_stage_run_output_binding.sql (13.63ms)
2026/09/09 00:49:46 OK   00049_stage_cutover_control.sql (56.5ms)
2026/09/09 00:49:46 OK   00050_stage_graph_instantiation_dispatch.sql (18.19ms)
2026/09/09 00:49:46 OK   00051_atomic_stage_graph_admission.sql (8.97ms)
2026/09/09 00:49:46 OK   00052_stage_cutover_zero_backlog_seal.sql (20.53ms)
2026/09/09 00:49:47 OK   00053_legacy_h3_guarded_contraction.sql (14.86ms)
2026/09/09 00:49:47 OK   00054_stage_transfer_consume_destination.sql (3.37ms)
2026/09/09 00:49:47 OK   00055_h3_campaign_evidence_reader.sql (3.94ms)
2026/09/09 00:49:47 OK   00056_stage_observability_reader.sql (1.05ms)
2026/09/09 00:49:47 OK   00057_legacy_h3_release_contraction_gate.sql (9.87ms)
2026/09/09 00:49:47 OK   00058_legacy_h3_schema_contraction.sql (161.67ms)
2026/09/09 00:49:47 OK   00059_model_runtime_epoch_registration.sql (20.39ms)
2026/09/09 00:49:47 OK   00060_model_runtime_gang_barrier.sql (20.07ms)
2026/09/09 00:49:47 OK   00061_stage_worker_gang_authority.sql (6.23ms)
2026/09/09 00:49:47 OK   00062_stage_authority_member_identity.sql (2.65ms)
2026/09/09 00:49:47 OK   00063_h3_execution_snapshot.sql (3.35ms)
2026/09/09 00:49:47 OK   00064_model_runtime_capacity_routes.sql (12.38ms)
2026/09/09 00:49:47 OK   00065_h3_exact_cache_reconciliation.sql (11.85ms)
2026/09/09 00:49:47 OK   00066_stage_worker_control_session_capacity.sql (25.36ms)
2026/09/09 00:49:47 OK   00067_stage_scheduler_project_capacity.sql (2.08ms)
2026/09/09 00:49:47 OK   00068_stage_assignment_connector_states.sql (1.84ms)
2026/09/09 00:49:47 OK   00069_stage_transfer_server_clock.sql (4.88ms)
2026/09/09 00:49:47 OK   00070_stage_lease_expiry_recovery.sql (12.28ms)
2026/09/09 00:49:47 OK   00071_stage_artifact_lifecycle.sql (19.28ms)
2026/09/09 00:49:47 OK   00072_recovery_quiescence.sql (13.68ms)
2026/09/09 00:49:47 OK   00073_stage_cache_downstream_bindings.sql (5.74ms)
2026/09/09 00:49:47 OK   00074_job_owned_public_artifact_copies.sql (3.28ms)
2026/09/09 00:49:47 OK   00075_stage_graph_failure_terminalization.sql (21.58ms)
2026/09/09 00:49:47 OK   00076_allocation_usage_unit.sql (1.32ms)
2026/09/09 00:49:47 OK   00077_runtime_usage_receipts.sql (4.11ms)
2026/09/09 00:49:47 OK   00078_idle_stage_worker_probe.sql (5.42ms)
2026/09/09 00:49:47 OK   00079_stage_job_expiry.sql (6.47ms)
2026/09/09 00:49:47 OK   00080_stage_scheduler_snapshot_lock_order.sql (3.09ms)
2026/09/09 00:49:47 OK   00081_stage_assignment_quorum.sql (1.53ms)
2026/09/09 00:49:47 OK   00082_stage_success_storage_completion.sql (3.24ms)
2026/09/09 00:49:47 OK   00083_capacity_observation_lifecycle.sql (4.39ms)
2026/09/09 00:49:47 OK   00084_blocked_stage_worker_probe.sql (4.24ms)
2026/09/09 00:49:47 OK   00085_stage_materialization_terminal_replay.sql (2.64ms)
2026/09/09 00:49:47 OK   00086_stage_failure_terminal_replay.sql (6.08ms)
2026/09/09 00:49:47 OK   00087_stage_claim_finalization_lock_order.sql (2.25ms)
2026/09/09 00:49:47 OK   00088_stage_allocation_execution_sequence.sql (4.27ms)
2026/09/09 00:49:47 OK   00089_stage_terminal_history.sql (8.59ms)
2026/09/09 00:49:47 OK   00090_stage_assignment_content_lifecycle.sql (19.98ms)
2026/09/09 00:49:47 OK   00091_worker_journal_bootstrap.sql (19.8ms)
2026/09/09 00:49:47 OK   00092_worker_bootstrap_history.sql (2.39ms)
2026/09/09 00:49:47 OK   00093_worker_bootstrap_nonzero_scopes.sql (1.17ms)
2026/09/09 00:49:47 OK   00094_worker_bootstrap_abandonment.sql (11.6ms)
2026/09/09 00:49:47 OK   00095_runtime_startup_reservation.sql (12.25ms)
2026/09/09 00:49:47 goose: successfully migrated database to version: 95
=== RUN   TestRuntimeStartupReservationRejectsUnapprovedVector/epoch
=== RUN   TestRuntimeStartupReservationRejectsUnapprovedVector/residency
=== RUN   TestRuntimeStartupReservationRejectsUnapprovedVector/profile
=== RUN   TestRuntimeStartupReservationRejectsUnapprovedVector/runtime
=== RUN   TestRuntimeStartupReservationRejectsUnapprovedVector/extra
2026/09/09 00:49:47 🐳 Stopping container: 8dbe391ce157
2026/09/09 00:49:47 ✅ Container stopped: 8dbe391ce157
2026/09/09 00:49:47 🐳 Terminating container: 8dbe391ce157
2026/09/09 00:49:47 🚫 Container terminated: 8dbe391ce157
--- PASS: TestRuntimeStartupReservationRejectsUnapprovedVector (3.18s)
    --- PASS: TestRuntimeStartupReservationRejectsUnapprovedVector/epoch (0.00s)
    --- PASS: TestRuntimeStartupReservationRejectsUnapprovedVector/residency (0.00s)
    --- PASS: TestRuntimeStartupReservationRejectsUnapprovedVector/profile (0.00s)
    --- PASS: TestRuntimeStartupReservationRejectsUnapprovedVector/runtime (0.00s)
    --- PASS: TestRuntimeStartupReservationRejectsUnapprovedVector/extra (0.00s)
=== RUN   TestRuntimeStartupReservationRejectsFencedAndChangedBundle
=== RUN   TestRuntimeStartupReservationRejectsFencedAndChangedBundle/fenced
2026/09/09 00:49:47 🐳 Creating container for image postgres:17-alpine
2026/09/09 00:49:47 ✅ Container created: 8982a36e53d0
2026/09/09 00:49:47 🐳 Starting container: 8982a36e53d0
2026/09/09 00:49:47 ✅ Container started: 8982a36e53d0
2026/09/09 00:49:47 ⏳ Waiting for container id 8982a36e53d0 image: postgres:17-alpine. Waiting for: all of: [all of: [log message "database system is ready to accept connections" (occurrence: 2), port 5432/tcp to be mapped]]
2026/09/09 00:49:48 🔔 Container is ready: 8982a36e53d0
2026/09/09 00:49:48 OK   00001_foundation.sql (62.99ms)
2026/09/09 00:49:48 OK   00002_worker_assignment.sql (15.19ms)
2026/09/09 00:49:48 OK   00003_worker_start.sql (3.24ms)
2026/09/09 00:49:48 OK   00004_worker_heartbeat.sql (18.58ms)
2026/09/09 00:49:48 OK   00005_execution_failure.sql (16.22ms)
2026/09/09 00:49:48 OK   00006_customer_cancellation.sql (30.22ms)
2026/09/09 00:49:48 OK   00007_artifact_finalization.sql (34.01ms)
2026/09/09 00:49:48 OK   00008_hierarchical_scheduler.sql (55.28ms)
2026/09/09 00:49:48 OK   00009_invoice_export.sql (17.34ms)
2026/09/09 00:49:49 OK   00010_profile_certification_circuit.sql (44.56ms)
2026/09/09 00:49:49 OK   00011_project_webhooks.sql (49.81ms)
2026/09/09 00:49:49 OK   00012_human_oidc_fixed_rbac.sql (46.42ms)
2026/09/09 00:49:49 OK   00013_service_principal_administration.sql (60.77ms)
2026/09/09 00:49:49 OK   00014_human_membership_administration.sql (120.14ms)
2026/09/09 00:49:49 OK   00015_organization_reporting.sql (27.68ms)
2026/09/09 00:49:49 OK   00016_project_retention_content_deletion.sql (168.46ms)
2026/09/09 00:49:49 OK   00017_platform_operator_break_glass.sql (65.29ms)
2026/09/09 00:49:49 OK   00018_finance_reconciliation.sql (19.37ms)
2026/09/09 00:49:49 OK   00019_certified_remediation.sql (50.51ms)
2026/09/09 00:49:49 OK   00020_remediation_execution_claim.sql (44.34ms)
2026/09/09 00:49:49 OK   00021_remediation_execution_dispatch.sql (4.71ms)
2026/09/09 00:49:49 OK   00022_remediation_execution_claim_replay.sql (4.23ms)
2026/09/09 00:49:49 OK   00023_fleet_controller_worker_readiness.sql (204.05ms)
2026/09/09 00:49:49 OK   00024_staging_artifact_expiry.sql (10.67ms)
2026/09/09 00:49:49 OK   00025_scheduler_inbox_receipt.sql (12.92ms)
2026/09/09 00:49:49 OK   00026_synchronous_quorum_guard.sql (4.26ms)
2026/09/09 00:49:50 OK   00027_authorized_debug_dump_lifecycle.sql (84.36ms)
2026/09/09 00:49:50 OK   00028_off_cluster_backup_retention.sql (55.42ms)
2026/09/09 00:49:50 OK   00029_artifact_backup_replication.sql (25.6ms)
2026/09/09 00:49:50 OK   00030_non_content_legal_hold.sql (102.72ms)
2026/09/09 00:49:50 OK   00031_non_content_record_expiry.sql (258.72ms)
2026/09/09 00:49:50 OK   00032_catalog_promotion_production_gates.sql (81.13ms)
2026/09/09 00:49:50 OK   00033_statistical_slo_measurement.sql (46.29ms)
2026/09/09 00:49:50 OK   00034_stage_execution_catalog.sql (94.13ms)
2026/09/09 00:49:50 OK   00035_worker_instance_residency.sql (108.39ms)
2026/09/09 00:49:51 OK   00036_stage_attempt_authority.sql (377.85ms)
2026/09/09 00:49:51 OK   00037_stage_scheduler.sql (70.34ms)
2026/09/09 00:49:51 OK   00038_stage_artifact.sql (69.49ms)
2026/09/09 00:49:51 OK   00039_stage_worker_control_authority.sql (4.48ms)
2026/09/09 00:49:51 OK   00040_stage_worker_execution.sql (29.51ms)
2026/09/09 00:49:51 OK   00041_stage_worker_operations.sql (19.64ms)
2026/09/09 00:49:51 OK   00042_stage_worker_assignment.sql (20.44ms)
2026/09/09 00:49:51 OK   00043_stage_graph_finalization.sql (10.71ms)
2026/09/09 00:49:51 OK   00044_stage_cache.sql (43.07ms)
2026/09/09 00:49:51 OK   00045_stage_graph_finalization_outputs.sql (9.92ms)
2026/09/09 00:49:51 OK   00046_stage_graph_visible_completion.sql (15.41ms)
2026/09/09 00:49:51 OK   00047_usage_cost_ledger.sql (20.64ms)
2026/09/09 00:49:51 OK   00048_stage_run_output_binding.sql (18.81ms)
2026/09/09 00:49:51 OK   00049_stage_cutover_control.sql (66.96ms)
2026/09/09 00:49:51 OK   00050_stage_graph_instantiation_dispatch.sql (26.21ms)
2026/09/09 00:49:51 OK   00051_atomic_stage_graph_admission.sql (10.28ms)
2026/09/09 00:49:51 OK   00052_stage_cutover_zero_backlog_seal.sql (25.83ms)
2026/09/09 00:49:51 OK   00053_legacy_h3_guarded_contraction.sql (20.41ms)
2026/09/09 00:49:51 OK   00054_stage_transfer_consume_destination.sql (9.22ms)
2026/09/09 00:49:51 OK   00055_h3_campaign_evidence_reader.sql (7.96ms)
2026/09/09 00:49:51 OK   00056_stage_observability_reader.sql (12.71ms)
2026/09/09 00:49:51 OK   00057_legacy_h3_release_contraction_gate.sql (30.31ms)
2026/09/09 00:49:52 OK   00058_legacy_h3_schema_contraction.sql (330.59ms)
2026/09/09 00:49:52 OK   00059_model_runtime_epoch_registration.sql (29.87ms)
2026/09/09 00:49:52 OK   00060_model_runtime_gang_barrier.sql (35.77ms)
2026/09/09 00:49:52 OK   00061_stage_worker_gang_authority.sql (7.97ms)
2026/09/09 00:49:52 OK   00062_stage_authority_member_identity.sql (3.83ms)
2026/09/09 00:49:52 OK   00063_h3_execution_snapshot.sql (6.75ms)
2026/09/09 00:49:52 OK   00064_model_runtime_capacity_routes.sql (24.61ms)
2026/09/09 00:49:52 OK   00065_h3_exact_cache_reconciliation.sql (17.63ms)
2026/09/09 00:49:52 OK   00066_stage_worker_control_session_capacity.sql (29.67ms)
2026/09/09 00:49:52 OK   00067_stage_scheduler_project_capacity.sql (3.67ms)
2026/09/09 00:49:52 OK   00068_stage_assignment_connector_states.sql (5.16ms)
2026/09/09 00:49:52 OK   00069_stage_transfer_server_clock.sql (6.13ms)
2026/09/09 00:49:52 OK   00070_stage_lease_expiry_recovery.sql (12.1ms)
2026/09/09 00:49:52 OK   00071_stage_artifact_lifecycle.sql (23.2ms)
2026/09/09 00:49:52 OK   00072_recovery_quiescence.sql (22.86ms)
2026/09/09 00:49:52 OK   00073_stage_cache_downstream_bindings.sql (13.99ms)
2026/09/09 00:49:52 OK   00074_job_owned_public_artifact_copies.sql (7.24ms)
2026/09/09 00:49:52 OK   00075_stage_graph_failure_terminalization.sql (29.02ms)
2026/09/09 00:49:52 OK   00076_allocation_usage_unit.sql (2.38ms)
2026/09/09 00:49:52 OK   00077_runtime_usage_receipts.sql (7.4ms)
2026/09/09 00:49:52 OK   00078_idle_stage_worker_probe.sql (10.27ms)
2026/09/09 00:49:52 OK   00079_stage_job_expiry.sql (12.67ms)
2026/09/09 00:49:52 OK   00080_stage_scheduler_snapshot_lock_order.sql (6.01ms)
2026/09/09 00:49:52 OK   00081_stage_assignment_quorum.sql (2.79ms)
2026/09/09 00:49:52 OK   00082_stage_success_storage_completion.sql (6.57ms)
2026/09/09 00:49:52 OK   00083_capacity_observation_lifecycle.sql (7.5ms)
2026/09/09 00:49:52 OK   00084_blocked_stage_worker_probe.sql (9.52ms)
2026/09/09 00:49:52 OK   00085_stage_materialization_terminal_replay.sql (12.8ms)
2026/09/09 00:49:52 OK   00086_stage_failure_terminal_replay.sql (13.06ms)
2026/09/09 00:49:52 OK   00087_stage_claim_finalization_lock_order.sql (5.2ms)
2026/09/09 00:49:52 OK   00088_stage_allocation_execution_sequence.sql (7.09ms)
2026/09/09 00:49:52 OK   00089_stage_terminal_history.sql (9.11ms)
2026/09/09 00:49:52 OK   00090_stage_assignment_content_lifecycle.sql (32.05ms)
2026/09/09 00:49:52 OK   00091_worker_journal_bootstrap.sql (33.29ms)
2026/09/09 00:49:52 OK   00092_worker_bootstrap_history.sql (3.61ms)
2026/09/09 00:49:52 OK   00093_worker_bootstrap_nonzero_scopes.sql (1.92ms)
2026/09/09 00:49:52 OK   00094_worker_bootstrap_abandonment.sql (20.15ms)
2026/09/09 00:49:52 OK   00095_runtime_startup_reservation.sql (16.8ms)
2026/09/09 00:49:52 goose: successfully migrated database to version: 95
2026/09/09 00:49:52 🐳 Stopping container: 8982a36e53d0
2026/09/09 00:49:53 ✅ Container stopped: 8982a36e53d0
2026/09/09 00:49:53 🐳 Terminating container: 8982a36e53d0
2026/09/09 00:49:53 🚫 Container terminated: 8982a36e53d0
=== RUN   TestRuntimeStartupReservationRejectsFencedAndChangedBundle/observed
2026/09/09 00:49:53 🐳 Creating container for image postgres:17-alpine
2026/09/09 00:49:53 ✅ Container created: 9cdd37469c92
2026/09/09 00:49:53 🐳 Starting container: 9cdd37469c92
2026/09/09 00:49:53 ✅ Container started: 9cdd37469c92
2026/09/09 00:49:53 ⏳ Waiting for container id 9cdd37469c92 image: postgres:17-alpine. Waiting for: all of: [all of: [log message "database system is ready to accept connections" (occurrence: 2), port 5432/tcp to be mapped]]
2026/09/09 00:49:54 🔔 Container is ready: 9cdd37469c92
2026/09/09 00:49:54 OK   00001_foundation.sql (59.74ms)
2026/09/09 00:49:54 OK   00002_worker_assignment.sql (16.7ms)
2026/09/09 00:49:54 OK   00003_worker_start.sql (2.83ms)
2026/09/09 00:49:54 OK   00004_worker_heartbeat.sql (17.1ms)
2026/09/09 00:49:54 OK   00005_execution_failure.sql (14.51ms)
2026/09/09 00:49:54 OK   00006_customer_cancellation.sql (33.68ms)
2026/09/09 00:49:54 OK   00007_artifact_finalization.sql (34.31ms)
2026/09/09 00:49:54 OK   00008_hierarchical_scheduler.sql (53.6ms)
2026/09/09 00:49:54 OK   00009_invoice_export.sql (14.05ms)
2026/09/09 00:49:54 OK   00010_profile_certification_circuit.sql (20.87ms)
2026/09/09 00:49:54 OK   00011_project_webhooks.sql (37.05ms)
2026/09/09 00:49:54 OK   00012_human_oidc_fixed_rbac.sql (27.11ms)
2026/09/09 00:49:54 OK   00013_service_principal_administration.sql (16.63ms)
2026/09/09 00:49:54 OK   00014_human_membership_administration.sql (28.33ms)
2026/09/09 00:49:54 OK   00015_organization_reporting.sql (17ms)
2026/09/09 00:49:54 OK   00016_project_retention_content_deletion.sql (48.59ms)
2026/09/09 00:49:54 OK   00017_platform_operator_break_glass.sql (34.77ms)
2026/09/09 00:49:54 OK   00018_finance_reconciliation.sql (17.76ms)
2026/09/09 00:49:54 OK   00019_certified_remediation.sql (23.66ms)
2026/09/09 00:49:54 OK   00020_remediation_execution_claim.sql (5.4ms)
2026/09/09 00:49:54 OK   00021_remediation_execution_dispatch.sql (2.57ms)
2026/09/09 00:49:54 OK   00022_remediation_execution_claim_replay.sql (2.22ms)
2026/09/09 00:49:54 OK   00023_fleet_controller_worker_readiness.sql (68.19ms)
2026/09/09 00:49:54 OK   00024_staging_artifact_expiry.sql (3.89ms)
2026/09/09 00:49:54 OK   00025_scheduler_inbox_receipt.sql (2.56ms)
2026/09/09 00:49:54 OK   00026_synchronous_quorum_guard.sql (1.81ms)
2026/09/09 00:49:54 OK   00027_authorized_debug_dump_lifecycle.sql (45.91ms)
2026/09/09 00:49:54 OK   00028_off_cluster_backup_retention.sql (11.77ms)
2026/09/09 00:49:54 OK   00029_artifact_backup_replication.sql (12.18ms)
2026/09/09 00:49:54 OK   00030_non_content_legal_hold.sql (23.82ms)
2026/09/09 00:49:54 OK   00031_non_content_record_expiry.sql (68.46ms)
2026/09/09 00:49:54 OK   00032_catalog_promotion_production_gates.sql (32.73ms)
2026/09/09 00:49:54 OK   00033_statistical_slo_measurement.sql (25.2ms)
2026/09/09 00:49:54 OK   00034_stage_execution_catalog.sql (56.47ms)
2026/09/09 00:49:55 OK   00035_worker_instance_residency.sql (67.96ms)
2026/09/09 00:49:55 OK   00036_stage_attempt_authority.sql (91.22ms)
2026/09/09 00:49:55 OK   00037_stage_scheduler.sql (44.33ms)
2026/09/09 00:49:55 OK   00038_stage_artifact.sql (43.64ms)
2026/09/09 00:49:55 OK   00039_stage_worker_control_authority.sql (3.39ms)
2026/09/09 00:49:55 OK   00040_stage_worker_execution.sql (19.36ms)
2026/09/09 00:49:55 OK   00041_stage_worker_operations.sql (13.9ms)
2026/09/09 00:49:55 OK   00042_stage_worker_assignment.sql (14.2ms)
2026/09/09 00:49:55 OK   00043_stage_graph_finalization.sql (6.14ms)
2026/09/09 00:49:55 OK   00044_stage_cache.sql (28.29ms)
2026/09/09 00:49:55 OK   00045_stage_graph_finalization_outputs.sql (5.02ms)
2026/09/09 00:49:55 OK   00046_stage_graph_visible_completion.sql (6.07ms)
2026/09/09 00:49:55 OK   00047_usage_cost_ledger.sql (15.99ms)
2026/09/09 00:49:55 OK   00048_stage_run_output_binding.sql (13.48ms)
2026/09/09 00:49:55 OK   00049_stage_cutover_control.sql (53.64ms)
2026/09/09 00:49:55 OK   00050_stage_graph_instantiation_dispatch.sql (18.38ms)
2026/09/09 00:49:55 OK   00051_atomic_stage_graph_admission.sql (8.56ms)
2026/09/09 00:49:55 OK   00052_stage_cutover_zero_backlog_seal.sql (19.51ms)
2026/09/09 00:49:55 OK   00053_legacy_h3_guarded_contraction.sql (14.36ms)
2026/09/09 00:49:55 OK   00054_stage_transfer_consume_destination.sql (3.06ms)
2026/09/09 00:49:55 OK   00055_h3_campaign_evidence_reader.sql (3.5ms)
2026/09/09 00:49:55 OK   00056_stage_observability_reader.sql (916.96µs)
2026/09/09 00:49:55 OK   00057_legacy_h3_release_contraction_gate.sql (9.37ms)
2026/09/09 00:49:55 OK   00058_legacy_h3_schema_contraction.sql (160.16ms)
2026/09/09 00:49:55 OK   00059_model_runtime_epoch_registration.sql (21.89ms)
2026/09/09 00:49:55 OK   00060_model_runtime_gang_barrier.sql (20.08ms)
2026/09/09 00:49:55 OK   00061_stage_worker_gang_authority.sql (6.5ms)
2026/09/09 00:49:55 OK   00062_stage_authority_member_identity.sql (2.79ms)
2026/09/09 00:49:55 OK   00063_h3_execution_snapshot.sql (3.7ms)
2026/09/09 00:49:55 OK   00064_model_runtime_capacity_routes.sql (12.57ms)
2026/09/09 00:49:55 OK   00065_h3_exact_cache_reconciliation.sql (10.97ms)
2026/09/09 00:49:55 OK   00066_stage_worker_control_session_capacity.sql (24.57ms)
2026/09/09 00:49:55 OK   00067_stage_scheduler_project_capacity.sql (2.58ms)
2026/09/09 00:49:55 OK   00068_stage_assignment_connector_states.sql (1.96ms)
2026/09/09 00:49:55 OK   00069_stage_transfer_server_clock.sql (5.2ms)
2026/09/09 00:49:55 OK   00070_stage_lease_expiry_recovery.sql (11.1ms)
2026/09/09 00:49:55 OK   00071_stage_artifact_lifecycle.sql (17.9ms)
2026/09/09 00:49:55 OK   00072_recovery_quiescence.sql (13.02ms)
2026/09/09 00:49:55 OK   00073_stage_cache_downstream_bindings.sql (5.63ms)
2026/09/09 00:49:55 OK   00074_job_owned_public_artifact_copies.sql (3.42ms)
2026/09/09 00:49:55 OK   00075_stage_graph_failure_terminalization.sql (19.02ms)
2026/09/09 00:49:55 OK   00076_allocation_usage_unit.sql (791.13µs)
2026/09/09 00:49:55 OK   00077_runtime_usage_receipts.sql (3.85ms)
2026/09/09 00:49:55 OK   00078_idle_stage_worker_probe.sql (5.06ms)
2026/09/09 00:49:55 OK   00079_stage_job_expiry.sql (6.01ms)
2026/09/09 00:49:55 OK   00080_stage_scheduler_snapshot_lock_order.sql (2.92ms)
2026/09/09 00:49:55 OK   00081_stage_assignment_quorum.sql (1.32ms)
2026/09/09 00:49:55 OK   00082_stage_success_storage_completion.sql (2.68ms)
2026/09/09 00:49:55 OK   00083_capacity_observation_lifecycle.sql (3.84ms)
2026/09/09 00:49:55 OK   00084_blocked_stage_worker_probe.sql (4.11ms)
2026/09/09 00:49:55 OK   00085_stage_materialization_terminal_replay.sql (2.38ms)
2026/09/09 00:49:55 OK   00086_stage_failure_terminal_replay.sql (5.68ms)
2026/09/09 00:49:55 OK   00087_stage_claim_finalization_lock_order.sql (2.33ms)
2026/09/09 00:49:55 OK   00088_stage_allocation_execution_sequence.sql (4.02ms)
2026/09/09 00:49:55 OK   00089_stage_terminal_history.sql (7.66ms)
2026/09/09 00:49:55 OK   00090_stage_assignment_content_lifecycle.sql (17.5ms)
2026/09/09 00:49:55 OK   00091_worker_journal_bootstrap.sql (16.93ms)
2026/09/09 00:49:55 OK   00092_worker_bootstrap_history.sql (2.2ms)
2026/09/09 00:49:55 OK   00093_worker_bootstrap_nonzero_scopes.sql (1.07ms)
2026/09/09 00:49:55 OK   00094_worker_bootstrap_abandonment.sql (11.16ms)
2026/09/09 00:49:55 OK   00095_runtime_startup_reservation.sql (11.49ms)
2026/09/09 00:49:55 goose: successfully migrated database to version: 95
2026/09/09 00:49:56 🐳 Stopping container: 9cdd37469c92
2026/09/09 00:49:56 ✅ Container stopped: 9cdd37469c92
2026/09/09 00:49:56 🐳 Terminating container: 9cdd37469c92
2026/09/09 00:49:56 🚫 Container terminated: 9cdd37469c92
=== RUN   TestRuntimeStartupReservationRejectsFencedAndChangedBundle/bundle-retired
2026/09/09 00:49:56 🐳 Creating container for image postgres:17-alpine
2026/09/09 00:49:56 ✅ Container created: b458206071d5
2026/09/09 00:49:56 🐳 Starting container: b458206071d5
2026/09/09 00:49:56 ✅ Container started: b458206071d5
2026/09/09 00:49:56 ⏳ Waiting for container id b458206071d5 image: postgres:17-alpine. Waiting for: all of: [all of: [log message "database system is ready to accept connections" (occurrence: 2), port 5432/tcp to be mapped]]
2026/09/09 00:49:57 🔔 Container is ready: b458206071d5
2026/09/09 00:49:57 OK   00001_foundation.sql (72.21ms)
2026/09/09 00:49:57 OK   00002_worker_assignment.sql (15.15ms)
2026/09/09 00:49:57 OK   00003_worker_start.sql (2.88ms)
2026/09/09 00:49:57 OK   00004_worker_heartbeat.sql (17.51ms)
2026/09/09 00:49:57 OK   00005_execution_failure.sql (15.66ms)
2026/09/09 00:49:57 OK   00006_customer_cancellation.sql (33.68ms)
2026/09/09 00:49:57 OK   00007_artifact_finalization.sql (31.34ms)
2026/09/09 00:49:57 OK   00008_hierarchical_scheduler.sql (44.83ms)
2026/09/09 00:49:57 OK   00009_invoice_export.sql (12.27ms)
2026/09/09 00:49:57 OK   00010_profile_certification_circuit.sql (18.27ms)
2026/09/09 00:49:57 OK   00011_project_webhooks.sql (31.51ms)
2026/09/09 00:49:57 OK   00012_human_oidc_fixed_rbac.sql (23.23ms)
2026/09/09 00:49:57 OK   00013_service_principal_administration.sql (15.04ms)
2026/09/09 00:49:57 OK   00014_human_membership_administration.sql (28.51ms)
2026/09/09 00:49:57 OK   00015_organization_reporting.sql (17.95ms)
2026/09/09 00:49:57 OK   00016_project_retention_content_deletion.sql (52.97ms)
2026/09/09 00:49:57 OK   00017_platform_operator_break_glass.sql (36.3ms)
2026/09/09 00:49:57 OK   00018_finance_reconciliation.sql (16.56ms)
2026/09/09 00:49:57 OK   00019_certified_remediation.sql (22.96ms)
2026/09/09 00:49:57 OK   00020_remediation_execution_claim.sql (5.49ms)
2026/09/09 00:49:57 OK   00021_remediation_execution_dispatch.sql (2.19ms)
2026/09/09 00:49:57 OK   00022_remediation_execution_claim_replay.sql (2.4ms)
2026/09/09 00:49:57 OK   00023_fleet_controller_worker_readiness.sql (69.43ms)
2026/09/09 00:49:57 OK   00024_staging_artifact_expiry.sql (3.86ms)
2026/09/09 00:49:57 OK   00025_scheduler_inbox_receipt.sql (2.43ms)
2026/09/09 00:49:57 OK   00026_synchronous_quorum_guard.sql (1.7ms)
2026/09/09 00:49:57 OK   00027_authorized_debug_dump_lifecycle.sql (50.86ms)
2026/09/09 00:49:57 OK   00028_off_cluster_backup_retention.sql (12.15ms)
2026/09/09 00:49:57 OK   00029_artifact_backup_replication.sql (11.38ms)
2026/09/09 00:49:57 OK   00030_non_content_legal_hold.sql (22.99ms)
2026/09/09 00:49:57 OK   00031_non_content_record_expiry.sql (61.12ms)
2026/09/09 00:49:57 OK   00032_catalog_promotion_production_gates.sql (30.99ms)
2026/09/09 00:49:57 OK   00033_statistical_slo_measurement.sql (23.28ms)
2026/09/09 00:49:58 OK   00034_stage_execution_catalog.sql (55.26ms)
2026/09/09 00:49:58 OK   00035_worker_instance_residency.sql (64.52ms)
2026/09/09 00:49:58 OK   00036_stage_attempt_authority.sql (92.66ms)
2026/09/09 00:49:58 OK   00037_stage_scheduler.sql (48.56ms)
2026/09/09 00:49:58 OK   00038_stage_artifact.sql (46.99ms)
2026/09/09 00:49:58 OK   00039_stage_worker_control_authority.sql (3.37ms)
2026/09/09 00:49:58 OK   00040_stage_worker_execution.sql (22.31ms)
2026/09/09 00:49:58 OK   00041_stage_worker_operations.sql (14.02ms)
2026/09/09 00:49:58 OK   00042_stage_worker_assignment.sql (15.68ms)
2026/09/09 00:49:58 OK   00043_stage_graph_finalization.sql (6.97ms)
2026/09/09 00:49:58 OK   00044_stage_cache.sql (28.23ms)
2026/09/09 00:49:58 OK   00045_stage_graph_finalization_outputs.sql (4.56ms)
2026/09/09 00:49:58 OK   00046_stage_graph_visible_completion.sql (6.33ms)
2026/09/09 00:49:58 OK   00047_usage_cost_ledger.sql (15.41ms)
2026/09/09 00:49:58 OK   00048_stage_run_output_binding.sql (13.17ms)
2026/09/09 00:49:58 OK   00049_stage_cutover_control.sql (50.18ms)
2026/09/09 00:49:58 OK   00050_stage_graph_instantiation_dispatch.sql (16.69ms)
2026/09/09 00:49:58 OK   00051_atomic_stage_graph_admission.sql (8.02ms)
2026/09/09 00:49:58 OK   00052_stage_cutover_zero_backlog_seal.sql (19.94ms)
2026/09/09 00:49:58 OK   00053_legacy_h3_guarded_contraction.sql (14.85ms)
2026/09/09 00:49:58 OK   00054_stage_transfer_consume_destination.sql (3.11ms)
2026/09/09 00:49:58 OK   00055_h3_campaign_evidence_reader.sql (3.55ms)
2026/09/09 00:49:58 OK   00056_stage_observability_reader.sql (813.5µs)
2026/09/09 00:49:58 OK   00057_legacy_h3_release_contraction_gate.sql (9.53ms)
2026/09/09 00:49:58 OK   00058_legacy_h3_schema_contraction.sql (159.96ms)
2026/09/09 00:49:58 OK   00059_model_runtime_epoch_registration.sql (20.24ms)
2026/09/09 00:49:58 OK   00060_model_runtime_gang_barrier.sql (19.12ms)
2026/09/09 00:49:58 OK   00061_stage_worker_gang_authority.sql (5.57ms)
2026/09/09 00:49:58 OK   00062_stage_authority_member_identity.sql (2.55ms)
2026/09/09 00:49:58 OK   00063_h3_execution_snapshot.sql (3.31ms)
2026/09/09 00:49:58 OK   00064_model_runtime_capacity_routes.sql (11.97ms)
2026/09/09 00:49:58 OK   00065_h3_exact_cache_reconciliation.sql (11.37ms)
2026/09/09 00:49:58 OK   00066_stage_worker_control_session_capacity.sql (26.37ms)
2026/09/09 00:49:58 OK   00067_stage_scheduler_project_capacity.sql (2.11ms)
2026/09/09 00:49:58 OK   00068_stage_assignment_connector_states.sql (1.94ms)
2026/09/09 00:49:58 OK   00069_stage_transfer_server_clock.sql (5.13ms)
2026/09/09 00:49:58 OK   00070_stage_lease_expiry_recovery.sql (12.06ms)
2026/09/09 00:49:58 OK   00071_stage_artifact_lifecycle.sql (19.47ms)
2026/09/09 00:49:58 OK   00072_recovery_quiescence.sql (12.1ms)
2026/09/09 00:49:58 OK   00073_stage_cache_downstream_bindings.sql (5.24ms)
2026/09/09 00:49:58 OK   00074_job_owned_public_artifact_copies.sql (3.2ms)
2026/09/09 00:49:58 OK   00075_stage_graph_failure_terminalization.sql (18ms)
2026/09/09 00:49:58 OK   00076_allocation_usage_unit.sql (743.83µs)
2026/09/09 00:49:58 OK   00077_runtime_usage_receipts.sql (3.55ms)
2026/09/09 00:49:58 OK   00078_idle_stage_worker_probe.sql (4.7ms)
2026/09/09 00:49:58 OK   00079_stage_job_expiry.sql (5.59ms)
2026/09/09 00:49:58 OK   00080_stage_scheduler_snapshot_lock_order.sql (2.76ms)
2026/09/09 00:49:58 OK   00081_stage_assignment_quorum.sql (1.72ms)
2026/09/09 00:49:58 OK   00082_stage_success_storage_completion.sql (2.81ms)
2026/09/09 00:49:58 OK   00083_capacity_observation_lifecycle.sql (3.85ms)
2026/09/09 00:49:58 OK   00084_blocked_stage_worker_probe.sql (3.54ms)
2026/09/09 00:49:58 OK   00085_stage_materialization_terminal_replay.sql (2.29ms)
2026/09/09 00:49:58 OK   00086_stage_failure_terminal_replay.sql (5.37ms)
2026/09/09 00:49:58 OK   00087_stage_claim_finalization_lock_order.sql (1.86ms)
2026/09/09 00:49:58 OK   00088_stage_allocation_execution_sequence.sql (3.7ms)
2026/09/09 00:49:58 OK   00089_stage_terminal_history.sql (7.07ms)
2026/09/09 00:49:58 OK   00090_stage_assignment_content_lifecycle.sql (16.91ms)
2026/09/09 00:49:59 OK   00091_worker_journal_bootstrap.sql (17.28ms)
2026/09/09 00:49:59 OK   00092_worker_bootstrap_history.sql (1.93ms)
2026/09/09 00:49:59 OK   00093_worker_bootstrap_nonzero_scopes.sql (1.07ms)
2026/09/09 00:49:59 OK   00094_worker_bootstrap_abandonment.sql (10.26ms)
2026/09/09 00:49:59 OK   00095_runtime_startup_reservation.sql (11.1ms)
2026/09/09 00:49:59 goose: successfully migrated database to version: 95
2026/09/09 00:49:59 🐳 Stopping container: b458206071d5
2026/09/09 00:49:59 ✅ Container stopped: b458206071d5
2026/09/09 00:49:59 🐳 Terminating container: b458206071d5
2026/09/09 00:49:59 🚫 Container terminated: b458206071d5
=== RUN   TestRuntimeStartupReservationRejectsFencedAndChangedBundle/bundle-digest
2026/09/09 00:49:59 🐳 Creating container for image postgres:17-alpine
2026/09/09 00:49:59 ✅ Container created: 11c9d244f3a2
2026/09/09 00:49:59 🐳 Starting container: 11c9d244f3a2
2026/09/09 00:49:59 ✅ Container started: 11c9d244f3a2
2026/09/09 00:49:59 ⏳ Waiting for container id 11c9d244f3a2 image: postgres:17-alpine. Waiting for: all of: [all of: [log message "database system is ready to accept connections" (occurrence: 2), port 5432/tcp to be mapped]]
2026/09/09 00:50:00 🔔 Container is ready: 11c9d244f3a2
2026/09/09 00:50:00 OK   00001_foundation.sql (72.96ms)
2026/09/09 00:50:00 OK   00002_worker_assignment.sql (15.86ms)
2026/09/09 00:50:00 OK   00003_worker_start.sql (3.16ms)
2026/09/09 00:50:00 OK   00004_worker_heartbeat.sql (17.37ms)
2026/09/09 00:50:00 OK   00005_execution_failure.sql (16.47ms)
2026/09/09 00:50:00 OK   00006_customer_cancellation.sql (33.38ms)
2026/09/09 00:50:00 OK   00007_artifact_finalization.sql (35ms)
2026/09/09 00:50:00 OK   00008_hierarchical_scheduler.sql (47.45ms)
2026/09/09 00:50:00 OK   00009_invoice_export.sql (12.32ms)
2026/09/09 00:50:00 OK   00010_profile_certification_circuit.sql (18.04ms)
2026/09/09 00:50:00 OK   00011_project_webhooks.sql (31.68ms)
2026/09/09 00:50:00 OK   00012_human_oidc_fixed_rbac.sql (23.68ms)
2026/09/09 00:50:00 OK   00013_service_principal_administration.sql (14.66ms)
2026/09/09 00:50:00 OK   00014_human_membership_administration.sql (27.61ms)
2026/09/09 00:50:00 OK   00015_organization_reporting.sql (19.14ms)
2026/09/09 00:50:00 OK   00016_project_retention_content_deletion.sql (50.79ms)
2026/09/09 00:50:00 OK   00017_platform_operator_break_glass.sql (33.65ms)
2026/09/09 00:50:00 OK   00018_finance_reconciliation.sql (17.67ms)
2026/09/09 00:50:00 OK   00019_certified_remediation.sql (23.49ms)
2026/09/09 00:50:00 OK   00020_remediation_execution_claim.sql (5.07ms)
2026/09/09 00:50:00 OK   00021_remediation_execution_dispatch.sql (2.22ms)
2026/09/09 00:50:00 OK   00022_remediation_execution_claim_replay.sql (2ms)
2026/09/09 00:50:00 OK   00023_fleet_controller_worker_readiness.sql (66.18ms)
2026/09/09 00:50:00 OK   00024_staging_artifact_expiry.sql (3.57ms)
2026/09/09 00:50:00 OK   00025_scheduler_inbox_receipt.sql (2.42ms)
2026/09/09 00:50:00 OK   00026_synchronous_quorum_guard.sql (1.52ms)
2026/09/09 00:50:00 OK   00027_authorized_debug_dump_lifecycle.sql (46.5ms)
2026/09/09 00:50:00 OK   00028_off_cluster_backup_retention.sql (12.01ms)
2026/09/09 00:50:00 OK   00029_artifact_backup_replication.sql (11.09ms)
2026/09/09 00:50:00 OK   00030_non_content_legal_hold.sql (22.85ms)
2026/09/09 00:50:01 OK   00031_non_content_record_expiry.sql (65.08ms)
2026/09/09 00:50:01 OK   00032_catalog_promotion_production_gates.sql (33.63ms)
2026/09/09 00:50:01 OK   00033_statistical_slo_measurement.sql (24.57ms)
2026/09/09 00:50:01 OK   00034_stage_execution_catalog.sql (57.26ms)
2026/09/09 00:50:01 OK   00035_worker_instance_residency.sql (65.88ms)
2026/09/09 00:50:01 OK   00036_stage_attempt_authority.sql (89.09ms)
2026/09/09 00:50:01 OK   00037_stage_scheduler.sql (47.5ms)
2026/09/09 00:50:01 OK   00038_stage_artifact.sql (45.94ms)
2026/09/09 00:50:01 OK   00039_stage_worker_control_authority.sql (3.35ms)
2026/09/09 00:50:01 OK   00040_stage_worker_execution.sql (20.46ms)
2026/09/09 00:50:01 OK   00041_stage_worker_operations.sql (12.85ms)
2026/09/09 00:50:01 OK   00042_stage_worker_assignment.sql (14.38ms)
2026/09/09 00:50:01 OK   00043_stage_graph_finalization.sql (6.82ms)
2026/09/09 00:50:01 OK   00044_stage_cache.sql (29.04ms)
2026/09/09 00:50:01 OK   00045_stage_graph_finalization_outputs.sql (5.26ms)
2026/09/09 00:50:01 OK   00046_stage_graph_visible_completion.sql (6.5ms)
2026/09/09 00:50:01 OK   00047_usage_cost_ledger.sql (17.75ms)
2026/09/09 00:50:01 OK   00048_stage_run_output_binding.sql (15.72ms)
2026/09/09 00:50:01 OK   00049_stage_cutover_control.sql (55.01ms)
2026/09/09 00:50:01 OK   00050_stage_graph_instantiation_dispatch.sql (16.75ms)
2026/09/09 00:50:01 OK   00051_atomic_stage_graph_admission.sql (8.14ms)
2026/09/09 00:50:01 OK   00052_stage_cutover_zero_backlog_seal.sql (19.47ms)
2026/09/09 00:50:01 OK   00053_legacy_h3_guarded_contraction.sql (13.64ms)
2026/09/09 00:50:01 OK   00054_stage_transfer_consume_destination.sql (3.22ms)
2026/09/09 00:50:01 OK   00055_h3_campaign_evidence_reader.sql (3.33ms)
2026/09/09 00:50:01 OK   00056_stage_observability_reader.sql (831.17µs)
2026/09/09 00:50:01 OK   00057_legacy_h3_release_contraction_gate.sql (8.97ms)
2026/09/09 00:50:01 OK   00058_legacy_h3_schema_contraction.sql (165.3ms)
2026/09/09 00:50:01 OK   00059_model_runtime_epoch_registration.sql (20.49ms)
2026/09/09 00:50:01 OK   00060_model_runtime_gang_barrier.sql (17.04ms)
2026/09/09 00:50:01 OK   00061_stage_worker_gang_authority.sql (5.62ms)
2026/09/09 00:50:01 OK   00062_stage_authority_member_identity.sql (2.58ms)
2026/09/09 00:50:01 OK   00063_h3_execution_snapshot.sql (3.14ms)
2026/09/09 00:50:01 OK   00064_model_runtime_capacity_routes.sql (12.81ms)
2026/09/09 00:50:01 OK   00065_h3_exact_cache_reconciliation.sql (11.03ms)
2026/09/09 00:50:01 OK   00066_stage_worker_control_session_capacity.sql (22.39ms)
2026/09/09 00:50:01 OK   00067_stage_scheduler_project_capacity.sql (2.01ms)
2026/09/09 00:50:01 OK   00068_stage_assignment_connector_states.sql (1.62ms)
2026/09/09 00:50:01 OK   00069_stage_transfer_server_clock.sql (5.17ms)
2026/09/09 00:50:01 OK   00070_stage_lease_expiry_recovery.sql (11.42ms)
2026/09/09 00:50:01 OK   00071_stage_artifact_lifecycle.sql (17.6ms)
2026/09/09 00:50:01 OK   00072_recovery_quiescence.sql (12.04ms)
2026/09/09 00:50:01 OK   00073_stage_cache_downstream_bindings.sql (5.45ms)
2026/09/09 00:50:01 OK   00074_job_owned_public_artifact_copies.sql (2.86ms)
2026/09/09 00:50:01 OK   00075_stage_graph_failure_terminalization.sql (18.57ms)
2026/09/09 00:50:01 OK   00076_allocation_usage_unit.sql (747.79µs)
2026/09/09 00:50:01 OK   00077_runtime_usage_receipts.sql (3.52ms)
2026/09/09 00:50:02 OK   00078_idle_stage_worker_probe.sql (4.77ms)
2026/09/09 00:50:02 OK   00079_stage_job_expiry.sql (5.64ms)
2026/09/09 00:50:02 OK   00080_stage_scheduler_snapshot_lock_order.sql (2.96ms)
2026/09/09 00:50:02 OK   00081_stage_assignment_quorum.sql (1.38ms)
2026/09/09 00:50:02 OK   00082_stage_success_storage_completion.sql (3.02ms)
2026/09/09 00:50:02 OK   00083_capacity_observation_lifecycle.sql (3.8ms)
2026/09/09 00:50:02 OK   00084_blocked_stage_worker_probe.sql (3.56ms)
2026/09/09 00:50:02 OK   00085_stage_materialization_terminal_replay.sql (2.29ms)
2026/09/09 00:50:02 OK   00086_stage_failure_terminal_replay.sql (5.62ms)
2026/09/09 00:50:02 OK   00087_stage_claim_finalization_lock_order.sql (2.12ms)
2026/09/09 00:50:02 OK   00088_stage_allocation_execution_sequence.sql (4.03ms)
2026/09/09 00:50:02 OK   00089_stage_terminal_history.sql (7.56ms)
2026/09/09 00:50:02 OK   00090_stage_assignment_content_lifecycle.sql (17.98ms)
2026/09/09 00:50:02 OK   00091_worker_journal_bootstrap.sql (17.73ms)
2026/09/09 00:50:02 OK   00092_worker_bootstrap_history.sql (2.41ms)
2026/09/09 00:50:02 OK   00093_worker_bootstrap_nonzero_scopes.sql (1.02ms)
2026/09/09 00:50:02 OK   00094_worker_bootstrap_abandonment.sql (10.59ms)
2026/09/09 00:50:02 OK   00095_runtime_startup_reservation.sql (10.89ms)
2026/09/09 00:50:02 goose: successfully migrated database to version: 95
2026/09/09 00:50:02 🐳 Stopping container: 11c9d244f3a2
2026/09/09 00:50:02 ✅ Container stopped: 11c9d244f3a2
2026/09/09 00:50:02 🐳 Terminating container: 11c9d244f3a2
2026/09/09 00:50:02 🚫 Container terminated: 11c9d244f3a2
--- PASS: TestRuntimeStartupReservationRejectsFencedAndChangedBundle (14.61s)
    --- PASS: TestRuntimeStartupReservationRejectsFencedAndChangedBundle/fenced (5.29s)
    --- PASS: TestRuntimeStartupReservationRejectsFencedAndChangedBundle/observed (3.17s)
    --- PASS: TestRuntimeStartupReservationRejectsFencedAndChangedBundle/bundle-retired (3.08s)
    --- PASS: TestRuntimeStartupReservationRejectsFencedAndChangedBundle/bundle-digest (3.08s)
=== RUN   TestRuntimeStartupReservationRequiresCommittedQuorum
2026/09/09 00:50:02 🐳 Creating container for image postgres:17-alpine
2026/09/09 00:50:02 ✅ Container created: 798098123aaa
2026/09/09 00:50:02 🐳 Starting container: 798098123aaa
2026/09/09 00:50:02 ✅ Container started: 798098123aaa
2026/09/09 00:50:02 ⏳ Waiting for container id 798098123aaa image: postgres:17-alpine. Waiting for: all of: [all of: [log message "database system is ready to accept connections" (occurrence: 2), port 5432/tcp to be mapped]]
2026/09/09 00:50:03 🔔 Container is ready: 798098123aaa
2026/09/09 00:50:03 OK   00001_foundation.sql (54.74ms)
2026/09/09 00:50:03 OK   00002_worker_assignment.sql (13.92ms)
2026/09/09 00:50:03 OK   00003_worker_start.sql (2.45ms)
2026/09/09 00:50:03 OK   00004_worker_heartbeat.sql (15.02ms)
2026/09/09 00:50:03 OK   00005_execution_failure.sql (13.59ms)
2026/09/09 00:50:03 OK   00006_customer_cancellation.sql (28.94ms)
2026/09/09 00:50:03 OK   00007_artifact_finalization.sql (32.1ms)
2026/09/09 00:50:03 OK   00008_hierarchical_scheduler.sql (50.64ms)
2026/09/09 00:50:03 OK   00009_invoice_export.sql (13.77ms)
2026/09/09 00:50:03 OK   00010_profile_certification_circuit.sql (20.25ms)
2026/09/09 00:50:03 OK   00011_project_webhooks.sql (34.07ms)
2026/09/09 00:50:03 OK   00012_human_oidc_fixed_rbac.sql (26.74ms)
2026/09/09 00:50:03 OK   00013_service_principal_administration.sql (14.63ms)
2026/09/09 00:50:03 OK   00014_human_membership_administration.sql (29.07ms)
2026/09/09 00:50:03 OK   00015_organization_reporting.sql (18.58ms)
2026/09/09 00:50:03 OK   00016_project_retention_content_deletion.sql (53.71ms)
2026/09/09 00:50:03 OK   00017_platform_operator_break_glass.sql (34.34ms)
2026/09/09 00:50:03 OK   00018_finance_reconciliation.sql (17.04ms)
2026/09/09 00:50:03 OK   00019_certified_remediation.sql (21.97ms)
2026/09/09 00:50:03 OK   00020_remediation_execution_claim.sql (5.32ms)
2026/09/09 00:50:03 OK   00021_remediation_execution_dispatch.sql (2.23ms)
2026/09/09 00:50:03 OK   00022_remediation_execution_claim_replay.sql (2.1ms)
2026/09/09 00:50:03 OK   00023_fleet_controller_worker_readiness.sql (66.22ms)
2026/09/09 00:50:03 OK   00024_staging_artifact_expiry.sql (3.79ms)
2026/09/09 00:50:03 OK   00025_scheduler_inbox_receipt.sql (2.44ms)
2026/09/09 00:50:03 OK   00026_synchronous_quorum_guard.sql (1.73ms)
2026/09/09 00:50:03 OK   00027_authorized_debug_dump_lifecycle.sql (48.55ms)
2026/09/09 00:50:03 OK   00028_off_cluster_backup_retention.sql (11.91ms)
2026/09/09 00:50:03 OK   00029_artifact_backup_replication.sql (10.71ms)
2026/09/09 00:50:03 OK   00030_non_content_legal_hold.sql (22.33ms)
2026/09/09 00:50:04 OK   00031_non_content_record_expiry.sql (63.55ms)
2026/09/09 00:50:04 OK   00032_catalog_promotion_production_gates.sql (33.28ms)
2026/09/09 00:50:04 OK   00033_statistical_slo_measurement.sql (24.96ms)
2026/09/09 00:50:04 OK   00034_stage_execution_catalog.sql (56.57ms)
2026/09/09 00:50:04 OK   00035_worker_instance_residency.sql (66.36ms)
2026/09/09 00:50:04 OK   00036_stage_attempt_authority.sql (88.69ms)
2026/09/09 00:50:04 OK   00037_stage_scheduler.sql (45.26ms)
2026/09/09 00:50:04 OK   00038_stage_artifact.sql (45.05ms)
2026/09/09 00:50:04 OK   00039_stage_worker_control_authority.sql (3.67ms)
2026/09/09 00:50:04 OK   00040_stage_worker_execution.sql (19.76ms)
2026/09/09 00:50:04 OK   00041_stage_worker_operations.sql (13.39ms)
2026/09/09 00:50:04 OK   00042_stage_worker_assignment.sql (14.72ms)
2026/09/09 00:50:04 OK   00043_stage_graph_finalization.sql (6.66ms)
2026/09/09 00:50:04 OK   00044_stage_cache.sql (28.84ms)
2026/09/09 00:50:04 OK   00045_stage_graph_finalization_outputs.sql (5.13ms)
2026/09/09 00:50:04 OK   00046_stage_graph_visible_completion.sql (6.17ms)
2026/09/09 00:50:04 OK   00047_usage_cost_ledger.sql (16.77ms)
2026/09/09 00:50:04 OK   00048_stage_run_output_binding.sql (14.39ms)
2026/09/09 00:50:04 OK   00049_stage_cutover_control.sql (52.81ms)
2026/09/09 00:50:04 OK   00050_stage_graph_instantiation_dispatch.sql (17.92ms)
2026/09/09 00:50:04 OK   00051_atomic_stage_graph_admission.sql (8.51ms)
2026/09/09 00:50:04 OK   00052_stage_cutover_zero_backlog_seal.sql (19.96ms)
2026/09/09 00:50:04 OK   00053_legacy_h3_guarded_contraction.sql (14.31ms)
2026/09/09 00:50:04 OK   00054_stage_transfer_consume_destination.sql (3.52ms)
2026/09/09 00:50:04 OK   00055_h3_campaign_evidence_reader.sql (3.53ms)
2026/09/09 00:50:04 OK   00056_stage_observability_reader.sql (874.88µs)
2026/09/09 00:50:04 OK   00057_legacy_h3_release_contraction_gate.sql (9.6ms)
2026/09/09 00:50:04 OK   00058_legacy_h3_schema_contraction.sql (163.6ms)
2026/09/09 00:50:04 OK   00059_model_runtime_epoch_registration.sql (19.59ms)
2026/09/09 00:50:04 OK   00060_model_runtime_gang_barrier.sql (18.12ms)
2026/09/09 00:50:04 OK   00061_stage_worker_gang_authority.sql (5.61ms)
2026/09/09 00:50:04 OK   00062_stage_authority_member_identity.sql (2.5ms)
2026/09/09 00:50:04 OK   00063_h3_execution_snapshot.sql (2.96ms)
2026/09/09 00:50:04 OK   00064_model_runtime_capacity_routes.sql (12.11ms)
2026/09/09 00:50:04 OK   00065_h3_exact_cache_reconciliation.sql (11.01ms)
2026/09/09 00:50:04 OK   00066_stage_worker_control_session_capacity.sql (25.38ms)
2026/09/09 00:50:04 OK   00067_stage_scheduler_project_capacity.sql (2.24ms)
2026/09/09 00:50:04 OK   00068_stage_assignment_connector_states.sql (1.86ms)
2026/09/09 00:50:04 OK   00069_stage_transfer_server_clock.sql (5.11ms)
2026/09/09 00:50:04 OK   00070_stage_lease_expiry_recovery.sql (12.37ms)
2026/09/09 00:50:04 OK   00071_stage_artifact_lifecycle.sql (17.57ms)
2026/09/09 00:50:05 OK   00072_recovery_quiescence.sql (13.59ms)
2026/09/09 00:50:05 OK   00073_stage_cache_downstream_bindings.sql (6.06ms)
2026/09/09 00:50:05 OK   00074_job_owned_public_artifact_copies.sql (3.43ms)
2026/09/09 00:50:05 OK   00075_stage_graph_failure_terminalization.sql (20.8ms)
2026/09/09 00:50:05 OK   00076_allocation_usage_unit.sql (788.29µs)
2026/09/09 00:50:05 OK   00077_runtime_usage_receipts.sql (3.75ms)
2026/09/09 00:50:05 OK   00078_idle_stage_worker_probe.sql (5.34ms)
2026/09/09 00:50:05 OK   00079_stage_job_expiry.sql (6.21ms)
2026/09/09 00:50:05 OK   00080_stage_scheduler_snapshot_lock_order.sql (3ms)
2026/09/09 00:50:05 OK   00081_stage_assignment_quorum.sql (1.5ms)
2026/09/09 00:50:05 OK   00082_stage_success_storage_completion.sql (2.94ms)
2026/09/09 00:50:05 OK   00083_capacity_observation_lifecycle.sql (4.16ms)
2026/09/09 00:50:05 OK   00084_blocked_stage_worker_probe.sql (3.82ms)
2026/09/09 00:50:05 OK   00085_stage_materialization_terminal_replay.sql (2.43ms)
2026/09/09 00:50:05 OK   00086_stage_failure_terminal_replay.sql (5.92ms)
2026/09/09 00:50:05 OK   00087_stage_claim_finalization_lock_order.sql (2.12ms)
2026/09/09 00:50:05 OK   00088_stage_allocation_execution_sequence.sql (4.04ms)
2026/09/09 00:50:05 OK   00089_stage_terminal_history.sql (7.68ms)
2026/09/09 00:50:05 OK   00090_stage_assignment_content_lifecycle.sql (17.72ms)
2026/09/09 00:50:05 OK   00091_worker_journal_bootstrap.sql (17.2ms)
2026/09/09 00:50:05 OK   00092_worker_bootstrap_history.sql (2.02ms)
2026/09/09 00:50:05 OK   00093_worker_bootstrap_nonzero_scopes.sql (918.96µs)
2026/09/09 00:50:05 OK   00094_worker_bootstrap_abandonment.sql (9.24ms)
2026/09/09 00:50:05 OK   00095_runtime_startup_reservation.sql (10.47ms)
2026/09/09 00:50:05 goose: successfully migrated database to version: 95
2026/09/09 00:50:05 🐳 Stopping container: 798098123aaa
2026/09/09 00:50:05 ✅ Container stopped: 798098123aaa
2026/09/09 00:50:05 🐳 Terminating container: 798098123aaa
2026/09/09 00:50:05 🚫 Container terminated: 798098123aaa
--- PASS: TestRuntimeStartupReservationRequiresCommittedQuorum (3.18s)
=== RUN   TestRuntimeStartupReservationAUXVectorIsAtomic
2026/09/09 00:50:05 🐳 Creating container for image postgres:17-alpine
2026/09/09 00:50:05 ✅ Container created: 2ebbf199b915
2026/09/09 00:50:05 🐳 Starting container: 2ebbf199b915
2026/09/09 00:50:05 ✅ Container started: 2ebbf199b915
2026/09/09 00:50:05 ⏳ Waiting for container id 2ebbf199b915 image: postgres:17-alpine. Waiting for: all of: [all of: [log message "database system is ready to accept connections" (occurrence: 2), port 5432/tcp to be mapped]]
2026/09/09 00:50:06 🔔 Container is ready: 2ebbf199b915
2026/09/09 00:50:06 OK   00001_foundation.sql (73.05ms)
2026/09/09 00:50:06 OK   00002_worker_assignment.sql (16.15ms)
2026/09/09 00:50:06 OK   00003_worker_start.sql (2.9ms)
2026/09/09 00:50:06 OK   00004_worker_heartbeat.sql (17.45ms)
2026/09/09 00:50:06 OK   00005_execution_failure.sql (13.71ms)
2026/09/09 00:50:06 OK   00006_customer_cancellation.sql (27.35ms)
2026/09/09 00:50:06 OK   00007_artifact_finalization.sql (31.09ms)
2026/09/09 00:50:06 OK   00008_hierarchical_scheduler.sql (47.98ms)
2026/09/09 00:50:06 OK   00009_invoice_export.sql (12.8ms)
2026/09/09 00:50:06 OK   00010_profile_certification_circuit.sql (18.57ms)
2026/09/09 00:50:07 OK   00011_project_webhooks.sql (34.14ms)
2026/09/09 00:50:07 OK   00012_human_oidc_fixed_rbac.sql (29.93ms)
2026/09/09 00:50:07 OK   00013_service_principal_administration.sql (19.36ms)
2026/09/09 00:50:07 OK   00014_human_membership_administration.sql (29.23ms)
2026/09/09 00:50:07 OK   00015_organization_reporting.sql (20.76ms)
2026/09/09 00:50:07 OK   00016_project_retention_content_deletion.sql (68.09ms)
2026/09/09 00:50:07 OK   00017_platform_operator_break_glass.sql (34.91ms)
2026/09/09 00:50:07 OK   00018_finance_reconciliation.sql (17.96ms)
2026/09/09 00:50:07 OK   00019_certified_remediation.sql (21.7ms)
2026/09/09 00:50:07 OK   00020_remediation_execution_claim.sql (5.46ms)
2026/09/09 00:50:07 OK   00021_remediation_execution_dispatch.sql (2.16ms)
2026/09/09 00:50:07 OK   00022_remediation_execution_claim_replay.sql (2.14ms)
2026/09/09 00:50:07 OK   00023_fleet_controller_worker_readiness.sql (64.45ms)
2026/09/09 00:50:07 OK   00024_staging_artifact_expiry.sql (6.56ms)
2026/09/09 00:50:07 OK   00025_scheduler_inbox_receipt.sql (4.18ms)
2026/09/09 00:50:07 OK   00026_synchronous_quorum_guard.sql (4.65ms)
2026/09/09 00:50:07 OK   00027_authorized_debug_dump_lifecycle.sql (47.41ms)
2026/09/09 00:50:07 OK   00028_off_cluster_backup_retention.sql (11.82ms)
2026/09/09 00:50:07 OK   00029_artifact_backup_replication.sql (11.21ms)
2026/09/09 00:50:07 OK   00030_non_content_legal_hold.sql (23.12ms)
2026/09/09 00:50:07 OK   00031_non_content_record_expiry.sql (67.99ms)
2026/09/09 00:50:07 OK   00032_catalog_promotion_production_gates.sql (33.01ms)
2026/09/09 00:50:07 OK   00033_statistical_slo_measurement.sql (25.55ms)
2026/09/09 00:50:07 OK   00034_stage_execution_catalog.sql (59.36ms)
2026/09/09 00:50:07 OK   00035_worker_instance_residency.sql (67.54ms)
2026/09/09 00:50:07 OK   00036_stage_attempt_authority.sql (88.56ms)
2026/09/09 00:50:07 OK   00037_stage_scheduler.sql (46.44ms)
2026/09/09 00:50:07 OK   00038_stage_artifact.sql (47.13ms)
2026/09/09 00:50:07 OK   00039_stage_worker_control_authority.sql (3.44ms)
2026/09/09 00:50:07 OK   00040_stage_worker_execution.sql (20.09ms)
2026/09/09 00:50:07 OK   00041_stage_worker_operations.sql (13.18ms)
2026/09/09 00:50:07 OK   00042_stage_worker_assignment.sql (14.57ms)
2026/09/09 00:50:07 OK   00043_stage_graph_finalization.sql (6.87ms)
2026/09/09 00:50:08 OK   00044_stage_cache.sql (30.72ms)
2026/09/09 00:50:08 OK   00045_stage_graph_finalization_outputs.sql (5.05ms)
2026/09/09 00:50:08 OK   00046_stage_graph_visible_completion.sql (6.23ms)
2026/09/09 00:50:08 OK   00047_usage_cost_ledger.sql (17ms)
2026/09/09 00:50:08 OK   00048_stage_run_output_binding.sql (14.42ms)
2026/09/09 00:50:08 OK   00049_stage_cutover_control.sql (54.23ms)
2026/09/09 00:50:08 OK   00050_stage_graph_instantiation_dispatch.sql (17.39ms)
2026/09/09 00:50:08 OK   00051_atomic_stage_graph_admission.sql (8.58ms)
2026/09/09 00:50:08 OK   00052_stage_cutover_zero_backlog_seal.sql (19.63ms)
2026/09/09 00:50:08 OK   00053_legacy_h3_guarded_contraction.sql (14.39ms)
2026/09/09 00:50:08 OK   00054_stage_transfer_consume_destination.sql (3.26ms)
2026/09/09 00:50:08 OK   00055_h3_campaign_evidence_reader.sql (3.61ms)
2026/09/09 00:50:08 OK   00056_stage_observability_reader.sql (800.17µs)
2026/09/09 00:50:08 OK   00057_legacy_h3_release_contraction_gate.sql (9.58ms)
2026/09/09 00:50:08 OK   00058_legacy_h3_schema_contraction.sql (169.01ms)
2026/09/09 00:50:08 OK   00059_model_runtime_epoch_registration.sql (19.39ms)
2026/09/09 00:50:08 OK   00060_model_runtime_gang_barrier.sql (17.94ms)
2026/09/09 00:50:08 OK   00061_stage_worker_gang_authority.sql (5.95ms)
2026/09/09 00:50:08 OK   00062_stage_authority_member_identity.sql (2.56ms)
2026/09/09 00:50:08 OK   00063_h3_execution_snapshot.sql (3.06ms)
2026/09/09 00:50:08 OK   00064_model_runtime_capacity_routes.sql (11.78ms)
2026/09/09 00:50:08 OK   00065_h3_exact_cache_reconciliation.sql (10.65ms)
2026/09/09 00:50:08 OK   00066_stage_worker_control_session_capacity.sql (23.36ms)
2026/09/09 00:50:08 OK   00067_stage_scheduler_project_capacity.sql (2.06ms)
2026/09/09 00:50:08 OK   00068_stage_assignment_connector_states.sql (1.72ms)
2026/09/09 00:50:08 OK   00069_stage_transfer_server_clock.sql (4.98ms)
2026/09/09 00:50:08 OK   00070_stage_lease_expiry_recovery.sql (11.01ms)
2026/09/09 00:50:08 OK   00071_stage_artifact_lifecycle.sql (17.25ms)
2026/09/09 00:50:08 OK   00072_recovery_quiescence.sql (13ms)
2026/09/09 00:50:08 OK   00073_stage_cache_downstream_bindings.sql (5.68ms)
2026/09/09 00:50:08 OK   00074_job_owned_public_artifact_copies.sql (3.05ms)
2026/09/09 00:50:08 OK   00075_stage_graph_failure_terminalization.sql (19.26ms)
2026/09/09 00:50:08 OK   00076_allocation_usage_unit.sql (863.54µs)
2026/09/09 00:50:08 OK   00077_runtime_usage_receipts.sql (3.77ms)
2026/09/09 00:50:08 OK   00078_idle_stage_worker_probe.sql (4.99ms)
2026/09/09 00:50:08 OK   00079_stage_job_expiry.sql (5.91ms)
2026/09/09 00:50:08 OK   00080_stage_scheduler_snapshot_lock_order.sql (3.18ms)
2026/09/09 00:50:08 OK   00081_stage_assignment_quorum.sql (1.39ms)
2026/09/09 00:50:08 OK   00082_stage_success_storage_completion.sql (2.86ms)
2026/09/09 00:50:08 OK   00083_capacity_observation_lifecycle.sql (4.02ms)
2026/09/09 00:50:08 OK   00084_blocked_stage_worker_probe.sql (3.63ms)
2026/09/09 00:50:08 OK   00085_stage_materialization_terminal_replay.sql (2.4ms)
2026/09/09 00:50:08 OK   00086_stage_failure_terminal_replay.sql (5.41ms)
2026/09/09 00:50:08 OK   00087_stage_claim_finalization_lock_order.sql (2ms)
2026/09/09 00:50:08 OK   00088_stage_allocation_execution_sequence.sql (3.87ms)
2026/09/09 00:50:08 OK   00089_stage_terminal_history.sql (7.67ms)
2026/09/09 00:50:08 OK   00090_stage_assignment_content_lifecycle.sql (17.44ms)
2026/09/09 00:50:08 OK   00091_worker_journal_bootstrap.sql (16.71ms)
2026/09/09 00:50:08 OK   00092_worker_bootstrap_history.sql (1.92ms)
2026/09/09 00:50:08 OK   00093_worker_bootstrap_nonzero_scopes.sql (1.11ms)
2026/09/09 00:50:08 OK   00094_worker_bootstrap_abandonment.sql (9.71ms)
2026/09/09 00:50:08 OK   00095_runtime_startup_reservation.sql (10.01ms)
2026/09/09 00:50:08 goose: successfully migrated database to version: 95
2026/09/09 00:50:08 🐳 Stopping container: 2ebbf199b915
2026/09/09 00:50:09 ✅ Container stopped: 2ebbf199b915
2026/09/09 00:50:09 🐳 Terminating container: 2ebbf199b915
2026/09/09 00:50:09 🚫 Container terminated: 2ebbf199b915
--- PASS: TestRuntimeStartupReservationAUXVectorIsAtomic (3.50s)
=== RUN   TestRuntimeStartupReservationRequiresJournalReceipt
2026/09/09 00:50:09 🐳 Creating container for image postgres:17-alpine
2026/09/09 00:50:09 ✅ Container created: 345b92e60bcd
2026/09/09 00:50:09 🐳 Starting container: 345b92e60bcd
2026/09/09 00:50:09 ✅ Container started: 345b92e60bcd
2026/09/09 00:50:09 ⏳ Waiting for container id 345b92e60bcd image: postgres:17-alpine. Waiting for: all of: [all of: [log message "database system is ready to accept connections" (occurrence: 2), port 5432/tcp to be mapped]]
2026/09/09 00:50:10 🔔 Container is ready: 345b92e60bcd
2026/09/09 00:50:10 OK   00001_foundation.sql (60.71ms)
2026/09/09 00:50:10 OK   00002_worker_assignment.sql (23.77ms)
2026/09/09 00:50:10 OK   00003_worker_start.sql (6.85ms)
2026/09/09 00:50:10 OK   00004_worker_heartbeat.sql (19.9ms)
2026/09/09 00:50:10 OK   00005_execution_failure.sql (27.92ms)
2026/09/09 00:50:10 OK   00006_customer_cancellation.sql (27.65ms)
2026/09/09 00:50:10 OK   00007_artifact_finalization.sql (36.97ms)
2026/09/09 00:50:10 OK   00008_hierarchical_scheduler.sql (54.92ms)
2026/09/09 00:50:10 OK   00009_invoice_export.sql (13.08ms)
2026/09/09 00:50:10 OK   00010_profile_certification_circuit.sql (19.63ms)
2026/09/09 00:50:10 OK   00011_project_webhooks.sql (33.27ms)
2026/09/09 00:50:10 OK   00012_human_oidc_fixed_rbac.sql (25.8ms)
2026/09/09 00:50:10 OK   00013_service_principal_administration.sql (15.41ms)
2026/09/09 00:50:10 OK   00014_human_membership_administration.sql (27.45ms)
2026/09/09 00:50:10 OK   00015_organization_reporting.sql (17.86ms)
2026/09/09 00:50:10 OK   00016_project_retention_content_deletion.sql (51.39ms)
2026/09/09 00:50:10 OK   00017_platform_operator_break_glass.sql (36.38ms)
2026/09/09 00:50:10 OK   00018_finance_reconciliation.sql (18.08ms)
2026/09/09 00:50:10 OK   00019_certified_remediation.sql (24.22ms)
2026/09/09 00:50:10 OK   00020_remediation_execution_claim.sql (6.73ms)
2026/09/09 00:50:10 OK   00021_remediation_execution_dispatch.sql (4.32ms)
2026/09/09 00:50:10 OK   00022_remediation_execution_claim_replay.sql (4.91ms)
2026/09/09 00:50:10 OK   00023_fleet_controller_worker_readiness.sql (72.55ms)
2026/09/09 00:50:10 OK   00024_staging_artifact_expiry.sql (7.25ms)
2026/09/09 00:50:10 OK   00025_scheduler_inbox_receipt.sql (5.46ms)
2026/09/09 00:50:10 OK   00026_synchronous_quorum_guard.sql (4.45ms)
2026/09/09 00:50:10 OK   00027_authorized_debug_dump_lifecycle.sql (51.16ms)
2026/09/09 00:50:10 OK   00028_off_cluster_backup_retention.sql (12.96ms)
2026/09/09 00:50:10 OK   00029_artifact_backup_replication.sql (11.41ms)
2026/09/09 00:50:10 OK   00030_non_content_legal_hold.sql (22.26ms)
2026/09/09 00:50:11 OK   00031_non_content_record_expiry.sql (61.92ms)
2026/09/09 00:50:11 OK   00032_catalog_promotion_production_gates.sql (31.97ms)
2026/09/09 00:50:11 OK   00033_statistical_slo_measurement.sql (27.76ms)
2026/09/09 00:50:11 OK   00034_stage_execution_catalog.sql (62.82ms)
2026/09/09 00:50:11 OK   00035_worker_instance_residency.sql (82.44ms)
2026/09/09 00:50:11 OK   00036_stage_attempt_authority.sql (92.27ms)
2026/09/09 00:50:11 OK   00037_stage_scheduler.sql (49.24ms)
2026/09/09 00:50:11 OK   00038_stage_artifact.sql (57.23ms)
2026/09/09 00:50:11 OK   00039_stage_worker_control_authority.sql (7.89ms)
2026/09/09 00:50:11 OK   00040_stage_worker_execution.sql (27.71ms)
2026/09/09 00:50:11 OK   00041_stage_worker_operations.sql (13.45ms)
2026/09/09 00:50:11 OK   00042_stage_worker_assignment.sql (15.67ms)
2026/09/09 00:50:11 OK   00043_stage_graph_finalization.sql (6.63ms)
2026/09/09 00:50:11 OK   00044_stage_cache.sql (32.17ms)
2026/09/09 00:50:11 OK   00045_stage_graph_finalization_outputs.sql (5.94ms)
2026/09/09 00:50:11 OK   00046_stage_graph_visible_completion.sql (7.19ms)
2026/09/09 00:50:11 OK   00047_usage_cost_ledger.sql (18.25ms)
2026/09/09 00:50:11 OK   00048_stage_run_output_binding.sql (16.46ms)
2026/09/09 00:50:11 OK   00049_stage_cutover_control.sql (61.18ms)
2026/09/09 00:50:11 OK   00050_stage_graph_instantiation_dispatch.sql (30.48ms)
2026/09/09 00:50:11 OK   00051_atomic_stage_graph_admission.sql (9.35ms)
2026/09/09 00:50:11 OK   00052_stage_cutover_zero_backlog_seal.sql (19.31ms)
2026/09/09 00:50:11 OK   00053_legacy_h3_guarded_contraction.sql (17.65ms)
2026/09/09 00:50:11 OK   00054_stage_transfer_consume_destination.sql (7.01ms)
2026/09/09 00:50:11 OK   00055_h3_campaign_evidence_reader.sql (5.81ms)
2026/09/09 00:50:11 OK   00056_stage_observability_reader.sql (1.32ms)
2026/09/09 00:50:11 OK   00057_legacy_h3_release_contraction_gate.sql (10.99ms)
2026/09/09 00:50:11 OK   00058_legacy_h3_schema_contraction.sql (192.17ms)
2026/09/09 00:50:11 OK   00059_model_runtime_epoch_registration.sql (19.43ms)
2026/09/09 00:50:11 OK   00060_model_runtime_gang_barrier.sql (17.31ms)
2026/09/09 00:50:12 OK   00061_stage_worker_gang_authority.sql (5.75ms)
2026/09/09 00:50:12 OK   00062_stage_authority_member_identity.sql (2.54ms)
2026/09/09 00:50:12 OK   00063_h3_execution_snapshot.sql (3.08ms)
2026/09/09 00:50:12 OK   00064_model_runtime_capacity_routes.sql (11.98ms)
2026/09/09 00:50:12 OK   00065_h3_exact_cache_reconciliation.sql (10.76ms)
2026/09/09 00:50:12 OK   00066_stage_worker_control_session_capacity.sql (23.27ms)
2026/09/09 00:50:12 OK   00067_stage_scheduler_project_capacity.sql (2.64ms)
2026/09/09 00:50:12 OK   00068_stage_assignment_connector_states.sql (2ms)
2026/09/09 00:50:12 OK   00069_stage_transfer_server_clock.sql (4.98ms)
2026/09/09 00:50:12 OK   00070_stage_lease_expiry_recovery.sql (11.27ms)
2026/09/09 00:50:12 OK   00071_stage_artifact_lifecycle.sql (17.61ms)
2026/09/09 00:50:12 OK   00072_recovery_quiescence.sql (12.61ms)
2026/09/09 00:50:12 OK   00073_stage_cache_downstream_bindings.sql (5.71ms)
2026/09/09 00:50:12 OK   00074_job_owned_public_artifact_copies.sql (3.51ms)
2026/09/09 00:50:12 OK   00075_stage_graph_failure_terminalization.sql (19.77ms)
2026/09/09 00:50:12 OK   00076_allocation_usage_unit.sql (972.21µs)
2026/09/09 00:50:12 OK   00077_runtime_usage_receipts.sql (3.99ms)
2026/09/09 00:50:12 OK   00078_idle_stage_worker_probe.sql (5.59ms)
2026/09/09 00:50:12 OK   00079_stage_job_expiry.sql (6.17ms)
2026/09/09 00:50:12 OK   00080_stage_scheduler_snapshot_lock_order.sql (3.43ms)
2026/09/09 00:50:12 OK   00081_stage_assignment_quorum.sql (1.52ms)
2026/09/09 00:50:12 OK   00082_stage_success_storage_completion.sql (3.23ms)
2026/09/09 00:50:12 OK   00083_capacity_observation_lifecycle.sql (4.16ms)
2026/09/09 00:50:12 OK   00084_blocked_stage_worker_probe.sql (4.4ms)
2026/09/09 00:50:12 OK   00085_stage_materialization_terminal_replay.sql (2.66ms)
2026/09/09 00:50:12 OK   00086_stage_failure_terminal_replay.sql (5.79ms)
2026/09/09 00:50:12 OK   00087_stage_claim_finalization_lock_order.sql (2.31ms)
2026/09/09 00:50:12 OK   00088_stage_allocation_execution_sequence.sql (4.21ms)
2026/09/09 00:50:12 OK   00089_stage_terminal_history.sql (7.84ms)
2026/09/09 00:50:12 OK   00090_stage_assignment_content_lifecycle.sql (19.22ms)
2026/09/09 00:50:12 OK   00091_worker_journal_bootstrap.sql (17.51ms)
2026/09/09 00:50:12 OK   00092_worker_bootstrap_history.sql (2.13ms)
2026/09/09 00:50:12 OK   00093_worker_bootstrap_nonzero_scopes.sql (970.88µs)
2026/09/09 00:50:12 OK   00094_worker_bootstrap_abandonment.sql (10.54ms)
2026/09/09 00:50:12 OK   00095_runtime_startup_reservation.sql (12.9ms)
2026/09/09 00:50:12 goose: successfully migrated database to version: 95
2026/09/09 00:50:12 🐳 Stopping container: 345b92e60bcd
2026/09/09 00:50:12 ✅ Container stopped: 345b92e60bcd
2026/09/09 00:50:12 🐳 Terminating container: 345b92e60bcd
2026/09/09 00:50:12 🚫 Container terminated: 345b92e60bcd
--- PASS: TestRuntimeStartupReservationRequiresJournalReceipt (3.49s)
=== RUN   TestRuntimeStartupReservationWaitsForConcurrentFence
2026/09/09 00:50:12 🐳 Creating container for image postgres:17-alpine
2026/09/09 00:50:12 ✅ Container created: 09bde562d171
2026/09/09 00:50:12 🐳 Starting container: 09bde562d171
2026/09/09 00:50:12 ✅ Container started: 09bde562d171
2026/09/09 00:50:12 ⏳ Waiting for container id 09bde562d171 image: postgres:17-alpine. Waiting for: all of: [all of: [log message "database system is ready to accept connections" (occurrence: 2), port 5432/tcp to be mapped]]
2026/09/09 00:50:13 🔔 Container is ready: 09bde562d171
2026/09/09 00:50:13 OK   00001_foundation.sql (62.21ms)
2026/09/09 00:50:13 OK   00002_worker_assignment.sql (17.45ms)
2026/09/09 00:50:13 OK   00003_worker_start.sql (5.42ms)
2026/09/09 00:50:13 OK   00004_worker_heartbeat.sql (25.64ms)
2026/09/09 00:50:13 OK   00005_execution_failure.sql (20.18ms)
2026/09/09 00:50:13 OK   00006_customer_cancellation.sql (31.03ms)
2026/09/09 00:50:13 OK   00007_artifact_finalization.sql (31.7ms)
2026/09/09 00:50:13 OK   00008_hierarchical_scheduler.sql (47.4ms)
2026/09/09 00:50:13 OK   00009_invoice_export.sql (13.28ms)
2026/09/09 00:50:13 OK   00010_profile_certification_circuit.sql (19.64ms)
2026/09/09 00:50:13 OK   00011_project_webhooks.sql (34.7ms)
2026/09/09 00:50:13 OK   00012_human_oidc_fixed_rbac.sql (25.76ms)
2026/09/09 00:50:13 OK   00013_service_principal_administration.sql (15.92ms)
2026/09/09 00:50:13 OK   00014_human_membership_administration.sql (28.45ms)
2026/09/09 00:50:13 OK   00015_organization_reporting.sql (18.45ms)
2026/09/09 00:50:13 OK   00016_project_retention_content_deletion.sql (54.27ms)
2026/09/09 00:50:13 OK   00017_platform_operator_break_glass.sql (36.7ms)
2026/09/09 00:50:13 OK   00018_finance_reconciliation.sql (17.65ms)
2026/09/09 00:50:14 OK   00019_certified_remediation.sql (23.93ms)
2026/09/09 00:50:14 OK   00020_remediation_execution_claim.sql (5.52ms)
2026/09/09 00:50:14 OK   00021_remediation_execution_dispatch.sql (2.3ms)
2026/09/09 00:50:14 OK   00022_remediation_execution_claim_replay.sql (2.17ms)
2026/09/09 00:50:14 OK   00023_fleet_controller_worker_readiness.sql (70.26ms)
2026/09/09 00:50:14 OK   00024_staging_artifact_expiry.sql (4.07ms)
2026/09/09 00:50:14 OK   00025_scheduler_inbox_receipt.sql (2.63ms)
2026/09/09 00:50:14 OK   00026_synchronous_quorum_guard.sql (1.82ms)
2026/09/09 00:50:14 OK   00027_authorized_debug_dump_lifecycle.sql (50.47ms)
2026/09/09 00:50:14 OK   00028_off_cluster_backup_retention.sql (12.33ms)
2026/09/09 00:50:14 OK   00029_artifact_backup_replication.sql (11.09ms)
2026/09/09 00:50:14 OK   00030_non_content_legal_hold.sql (22.99ms)
2026/09/09 00:50:14 OK   00031_non_content_record_expiry.sql (63.85ms)
2026/09/09 00:50:14 OK   00032_catalog_promotion_production_gates.sql (34.91ms)
2026/09/09 00:50:14 OK   00033_statistical_slo_measurement.sql (26.83ms)
2026/09/09 00:50:14 OK   00034_stage_execution_catalog.sql (59.56ms)
2026/09/09 00:50:14 OK   00035_worker_instance_residency.sql (65.68ms)
2026/09/09 00:50:14 OK   00036_stage_attempt_authority.sql (98.05ms)
2026/09/09 00:50:14 OK   00037_stage_scheduler.sql (58.43ms)
2026/09/09 00:50:14 OK   00038_stage_artifact.sql (49.87ms)
2026/09/09 00:50:14 OK   00039_stage_worker_control_authority.sql (3.48ms)
2026/09/09 00:50:14 OK   00040_stage_worker_execution.sql (19.86ms)
2026/09/09 00:50:14 OK   00041_stage_worker_operations.sql (13.54ms)
2026/09/09 00:50:14 OK   00042_stage_worker_assignment.sql (14.43ms)
2026/09/09 00:50:14 OK   00043_stage_graph_finalization.sql (6.82ms)
2026/09/09 00:50:14 OK   00044_stage_cache.sql (28.8ms)
2026/09/09 00:50:14 OK   00045_stage_graph_finalization_outputs.sql (5.05ms)
2026/09/09 00:50:14 OK   00046_stage_graph_visible_completion.sql (6.22ms)
2026/09/09 00:50:14 OK   00047_usage_cost_ledger.sql (16.27ms)
2026/09/09 00:50:14 OK   00048_stage_run_output_binding.sql (14.15ms)
2026/09/09 00:50:14 OK   00049_stage_cutover_control.sql (53.04ms)
2026/09/09 00:50:14 OK   00050_stage_graph_instantiation_dispatch.sql (18.06ms)
2026/09/09 00:50:14 OK   00051_atomic_stage_graph_admission.sql (8.82ms)
2026/09/09 00:50:14 OK   00052_stage_cutover_zero_backlog_seal.sql (21.39ms)
2026/09/09 00:50:14 OK   00053_legacy_h3_guarded_contraction.sql (14.97ms)
2026/09/09 00:50:14 OK   00054_stage_transfer_consume_destination.sql (3.16ms)
2026/09/09 00:50:14 OK   00055_h3_campaign_evidence_reader.sql (3.63ms)
2026/09/09 00:50:14 OK   00056_stage_observability_reader.sql (764.67µs)
2026/09/09 00:50:14 OK   00057_legacy_h3_release_contraction_gate.sql (9.82ms)
2026/09/09 00:50:15 OK   00058_legacy_h3_schema_contraction.sql (201.15ms)
2026/09/09 00:50:15 OK   00059_model_runtime_epoch_registration.sql (23.15ms)
2026/09/09 00:50:15 OK   00060_model_runtime_gang_barrier.sql (16.9ms)
2026/09/09 00:50:15 OK   00061_stage_worker_gang_authority.sql (5.7ms)
2026/09/09 00:50:15 OK   00062_stage_authority_member_identity.sql (2.48ms)
2026/09/09 00:50:15 OK   00063_h3_execution_snapshot.sql (2.98ms)
2026/09/09 00:50:15 OK   00064_model_runtime_capacity_routes.sql (11.64ms)
2026/09/09 00:50:15 OK   00065_h3_exact_cache_reconciliation.sql (10.33ms)
2026/09/09 00:50:15 OK   00066_stage_worker_control_session_capacity.sql (23.21ms)
2026/09/09 00:50:15 OK   00067_stage_scheduler_project_capacity.sql (2.01ms)
2026/09/09 00:50:15 OK   00068_stage_assignment_connector_states.sql (1.69ms)
2026/09/09 00:50:15 OK   00069_stage_transfer_server_clock.sql (4.7ms)
2026/09/09 00:50:15 OK   00070_stage_lease_expiry_recovery.sql (11.09ms)
2026/09/09 00:50:15 OK   00071_stage_artifact_lifecycle.sql (17.33ms)
2026/09/09 00:50:15 OK   00072_recovery_quiescence.sql (12.56ms)
2026/09/09 00:50:15 OK   00073_stage_cache_downstream_bindings.sql (5.58ms)
2026/09/09 00:50:15 OK   00074_job_owned_public_artifact_copies.sql (3.69ms)
2026/09/09 00:50:15 OK   00075_stage_graph_failure_terminalization.sql (19.68ms)
2026/09/09 00:50:15 OK   00076_allocation_usage_unit.sql (868.42µs)
2026/09/09 00:50:15 OK   00077_runtime_usage_receipts.sql (3.74ms)
2026/09/09 00:50:15 OK   00078_idle_stage_worker_probe.sql (6.12ms)
2026/09/09 00:50:15 OK   00079_stage_job_expiry.sql (7.59ms)
2026/09/09 00:50:15 OK   00080_stage_scheduler_snapshot_lock_order.sql (4.42ms)
2026/09/09 00:50:15 OK   00081_stage_assignment_quorum.sql (2.85ms)
2026/09/09 00:50:15 OK   00082_stage_success_storage_completion.sql (4.07ms)
2026/09/09 00:50:15 OK   00083_capacity_observation_lifecycle.sql (5.06ms)
2026/09/09 00:50:15 OK   00084_blocked_stage_worker_probe.sql (4.48ms)
2026/09/09 00:50:15 OK   00085_stage_materialization_terminal_replay.sql (3.14ms)
2026/09/09 00:50:15 OK   00086_stage_failure_terminal_replay.sql (5.83ms)
2026/09/09 00:50:15 OK   00087_stage_claim_finalization_lock_order.sql (2.23ms)
2026/09/09 00:50:15 OK   00088_stage_allocation_execution_sequence.sql (5.85ms)
2026/09/09 00:50:15 OK   00089_stage_terminal_history.sql (8.42ms)
2026/09/09 00:50:15 OK   00090_stage_assignment_content_lifecycle.sql (25.19ms)
2026/09/09 00:50:15 OK   00091_worker_journal_bootstrap.sql (37.28ms)
2026/09/09 00:50:15 OK   00092_worker_bootstrap_history.sql (4.06ms)
2026/09/09 00:50:15 OK   00093_worker_bootstrap_nonzero_scopes.sql (1.25ms)
2026/09/09 00:50:15 OK   00094_worker_bootstrap_abandonment.sql (10.99ms)
2026/09/09 00:50:15 OK   00095_runtime_startup_reservation.sql (11.4ms)
2026/09/09 00:50:15 goose: successfully migrated database to version: 95
2026/09/09 00:50:15 🐳 Stopping container: 09bde562d171
2026/09/09 00:50:15 ✅ Container stopped: 09bde562d171
2026/09/09 00:50:15 🐳 Terminating container: 09bde562d171
2026/09/09 00:50:15 🚫 Container terminated: 09bde562d171
--- PASS: TestRuntimeStartupReservationWaitsForConcurrentFence (3.25s)
=== RUN   TestRuntimeStartupReservationRecoveryGateAndEmptyMigration
2026/09/09 00:50:15 🐳 Creating container for image postgres:17-alpine
2026/09/09 00:50:15 ✅ Container created: 474390e582bd
2026/09/09 00:50:15 🐳 Starting container: 474390e582bd
2026/09/09 00:50:16 ✅ Container started: 474390e582bd
2026/09/09 00:50:16 ⏳ Waiting for container id 474390e582bd image: postgres:17-alpine. Waiting for: all of: [all of: [log message "database system is ready to accept connections" (occurrence: 2), port 5432/tcp to be mapped]]
2026/09/09 00:50:16 🔔 Container is ready: 474390e582bd
2026/09/09 00:50:16 OK   00001_foundation.sql (63.73ms)
2026/09/09 00:50:16 OK   00002_worker_assignment.sql (15.47ms)
2026/09/09 00:50:16 OK   00003_worker_start.sql (2.62ms)
2026/09/09 00:50:16 OK   00004_worker_heartbeat.sql (16.01ms)
2026/09/09 00:50:16 OK   00005_execution_failure.sql (14.42ms)
2026/09/09 00:50:16 OK   00006_customer_cancellation.sql (31.67ms)
2026/09/09 00:50:16 OK   00007_artifact_finalization.sql (33.34ms)
2026/09/09 00:50:16 OK   00008_hierarchical_scheduler.sql (53.64ms)
2026/09/09 00:50:16 OK   00009_invoice_export.sql (14.16ms)
2026/09/09 00:50:16 OK   00010_profile_certification_circuit.sql (20.53ms)
2026/09/09 00:50:17 OK   00011_project_webhooks.sql (32.87ms)
2026/09/09 00:50:17 OK   00012_human_oidc_fixed_rbac.sql (25.56ms)
2026/09/09 00:50:17 OK   00013_service_principal_administration.sql (15.08ms)
2026/09/09 00:50:17 OK   00014_human_membership_administration.sql (26.88ms)
2026/09/09 00:50:17 OK   00015_organization_reporting.sql (17.68ms)
2026/09/09 00:50:17 OK   00016_project_retention_content_deletion.sql (56.83ms)
2026/09/09 00:50:17 OK   00017_platform_operator_break_glass.sql (38.41ms)
2026/09/09 00:50:17 OK   00018_finance_reconciliation.sql (18.14ms)
2026/09/09 00:50:17 OK   00019_certified_remediation.sql (34.63ms)
2026/09/09 00:50:17 OK   00020_remediation_execution_claim.sql (14.07ms)
2026/09/09 00:50:17 OK   00021_remediation_execution_dispatch.sql (4.51ms)
2026/09/09 00:50:17 OK   00022_remediation_execution_claim_replay.sql (2.57ms)
2026/09/09 00:50:17 OK   00023_fleet_controller_worker_readiness.sql (67.75ms)
2026/09/09 00:50:17 OK   00024_staging_artifact_expiry.sql (3.92ms)
2026/09/09 00:50:17 OK   00025_scheduler_inbox_receipt.sql (2.54ms)
2026/09/09 00:50:17 OK   00026_synchronous_quorum_guard.sql (1.76ms)
2026/09/09 00:50:17 OK   00027_authorized_debug_dump_lifecycle.sql (49.04ms)
2026/09/09 00:50:17 OK   00028_off_cluster_backup_retention.sql (12.25ms)
2026/09/09 00:50:17 OK   00029_artifact_backup_replication.sql (11.52ms)
2026/09/09 00:50:17 OK   00030_non_content_legal_hold.sql (22.68ms)
2026/09/09 00:50:17 OK   00031_non_content_record_expiry.sql (63.74ms)
2026/09/09 00:50:17 OK   00032_catalog_promotion_production_gates.sql (35.81ms)
2026/09/09 00:50:17 OK   00033_statistical_slo_measurement.sql (28.16ms)
2026/09/09 00:50:17 OK   00034_stage_execution_catalog.sql (65.46ms)
2026/09/09 00:50:17 OK   00035_worker_instance_residency.sql (80.5ms)
2026/09/09 00:50:17 OK   00036_stage_attempt_authority.sql (91.38ms)
2026/09/09 00:50:17 OK   00037_stage_scheduler.sql (47.42ms)
2026/09/09 00:50:17 OK   00038_stage_artifact.sql (45.19ms)
2026/09/09 00:50:17 OK   00039_stage_worker_control_authority.sql (3.43ms)
2026/09/09 00:50:17 OK   00040_stage_worker_execution.sql (20.52ms)
2026/09/09 00:50:17 OK   00041_stage_worker_operations.sql (12.84ms)
2026/09/09 00:50:17 OK   00042_stage_worker_assignment.sql (15.11ms)
2026/09/09 00:50:17 OK   00043_stage_graph_finalization.sql (6.36ms)
2026/09/09 00:50:18 OK   00044_stage_cache.sql (31.38ms)
2026/09/09 00:50:18 OK   00045_stage_graph_finalization_outputs.sql (7.29ms)
2026/09/09 00:50:18 OK   00046_stage_graph_visible_completion.sql (9.04ms)
2026/09/09 00:50:18 OK   00047_usage_cost_ledger.sql (19.44ms)
2026/09/09 00:50:18 OK   00048_stage_run_output_binding.sql (16.32ms)
2026/09/09 00:50:18 OK   00049_stage_cutover_control.sql (67.2ms)
2026/09/09 00:50:18 OK   00050_stage_graph_instantiation_dispatch.sql (25.64ms)
2026/09/09 00:50:18 OK   00051_atomic_stage_graph_admission.sql (11.86ms)
2026/09/09 00:50:18 OK   00052_stage_cutover_zero_backlog_seal.sql (19.73ms)
2026/09/09 00:50:18 OK   00053_legacy_h3_guarded_contraction.sql (13.79ms)
2026/09/09 00:50:18 OK   00054_stage_transfer_consume_destination.sql (3.04ms)
2026/09/09 00:50:18 OK   00055_h3_campaign_evidence_reader.sql (3.54ms)
2026/09/09 00:50:18 OK   00056_stage_observability_reader.sql (872.54µs)
2026/09/09 00:50:18 OK   00057_legacy_h3_release_contraction_gate.sql (9.04ms)
2026/09/09 00:50:18 OK   00058_legacy_h3_schema_contraction.sql (166.77ms)
2026/09/09 00:50:18 OK   00059_model_runtime_epoch_registration.sql (18.91ms)
2026/09/09 00:50:18 OK   00060_model_runtime_gang_barrier.sql (17.64ms)
2026/09/09 00:50:18 OK   00061_stage_worker_gang_authority.sql (5.89ms)
2026/09/09 00:50:18 OK   00062_stage_authority_member_identity.sql (2.69ms)
2026/09/09 00:50:18 OK   00063_h3_execution_snapshot.sql (2.97ms)
2026/09/09 00:50:18 OK   00064_model_runtime_capacity_routes.sql (12.36ms)
2026/09/09 00:50:18 OK   00065_h3_exact_cache_reconciliation.sql (10.92ms)
2026/09/09 00:50:18 OK   00066_stage_worker_control_session_capacity.sql (24.74ms)
2026/09/09 00:50:18 OK   00067_stage_scheduler_project_capacity.sql (2.01ms)
2026/09/09 00:50:18 OK   00068_stage_assignment_connector_states.sql (1.81ms)
2026/09/09 00:50:18 OK   00069_stage_transfer_server_clock.sql (6.52ms)
2026/09/09 00:50:18 OK   00070_stage_lease_expiry_recovery.sql (11.75ms)
2026/09/09 00:50:18 OK   00071_stage_artifact_lifecycle.sql (18.74ms)
2026/09/09 00:50:18 OK   00072_recovery_quiescence.sql (13.33ms)
2026/09/09 00:50:18 OK   00073_stage_cache_downstream_bindings.sql (5.94ms)
2026/09/09 00:50:18 OK   00074_job_owned_public_artifact_copies.sql (3.37ms)
2026/09/09 00:50:18 OK   00075_stage_graph_failure_terminalization.sql (20.63ms)
2026/09/09 00:50:18 OK   00076_allocation_usage_unit.sql (1.01ms)
2026/09/09 00:50:18 OK   00077_runtime_usage_receipts.sql (4.06ms)
2026/09/09 00:50:18 OK   00078_idle_stage_worker_probe.sql (5.81ms)
2026/09/09 00:50:18 OK   00079_stage_job_expiry.sql (6.86ms)
2026/09/09 00:50:18 OK   00080_stage_scheduler_snapshot_lock_order.sql (3.42ms)
2026/09/09 00:50:18 OK   00081_stage_assignment_quorum.sql (1.44ms)
2026/09/09 00:50:18 OK   00082_stage_success_storage_completion.sql (3.31ms)
2026/09/09 00:50:18 OK   00083_capacity_observation_lifecycle.sql (4.26ms)
2026/09/09 00:50:18 OK   00084_blocked_stage_worker_probe.sql (4.11ms)
2026/09/09 00:50:18 OK   00085_stage_materialization_terminal_replay.sql (2.58ms)
2026/09/09 00:50:18 OK   00086_stage_failure_terminal_replay.sql (6.3ms)
2026/09/09 00:50:18 OK   00087_stage_claim_finalization_lock_order.sql (3.56ms)
2026/09/09 00:50:18 OK   00088_stage_allocation_execution_sequence.sql (6.31ms)
2026/09/09 00:50:18 OK   00089_stage_terminal_history.sql (10.62ms)
2026/09/09 00:50:18 OK   00090_stage_assignment_content_lifecycle.sql (19.59ms)
2026/09/09 00:50:18 OK   00091_worker_journal_bootstrap.sql (27.3ms)
2026/09/09 00:50:18 OK   00092_worker_bootstrap_history.sql (3.13ms)
2026/09/09 00:50:18 OK   00093_worker_bootstrap_nonzero_scopes.sql (2.88ms)
2026/09/09 00:50:18 OK   00094_worker_bootstrap_abandonment.sql (25.07ms)
2026/09/09 00:50:18 OK   00095_runtime_startup_reservation.sql (24.95ms)
2026/09/09 00:50:18 goose: successfully migrated database to version: 95
2026/09/09 00:50:18 OK   00095_runtime_startup_reservation.sql (4.81ms)
2026/09/09 00:50:18 goose: no migrations to run. current version: 94
2026/09/09 00:50:18 OK   00095_runtime_startup_reservation.sql (12.02ms)
2026/09/09 00:50:18 goose: successfully migrated database to version: 95
2026/09/09 00:50:19 🐳 Stopping container: 474390e582bd
2026/09/09 00:50:19 ✅ Container stopped: 474390e582bd
2026/09/09 00:50:19 🐳 Terminating container: 474390e582bd
2026/09/09 00:50:19 🚫 Container terminated: 474390e582bd
--- PASS: TestRuntimeStartupReservationRecoveryGateAndEmptyMigration (3.47s)
=== RUN   TestWorkerBootstrapAbandonmentCommandPreservesUncertainLocalState
=== RUN   TestWorkerBootstrapAbandonmentCommandPreservesUncertainLocalState/normal
2026/09/09 00:50:20 🐳 Creating container for image postgres:17-alpine
2026/09/09 00:50:20 ✅ Container created: b6401f49693e
2026/09/09 00:50:20 🐳 Starting container: b6401f49693e
2026/09/09 00:50:20 ✅ Container started: b6401f49693e
2026/09/09 00:50:20 ⏳ Waiting for container id b6401f49693e image: postgres:17-alpine. Waiting for: all of: [all of: [log message "database system is ready to accept connections" (occurrence: 2), port 5432/tcp to be mapped]]
2026/09/09 00:50:21 🔔 Container is ready: b6401f49693e
2026/09/09 00:50:21 OK   00001_foundation.sql (61.41ms)
2026/09/09 00:50:21 OK   00002_worker_assignment.sql (14.8ms)
2026/09/09 00:50:21 OK   00003_worker_start.sql (2.81ms)
2026/09/09 00:50:21 OK   00004_worker_heartbeat.sql (16.53ms)
2026/09/09 00:50:21 OK   00005_execution_failure.sql (15.11ms)
2026/09/09 00:50:21 OK   00006_customer_cancellation.sql (30.42ms)
2026/09/09 00:50:21 OK   00007_artifact_finalization.sql (32.63ms)
2026/09/09 00:50:21 OK   00008_hierarchical_scheduler.sql (51.34ms)
2026/09/09 00:50:21 OK   00009_invoice_export.sql (13.85ms)
2026/09/09 00:50:21 OK   00010_profile_certification_circuit.sql (19.63ms)
2026/09/09 00:50:21 OK   00011_project_webhooks.sql (32.75ms)
2026/09/09 00:50:21 OK   00012_human_oidc_fixed_rbac.sql (27.04ms)
2026/09/09 00:50:21 OK   00013_service_principal_administration.sql (15.48ms)
2026/09/09 00:50:21 OK   00014_human_membership_administration.sql (26.54ms)
2026/09/09 00:50:21 OK   00015_organization_reporting.sql (18.01ms)
2026/09/09 00:50:21 OK   00016_project_retention_content_deletion.sql (54.2ms)
2026/09/09 00:50:21 OK   00017_platform_operator_break_glass.sql (36.38ms)
2026/09/09 00:50:21 OK   00018_finance_reconciliation.sql (17.52ms)
2026/09/09 00:50:21 OK   00019_certified_remediation.sql (23.25ms)
2026/09/09 00:50:21 OK   00020_remediation_execution_claim.sql (5.43ms)
2026/09/09 00:50:21 OK   00021_remediation_execution_dispatch.sql (2.47ms)
2026/09/09 00:50:21 OK   00022_remediation_execution_claim_replay.sql (2.2ms)
2026/09/09 00:50:21 OK   00023_fleet_controller_worker_readiness.sql (69.39ms)
2026/09/09 00:50:21 OK   00024_staging_artifact_expiry.sql (4.23ms)
2026/09/09 00:50:21 OK   00025_scheduler_inbox_receipt.sql (2.7ms)
2026/09/09 00:50:21 OK   00026_synchronous_quorum_guard.sql (1.8ms)
2026/09/09 00:50:21 OK   00027_authorized_debug_dump_lifecycle.sql (51.16ms)
2026/09/09 00:50:21 OK   00028_off_cluster_backup_retention.sql (12.87ms)
2026/09/09 00:50:21 OK   00029_artifact_backup_replication.sql (11.77ms)
2026/09/09 00:50:21 OK   00030_non_content_legal_hold.sql (23.5ms)
2026/09/09 00:50:21 OK   00031_non_content_record_expiry.sql (65.65ms)
2026/09/09 00:50:21 OK   00032_catalog_promotion_production_gates.sql (35.26ms)
2026/09/09 00:50:21 OK   00033_statistical_slo_measurement.sql (27.97ms)
2026/09/09 00:50:21 OK   00034_stage_execution_catalog.sql (59.3ms)
2026/09/09 00:50:22 OK   00035_worker_instance_residency.sql (67.56ms)
2026/09/09 00:50:22 OK   00036_stage_attempt_authority.sql (93.67ms)
2026/09/09 00:50:22 OK   00037_stage_scheduler.sql (49.38ms)
2026/09/09 00:50:22 OK   00038_stage_artifact.sql (48.54ms)
2026/09/09 00:50:22 OK   00039_stage_worker_control_authority.sql (3.44ms)
2026/09/09 00:50:22 OK   00040_stage_worker_execution.sql (21.75ms)
2026/09/09 00:50:22 OK   00041_stage_worker_operations.sql (14.54ms)
2026/09/09 00:50:22 OK   00042_stage_worker_assignment.sql (16.23ms)
2026/09/09 00:50:22 OK   00043_stage_graph_finalization.sql (6.95ms)
2026/09/09 00:50:22 OK   00044_stage_cache.sql (32.09ms)
2026/09/09 00:50:22 OK   00045_stage_graph_finalization_outputs.sql (5.17ms)
2026/09/09 00:50:22 OK   00046_stage_graph_visible_completion.sql (6.7ms)
2026/09/09 00:50:22 OK   00047_usage_cost_ledger.sql (18.29ms)
2026/09/09 00:50:22 OK   00048_stage_run_output_binding.sql (15.73ms)
2026/09/09 00:50:22 OK   00049_stage_cutover_control.sql (57.59ms)
2026/09/09 00:50:22 OK   00050_stage_graph_instantiation_dispatch.sql (18.92ms)
2026/09/09 00:50:22 OK   00051_atomic_stage_graph_admission.sql (9.12ms)
2026/09/09 00:50:22 OK   00052_stage_cutover_zero_backlog_seal.sql (21.45ms)
2026/09/09 00:50:22 OK   00053_legacy_h3_guarded_contraction.sql (15.49ms)
2026/09/09 00:50:22 OK   00054_stage_transfer_consume_destination.sql (3.58ms)
2026/09/09 00:50:22 OK   00055_h3_campaign_evidence_reader.sql (3.9ms)
2026/09/09 00:50:22 OK   00056_stage_observability_reader.sql (937.75µs)
2026/09/09 00:50:22 OK   00057_legacy_h3_release_contraction_gate.sql (10.28ms)
2026/09/09 00:50:22 OK   00058_legacy_h3_schema_contraction.sql (171.48ms)
2026/09/09 00:50:22 OK   00059_model_runtime_epoch_registration.sql (23.45ms)
2026/09/09 00:50:22 OK   00060_model_runtime_gang_barrier.sql (19.23ms)
2026/09/09 00:50:22 OK   00061_stage_worker_gang_authority.sql (6.28ms)
2026/09/09 00:50:22 OK   00062_stage_authority_member_identity.sql (2.83ms)
2026/09/09 00:50:22 OK   00063_h3_execution_snapshot.sql (3.32ms)
2026/09/09 00:50:22 OK   00064_model_runtime_capacity_routes.sql (12.98ms)
2026/09/09 00:50:22 OK   00065_h3_exact_cache_reconciliation.sql (11.87ms)
2026/09/09 00:50:22 OK   00066_stage_worker_control_session_capacity.sql (25.53ms)
2026/09/09 00:50:22 OK   00067_stage_scheduler_project_capacity.sql (2.2ms)
2026/09/09 00:50:22 OK   00068_stage_assignment_connector_states.sql (1.87ms)
2026/09/09 00:50:22 OK   00069_stage_transfer_server_clock.sql (5.15ms)
2026/09/09 00:50:22 OK   00070_stage_lease_expiry_recovery.sql (12.19ms)
2026/09/09 00:50:22 OK   00071_stage_artifact_lifecycle.sql (19.16ms)
2026/09/09 00:50:22 OK   00072_recovery_quiescence.sql (13.4ms)
2026/09/09 00:50:22 OK   00073_stage_cache_downstream_bindings.sql (5.93ms)
2026/09/09 00:50:22 OK   00074_job_owned_public_artifact_copies.sql (3.73ms)
2026/09/09 00:50:22 OK   00075_stage_graph_failure_terminalization.sql (20.96ms)
2026/09/09 00:50:22 OK   00076_allocation_usage_unit.sql (1.03ms)
2026/09/09 00:50:22 OK   00077_runtime_usage_receipts.sql (4.04ms)
2026/09/09 00:50:22 OK   00078_idle_stage_worker_probe.sql (5.45ms)
2026/09/09 00:50:22 OK   00079_stage_job_expiry.sql (6.51ms)
2026/09/09 00:50:22 OK   00080_stage_scheduler_snapshot_lock_order.sql (3.13ms)
2026/09/09 00:50:22 OK   00081_stage_assignment_quorum.sql (1.65ms)
2026/09/09 00:50:22 OK   00082_stage_success_storage_completion.sql (3.22ms)
2026/09/09 00:50:22 OK   00083_capacity_observation_lifecycle.sql (4.26ms)
2026/09/09 00:50:22 OK   00084_blocked_stage_worker_probe.sql (4.22ms)
2026/09/09 00:50:22 OK   00085_stage_materialization_terminal_replay.sql (2.71ms)
2026/09/09 00:50:22 OK   00086_stage_failure_terminal_replay.sql (6.1ms)
2026/09/09 00:50:22 OK   00087_stage_claim_finalization_lock_order.sql (2.22ms)
2026/09/09 00:50:22 OK   00088_stage_allocation_execution_sequence.sql (4.24ms)
2026/09/09 00:50:22 OK   00089_stage_terminal_history.sql (8.74ms)
2026/09/09 00:50:23 OK   00090_stage_assignment_content_lifecycle.sql (19.75ms)
2026/09/09 00:50:23 OK   00091_worker_journal_bootstrap.sql (19.53ms)
2026/09/09 00:50:23 OK   00092_worker_bootstrap_history.sql (2.4ms)
2026/09/09 00:50:23 OK   00093_worker_bootstrap_nonzero_scopes.sql (1.18ms)
2026/09/09 00:50:23 OK   00094_worker_bootstrap_abandonment.sql (11.93ms)
2026/09/09 00:50:23 OK   00095_runtime_startup_reservation.sql (12.1ms)
2026/09/09 00:50:23 goose: successfully migrated database to version: 95
    worker_bootstrap_abandonment_command_test.go:74: rejected command: vela-node-agent stopped: claim Worker bootstrap: rpc error: code = Unavailable desc = committed Claim response lost
    worker_bootstrap_abandonment_command_test.go:90: rejected command: vela-node-agent stopped: rpc error: code = NotFound desc = abandon Worker bootstrap target does not exist
    worker_bootstrap_abandonment_command_test.go:90: rejected command: vela-node-agent stopped: rpc error: code = NotFound desc = abandon Worker bootstrap target does not exist
    worker_bootstrap_abandonment_command_test.go:117: rejected command: vela-node-agent stopped: worker bootstrap is incomplete; independent reconciliation is required: openat pair.json: no such file or directory
2026/09/09 00:50:24 🐳 Stopping container: b6401f49693e
2026/09/09 00:50:24 ✅ Container stopped: b6401f49693e
2026/09/09 00:50:24 🐳 Terminating container: b6401f49693e
2026/09/09 00:50:24 🚫 Container terminated: b6401f49693e
=== RUN   TestWorkerBootstrapAbandonmentCommandPreservesUncertainLocalState/lost-abandonment
2026/09/09 00:50:24 🐳 Creating container for image postgres:17-alpine
2026/09/09 00:50:24 ✅ Container created: 87c9bc5488a8
2026/09/09 00:50:24 🐳 Starting container: 87c9bc5488a8
2026/09/09 00:50:24 ✅ Container started: 87c9bc5488a8
2026/09/09 00:50:24 ⏳ Waiting for container id 87c9bc5488a8 image: postgres:17-alpine. Waiting for: all of: [all of: [log message "database system is ready to accept connections" (occurrence: 2), port 5432/tcp to be mapped]]
2026/09/09 00:50:25 🔔 Container is ready: 87c9bc5488a8
2026/09/09 00:50:25 OK   00001_foundation.sql (78.78ms)
2026/09/09 00:50:25 OK   00002_worker_assignment.sql (16.88ms)
2026/09/09 00:50:25 OK   00003_worker_start.sql (2.96ms)
2026/09/09 00:50:25 OK   00004_worker_heartbeat.sql (17.93ms)
2026/09/09 00:50:25 OK   00005_execution_failure.sql (16.24ms)
2026/09/09 00:50:25 OK   00006_customer_cancellation.sql (31.77ms)
2026/09/09 00:50:25 OK   00007_artifact_finalization.sql (35.81ms)
2026/09/09 00:50:25 OK   00008_hierarchical_scheduler.sql (55.32ms)
2026/09/09 00:50:25 OK   00009_invoice_export.sql (14.78ms)
2026/09/09 00:50:25 OK   00010_profile_certification_circuit.sql (21.37ms)
2026/09/09 00:50:25 OK   00011_project_webhooks.sql (37.92ms)
2026/09/09 00:50:25 OK   00012_human_oidc_fixed_rbac.sql (28.25ms)
2026/09/09 00:50:25 OK   00013_service_principal_administration.sql (16.99ms)
2026/09/09 00:50:25 OK   00014_human_membership_administration.sql (29.51ms)
2026/09/09 00:50:25 OK   00015_organization_reporting.sql (19.99ms)
2026/09/09 00:50:26 OK   00016_project_retention_content_deletion.sql (58.28ms)
2026/09/09 00:50:26 OK   00017_platform_operator_break_glass.sql (37.54ms)
2026/09/09 00:50:26 OK   00018_finance_reconciliation.sql (17.84ms)
2026/09/09 00:50:26 OK   00019_certified_remediation.sql (23.62ms)
2026/09/09 00:50:26 OK   00020_remediation_execution_claim.sql (5.54ms)
2026/09/09 00:50:26 OK   00021_remediation_execution_dispatch.sql (2.53ms)
2026/09/09 00:50:26 OK   00022_remediation_execution_claim_replay.sql (2.41ms)
2026/09/09 00:50:26 OK   00023_fleet_controller_worker_readiness.sql (73.35ms)
2026/09/09 00:50:26 OK   00024_staging_artifact_expiry.sql (4.25ms)
2026/09/09 00:50:26 OK   00025_scheduler_inbox_receipt.sql (2.76ms)
2026/09/09 00:50:26 OK   00026_synchronous_quorum_guard.sql (2.2ms)
2026/09/09 00:50:26 OK   00027_authorized_debug_dump_lifecycle.sql (51.61ms)
2026/09/09 00:50:26 OK   00028_off_cluster_backup_retention.sql (12.54ms)
2026/09/09 00:50:26 OK   00029_artifact_backup_replication.sql (11.98ms)
2026/09/09 00:50:26 OK   00030_non_content_legal_hold.sql (23.96ms)
2026/09/09 00:50:26 OK   00031_non_content_record_expiry.sql (66.34ms)
2026/09/09 00:50:26 OK   00032_catalog_promotion_production_gates.sql (36.55ms)
2026/09/09 00:50:26 OK   00033_statistical_slo_measurement.sql (27.92ms)
2026/09/09 00:50:26 OK   00034_stage_execution_catalog.sql (60.31ms)
2026/09/09 00:50:26 OK   00035_worker_instance_residency.sql (66.89ms)
2026/09/09 00:50:26 OK   00036_stage_attempt_authority.sql (93.21ms)
2026/09/09 00:50:26 OK   00037_stage_scheduler.sql (48.78ms)
2026/09/09 00:50:26 OK   00038_stage_artifact.sql (47.36ms)
2026/09/09 00:50:26 OK   00039_stage_worker_control_authority.sql (3.6ms)
2026/09/09 00:50:26 OK   00040_stage_worker_execution.sql (22.7ms)
2026/09/09 00:50:26 OK   00041_stage_worker_operations.sql (14.86ms)
2026/09/09 00:50:26 OK   00042_stage_worker_assignment.sql (15.85ms)
2026/09/09 00:50:26 OK   00043_stage_graph_finalization.sql (6.93ms)
2026/09/09 00:50:26 OK   00044_stage_cache.sql (31.78ms)
2026/09/09 00:50:26 OK   00045_stage_graph_finalization_outputs.sql (5.33ms)
2026/09/09 00:50:26 OK   00046_stage_graph_visible_completion.sql (6.76ms)
2026/09/09 00:50:26 OK   00047_usage_cost_ledger.sql (18.34ms)
2026/09/09 00:50:26 OK   00048_stage_run_output_binding.sql (15.15ms)
2026/09/09 00:50:26 OK   00049_stage_cutover_control.sql (58.08ms)
2026/09/09 00:50:26 OK   00050_stage_graph_instantiation_dispatch.sql (19.53ms)
2026/09/09 00:50:26 OK   00051_atomic_stage_graph_admission.sql (9.51ms)
2026/09/09 00:50:27 OK   00052_stage_cutover_zero_backlog_seal.sql (20.89ms)
2026/09/09 00:50:27 OK   00053_legacy_h3_guarded_contraction.sql (15.74ms)
2026/09/09 00:50:27 OK   00054_stage_transfer_consume_destination.sql (3.36ms)
2026/09/09 00:50:27 OK   00055_h3_campaign_evidence_reader.sql (3.85ms)
2026/09/09 00:50:27 OK   00056_stage_observability_reader.sql (886.83µs)
2026/09/09 00:50:27 OK   00057_legacy_h3_release_contraction_gate.sql (10.05ms)
2026/09/09 00:50:27 OK   00058_legacy_h3_schema_contraction.sql (167.07ms)
2026/09/09 00:50:27 OK   00059_model_runtime_epoch_registration.sql (21.62ms)
2026/09/09 00:50:27 OK   00060_model_runtime_gang_barrier.sql (20.59ms)
2026/09/09 00:50:27 OK   00061_stage_worker_gang_authority.sql (5.85ms)
2026/09/09 00:50:27 OK   00062_stage_authority_member_identity.sql (3.02ms)
2026/09/09 00:50:27 OK   00063_h3_execution_snapshot.sql (3.83ms)
2026/09/09 00:50:27 OK   00064_model_runtime_capacity_routes.sql (13.56ms)
2026/09/09 00:50:27 OK   00065_h3_exact_cache_reconciliation.sql (11.73ms)
2026/09/09 00:50:27 OK   00066_stage_worker_control_session_capacity.sql (24.46ms)
2026/09/09 00:50:27 OK   00067_stage_scheduler_project_capacity.sql (2.54ms)
2026/09/09 00:50:27 OK   00068_stage_assignment_connector_states.sql (1.94ms)
2026/09/09 00:50:27 OK   00069_stage_transfer_server_clock.sql (5.04ms)
2026/09/09 00:50:27 OK   00070_stage_lease_expiry_recovery.sql (11.32ms)
2026/09/09 00:50:27 OK   00071_stage_artifact_lifecycle.sql (18.25ms)
2026/09/09 00:50:27 OK   00072_recovery_quiescence.sql (13.4ms)
2026/09/09 00:50:27 OK   00073_stage_cache_downstream_bindings.sql (5.95ms)
2026/09/09 00:50:27 OK   00074_job_owned_public_artifact_copies.sql (3.35ms)
2026/09/09 00:50:27 OK   00075_stage_graph_failure_terminalization.sql (20.48ms)
2026/09/09 00:50:27 OK   00076_allocation_usage_unit.sql (1.24ms)
2026/09/09 00:50:27 OK   00077_runtime_usage_receipts.sql (4.04ms)
2026/09/09 00:50:27 OK   00078_idle_stage_worker_probe.sql (5.27ms)
2026/09/09 00:50:27 OK   00079_stage_job_expiry.sql (6.25ms)
2026/09/09 00:50:27 OK   00080_stage_scheduler_snapshot_lock_order.sql (3.16ms)
2026/09/09 00:50:27 OK   00081_stage_assignment_quorum.sql (1.59ms)
2026/09/09 00:50:27 OK   00082_stage_success_storage_completion.sql (3.16ms)
2026/09/09 00:50:27 OK   00083_capacity_observation_lifecycle.sql (4.37ms)
2026/09/09 00:50:27 OK   00084_blocked_stage_worker_probe.sql (4.22ms)
2026/09/09 00:50:27 OK   00085_stage_materialization_terminal_replay.sql (2.69ms)
2026/09/09 00:50:27 OK   00086_stage_failure_terminal_replay.sql (5.9ms)
2026/09/09 00:50:27 OK   00087_stage_claim_finalization_lock_order.sql (2.36ms)
2026/09/09 00:50:27 OK   00088_stage_allocation_execution_sequence.sql (4.26ms)
2026/09/09 00:50:27 OK   00089_stage_terminal_history.sql (8.21ms)
2026/09/09 00:50:27 OK   00090_stage_assignment_content_lifecycle.sql (19.48ms)
2026/09/09 00:50:27 OK   00091_worker_journal_bootstrap.sql (19.15ms)
2026/09/09 00:50:27 OK   00092_worker_bootstrap_history.sql (2.3ms)
2026/09/09 00:50:27 OK   00093_worker_bootstrap_nonzero_scopes.sql (1.25ms)
2026/09/09 00:50:27 OK   00094_worker_bootstrap_abandonment.sql (11.39ms)
2026/09/09 00:50:27 OK   00095_runtime_startup_reservation.sql (12.01ms)
2026/09/09 00:50:27 goose: successfully migrated database to version: 95
    worker_bootstrap_abandonment_command_test.go:74: rejected command: vela-node-agent stopped: claim Worker bootstrap: rpc error: code = Unavailable desc = committed Claim response lost
    worker_bootstrap_abandonment_command_test.go:90: rejected command: vela-node-agent stopped: rpc error: code = NotFound desc = abandon Worker bootstrap target does not exist
    worker_bootstrap_abandonment_command_test.go:90: rejected command: vela-node-agent stopped: rpc error: code = NotFound desc = abandon Worker bootstrap target does not exist
    worker_bootstrap_abandonment_command_test.go:95: rejected command: vela-node-agent stopped: rpc error: code = Unavailable desc = committed abandonment response lost
    worker_bootstrap_abandonment_command_test.go:117: rejected command: vela-node-agent stopped: worker bootstrap is incomplete; independent reconciliation is required: openat pair.json: no such file or directory
2026/09/09 00:50:28 🐳 Stopping container: 87c9bc5488a8
2026/09/09 00:50:28 ✅ Container stopped: 87c9bc5488a8
2026/09/09 00:50:28 🐳 Terminating container: 87c9bc5488a8
2026/09/09 00:50:28 🚫 Container terminated: 87c9bc5488a8
--- PASS: TestWorkerBootstrapAbandonmentCommandPreservesUncertainLocalState (9.20s)
    --- PASS: TestWorkerBootstrapAbandonmentCommandPreservesUncertainLocalState/normal (4.44s)
    --- PASS: TestWorkerBootstrapAbandonmentCommandPreservesUncertainLocalState/lost-abandonment (3.89s)
=== RUN   TestWorkerBootstrapAbandonmentSurvivesIndependentDatabaseRestore
2026/09/09 00:50:28 🐳 Creating container for image postgres:17-alpine
2026/09/09 00:50:28 ✅ Container created: 211fc4e593b1
2026/09/09 00:50:28 🐳 Starting container: 211fc4e593b1
2026/09/09 00:50:28 ✅ Container started: 211fc4e593b1
2026/09/09 00:50:28 ⏳ Waiting for container id 211fc4e593b1 image: postgres:17-alpine. Waiting for: all of: [all of: [log message "database system is ready to accept connections" (occurrence: 2), port 5432/tcp to be mapped]]
2026/09/09 00:50:29 🔔 Container is ready: 211fc4e593b1
2026/09/09 00:50:29 OK   00001_foundation.sql (78.37ms)
2026/09/09 00:50:29 OK   00002_worker_assignment.sql (16.15ms)
2026/09/09 00:50:29 OK   00003_worker_start.sql (3.1ms)
2026/09/09 00:50:29 OK   00004_worker_heartbeat.sql (18.3ms)
2026/09/09 00:50:29 OK   00005_execution_failure.sql (15.68ms)
2026/09/09 00:50:29 OK   00006_customer_cancellation.sql (34.8ms)
2026/09/09 00:50:29 OK   00007_artifact_finalization.sql (34.18ms)
2026/09/09 00:50:29 OK   00008_hierarchical_scheduler.sql (55.04ms)
2026/09/09 00:50:29 OK   00009_invoice_export.sql (14.04ms)
2026/09/09 00:50:29 OK   00010_profile_certification_circuit.sql (21.67ms)
2026/09/09 00:50:29 OK   00011_project_webhooks.sql (36.02ms)
2026/09/09 00:50:29 OK   00012_human_oidc_fixed_rbac.sql (27.57ms)
2026/09/09 00:50:29 OK   00013_service_principal_administration.sql (17.09ms)
2026/09/09 00:50:29 OK   00014_human_membership_administration.sql (32ms)
2026/09/09 00:50:29 OK   00015_organization_reporting.sql (20.49ms)
2026/09/09 00:50:29 OK   00016_project_retention_content_deletion.sql (58.52ms)
2026/09/09 00:50:29 OK   00017_platform_operator_break_glass.sql (39.41ms)
2026/09/09 00:50:29 OK   00018_finance_reconciliation.sql (17.57ms)
2026/09/09 00:50:29 OK   00019_certified_remediation.sql (24.03ms)
2026/09/09 00:50:29 OK   00020_remediation_execution_claim.sql (6.09ms)
2026/09/09 00:50:29 OK   00021_remediation_execution_dispatch.sql (2.3ms)
2026/09/09 00:50:29 OK   00022_remediation_execution_claim_replay.sql (2.22ms)
2026/09/09 00:50:30 OK   00023_fleet_controller_worker_readiness.sql (68.7ms)
2026/09/09 00:50:30 OK   00024_staging_artifact_expiry.sql (4ms)
2026/09/09 00:50:30 OK   00025_scheduler_inbox_receipt.sql (2.55ms)
2026/09/09 00:50:30 OK   00026_synchronous_quorum_guard.sql (1.78ms)
2026/09/09 00:50:30 OK   00027_authorized_debug_dump_lifecycle.sql (49.81ms)
2026/09/09 00:50:30 OK   00028_off_cluster_backup_retention.sql (12.42ms)
2026/09/09 00:50:30 OK   00029_artifact_backup_replication.sql (11.81ms)
2026/09/09 00:50:30 OK   00030_non_content_legal_hold.sql (22.89ms)
2026/09/09 00:50:30 OK   00031_non_content_record_expiry.sql (65.57ms)
2026/09/09 00:50:30 OK   00032_catalog_promotion_production_gates.sql (34.51ms)
2026/09/09 00:50:30 OK   00033_statistical_slo_measurement.sql (27.09ms)
2026/09/09 00:50:30 OK   00034_stage_execution_catalog.sql (59.03ms)
2026/09/09 00:50:30 OK   00035_worker_instance_residency.sql (68.67ms)
2026/09/09 00:50:30 OK   00036_stage_attempt_authority.sql (94.14ms)
2026/09/09 00:50:30 OK   00037_stage_scheduler.sql (49.04ms)
2026/09/09 00:50:30 OK   00038_stage_artifact.sql (47.07ms)
2026/09/09 00:50:30 OK   00039_stage_worker_control_authority.sql (3.54ms)
2026/09/09 00:50:30 OK   00040_stage_worker_execution.sql (21.49ms)
2026/09/09 00:50:30 OK   00041_stage_worker_operations.sql (14.34ms)
2026/09/09 00:50:30 OK   00042_stage_worker_assignment.sql (15.58ms)
2026/09/09 00:50:30 OK   00043_stage_graph_finalization.sql (7.18ms)
2026/09/09 00:50:30 OK   00044_stage_cache.sql (31.2ms)
2026/09/09 00:50:30 OK   00045_stage_graph_finalization_outputs.sql (5.66ms)
2026/09/09 00:50:30 OK   00046_stage_graph_visible_completion.sql (7.48ms)
2026/09/09 00:50:30 OK   00047_usage_cost_ledger.sql (17.92ms)
2026/09/09 00:50:30 OK   00048_stage_run_output_binding.sql (14.93ms)
2026/09/09 00:50:30 OK   00049_stage_cutover_control.sql (56.2ms)
2026/09/09 00:50:30 OK   00050_stage_graph_instantiation_dispatch.sql (18.07ms)
2026/09/09 00:50:30 OK   00051_atomic_stage_graph_admission.sql (9.05ms)
2026/09/09 00:50:30 OK   00052_stage_cutover_zero_backlog_seal.sql (20.29ms)
2026/09/09 00:50:30 OK   00053_legacy_h3_guarded_contraction.sql (14.96ms)
2026/09/09 00:50:30 OK   00054_stage_transfer_consume_destination.sql (3.17ms)
2026/09/09 00:50:30 OK   00055_h3_campaign_evidence_reader.sql (3.58ms)
2026/09/09 00:50:30 OK   00056_stage_observability_reader.sql (750.83µs)
2026/09/09 00:50:30 OK   00057_legacy_h3_release_contraction_gate.sql (9.39ms)
2026/09/09 00:50:31 OK   00058_legacy_h3_schema_contraction.sql (161.66ms)
2026/09/09 00:50:31 OK   00059_model_runtime_epoch_registration.sql (21.69ms)
2026/09/09 00:50:31 OK   00060_model_runtime_gang_barrier.sql (21.22ms)
2026/09/09 00:50:31 OK   00061_stage_worker_gang_authority.sql (5.96ms)
2026/09/09 00:50:31 OK   00062_stage_authority_member_identity.sql (2.93ms)
2026/09/09 00:50:31 OK   00063_h3_execution_snapshot.sql (3.25ms)
2026/09/09 00:50:31 OK   00064_model_runtime_capacity_routes.sql (13.07ms)
2026/09/09 00:50:31 OK   00065_h3_exact_cache_reconciliation.sql (11.04ms)
2026/09/09 00:50:31 OK   00066_stage_worker_control_session_capacity.sql (25.61ms)
2026/09/09 00:50:31 OK   00067_stage_scheduler_project_capacity.sql (2.14ms)
2026/09/09 00:50:31 OK   00068_stage_assignment_connector_states.sql (1.96ms)
2026/09/09 00:50:31 OK   00069_stage_transfer_server_clock.sql (5.2ms)
2026/09/09 00:50:31 OK   00070_stage_lease_expiry_recovery.sql (11.85ms)
2026/09/09 00:50:31 OK   00071_stage_artifact_lifecycle.sql (19.17ms)
2026/09/09 00:50:31 OK   00072_recovery_quiescence.sql (13.5ms)
2026/09/09 00:50:31 OK   00073_stage_cache_downstream_bindings.sql (5.83ms)
2026/09/09 00:50:31 OK   00074_job_owned_public_artifact_copies.sql (3.25ms)
2026/09/09 00:50:31 OK   00075_stage_graph_failure_terminalization.sql (20.51ms)
2026/09/09 00:50:31 OK   00076_allocation_usage_unit.sql (1.02ms)
2026/09/09 00:50:31 OK   00077_runtime_usage_receipts.sql (4.14ms)
2026/09/09 00:50:31 OK   00078_idle_stage_worker_probe.sql (5.49ms)
2026/09/09 00:50:31 OK   00079_stage_job_expiry.sql (6.76ms)
2026/09/09 00:50:31 OK   00080_stage_scheduler_snapshot_lock_order.sql (3.38ms)
2026/09/09 00:50:31 OK   00081_stage_assignment_quorum.sql (1.62ms)
2026/09/09 00:50:31 OK   00082_stage_success_storage_completion.sql (3.26ms)
2026/09/09 00:50:31 OK   00083_capacity_observation_lifecycle.sql (4.42ms)
2026/09/09 00:50:31 OK   00084_blocked_stage_worker_probe.sql (4.36ms)
2026/09/09 00:50:31 OK   00085_stage_materialization_terminal_replay.sql (2.66ms)
2026/09/09 00:50:31 OK   00086_stage_failure_terminal_replay.sql (6.04ms)
2026/09/09 00:50:31 OK   00087_stage_claim_finalization_lock_order.sql (2.26ms)
2026/09/09 00:50:31 OK   00088_stage_allocation_execution_sequence.sql (4.26ms)
2026/09/09 00:50:31 OK   00089_stage_terminal_history.sql (8.52ms)
2026/09/09 00:50:31 OK   00090_stage_assignment_content_lifecycle.sql (19.52ms)
2026/09/09 00:50:31 OK   00091_worker_journal_bootstrap.sql (19.85ms)
2026/09/09 00:50:31 OK   00092_worker_bootstrap_history.sql (2.71ms)
2026/09/09 00:50:31 OK   00093_worker_bootstrap_nonzero_scopes.sql (1.45ms)
2026/09/09 00:50:31 OK   00094_worker_bootstrap_abandonment.sql (11.79ms)
2026/09/09 00:50:31 OK   00095_runtime_startup_reservation.sql (12.07ms)
2026/09/09 00:50:31 goose: successfully migrated database to version: 95
2026/09/09 00:50:37 🐳 Stopping container: 211fc4e593b1
2026/09/09 00:50:37 ✅ Container stopped: 211fc4e593b1
2026/09/09 00:50:37 🐳 Terminating container: 211fc4e593b1
2026/09/09 00:50:37 🚫 Container terminated: 211fc4e593b1
--- PASS: TestWorkerBootstrapAbandonmentSurvivesIndependentDatabaseRestore (8.70s)
=== RUN   TestWorkerBootstrapAbandonmentFencesAndPermanentlyRejectsCompletion
2026/09/09 00:50:37 🐳 Creating container for image postgres:17-alpine
2026/09/09 00:50:37 ✅ Container created: bb3158360f47
2026/09/09 00:50:37 🐳 Starting container: bb3158360f47
2026/09/09 00:50:37 ✅ Container started: bb3158360f47
2026/09/09 00:50:37 ⏳ Waiting for container id bb3158360f47 image: postgres:17-alpine. Waiting for: all of: [all of: [log message "database system is ready to accept connections" (occurrence: 2), port 5432/tcp to be mapped]]
2026/09/09 00:50:38 🔔 Container is ready: bb3158360f47
2026/09/09 00:50:38 OK   00001_foundation.sql (77.51ms)
2026/09/09 00:50:38 OK   00002_worker_assignment.sql (16.04ms)
2026/09/09 00:50:38 OK   00003_worker_start.sql (2.94ms)
2026/09/09 00:50:38 OK   00004_worker_heartbeat.sql (17.5ms)
2026/09/09 00:50:38 OK   00005_execution_failure.sql (15.79ms)
2026/09/09 00:50:38 OK   00006_customer_cancellation.sql (36.3ms)
2026/09/09 00:50:38 OK   00007_artifact_finalization.sql (34.82ms)
2026/09/09 00:50:38 OK   00008_hierarchical_scheduler.sql (53.2ms)
2026/09/09 00:50:38 OK   00009_invoice_export.sql (14.34ms)
2026/09/09 00:50:38 OK   00010_profile_certification_circuit.sql (22.09ms)
2026/09/09 00:50:38 OK   00011_project_webhooks.sql (36.67ms)
2026/09/09 00:50:38 OK   00012_human_oidc_fixed_rbac.sql (26.86ms)
2026/09/09 00:50:38 OK   00013_service_principal_administration.sql (15.15ms)
2026/09/09 00:50:38 OK   00014_human_membership_administration.sql (27.48ms)
2026/09/09 00:50:38 OK   00015_organization_reporting.sql (17.86ms)
2026/09/09 00:50:38 OK   00016_project_retention_content_deletion.sql (51.38ms)
2026/09/09 00:50:38 OK   00017_platform_operator_break_glass.sql (34.86ms)
2026/09/09 00:50:38 OK   00018_finance_reconciliation.sql (16.4ms)
2026/09/09 00:50:38 OK   00019_certified_remediation.sql (23.18ms)
2026/09/09 00:50:38 OK   00020_remediation_execution_claim.sql (5.56ms)
2026/09/09 00:50:38 OK   00021_remediation_execution_dispatch.sql (2.36ms)
2026/09/09 00:50:38 OK   00022_remediation_execution_claim_replay.sql (2.29ms)
2026/09/09 00:50:38 OK   00023_fleet_controller_worker_readiness.sql (69.12ms)
2026/09/09 00:50:38 OK   00024_staging_artifact_expiry.sql (4.17ms)
2026/09/09 00:50:38 OK   00025_scheduler_inbox_receipt.sql (2.83ms)
2026/09/09 00:50:38 OK   00026_synchronous_quorum_guard.sql (1.85ms)
2026/09/09 00:50:38 OK   00027_authorized_debug_dump_lifecycle.sql (50.53ms)
2026/09/09 00:50:38 OK   00028_off_cluster_backup_retention.sql (12.39ms)
2026/09/09 00:50:38 OK   00029_artifact_backup_replication.sql (11.5ms)
2026/09/09 00:50:38 OK   00030_non_content_legal_hold.sql (23.95ms)
2026/09/09 00:50:38 OK   00031_non_content_record_expiry.sql (64.74ms)
2026/09/09 00:50:38 OK   00032_catalog_promotion_production_gates.sql (35.32ms)
2026/09/09 00:50:38 OK   00033_statistical_slo_measurement.sql (26.76ms)
2026/09/09 00:50:39 OK   00034_stage_execution_catalog.sql (57.27ms)
2026/09/09 00:50:39 OK   00035_worker_instance_residency.sql (66.4ms)
2026/09/09 00:50:39 OK   00036_stage_attempt_authority.sql (91.78ms)
2026/09/09 00:50:39 OK   00037_stage_scheduler.sql (48.7ms)
2026/09/09 00:50:39 OK   00038_stage_artifact.sql (45.9ms)
2026/09/09 00:50:39 OK   00039_stage_worker_control_authority.sql (3.38ms)
2026/09/09 00:50:39 OK   00040_stage_worker_execution.sql (21.49ms)
2026/09/09 00:50:39 OK   00041_stage_worker_operations.sql (14.32ms)
2026/09/09 00:50:39 OK   00042_stage_worker_assignment.sql (15.45ms)
2026/09/09 00:50:39 OK   00043_stage_graph_finalization.sql (6.42ms)
2026/09/09 00:50:39 OK   00044_stage_cache.sql (31.46ms)
2026/09/09 00:50:39 OK   00045_stage_graph_finalization_outputs.sql (5.05ms)
2026/09/09 00:50:39 OK   00046_stage_graph_visible_completion.sql (6.45ms)
2026/09/09 00:50:39 OK   00047_usage_cost_ledger.sql (17.74ms)
2026/09/09 00:50:39 OK   00048_stage_run_output_binding.sql (14.86ms)
2026/09/09 00:50:39 OK   00049_stage_cutover_control.sql (57.84ms)
2026/09/09 00:50:39 OK   00050_stage_graph_instantiation_dispatch.sql (18.78ms)
2026/09/09 00:50:39 OK   00051_atomic_stage_graph_admission.sql (9.42ms)
2026/09/09 00:50:39 OK   00052_stage_cutover_zero_backlog_seal.sql (20.28ms)
2026/09/09 00:50:39 OK   00053_legacy_h3_guarded_contraction.sql (15.91ms)
2026/09/09 00:50:39 OK   00054_stage_transfer_consume_destination.sql (3.54ms)
2026/09/09 00:50:39 OK   00055_h3_campaign_evidence_reader.sql (3.93ms)
2026/09/09 00:50:39 OK   00056_stage_observability_reader.sql (984.29µs)
2026/09/09 00:50:39 OK   00057_legacy_h3_release_contraction_gate.sql (10.13ms)
2026/09/09 00:50:39 OK   00058_legacy_h3_schema_contraction.sql (160.51ms)
2026/09/09 00:50:39 OK   00059_model_runtime_epoch_registration.sql (21.37ms)
2026/09/09 00:50:39 OK   00060_model_runtime_gang_barrier.sql (20.34ms)
2026/09/09 00:50:39 OK   00061_stage_worker_gang_authority.sql (6.22ms)
2026/09/09 00:50:39 OK   00062_stage_authority_member_identity.sql (3.32ms)
2026/09/09 00:50:39 OK   00063_h3_execution_snapshot.sql (3.45ms)
2026/09/09 00:50:39 OK   00064_model_runtime_capacity_routes.sql (13.27ms)
2026/09/09 00:50:39 OK   00065_h3_exact_cache_reconciliation.sql (11.2ms)
2026/09/09 00:50:39 OK   00066_stage_worker_control_session_capacity.sql (26.01ms)
2026/09/09 00:50:39 OK   00067_stage_scheduler_project_capacity.sql (2.18ms)
2026/09/09 00:50:39 OK   00068_stage_assignment_connector_states.sql (1.77ms)
2026/09/09 00:50:39 OK   00069_stage_transfer_server_clock.sql (5.33ms)
2026/09/09 00:50:39 OK   00070_stage_lease_expiry_recovery.sql (12.1ms)
2026/09/09 00:50:39 OK   00071_stage_artifact_lifecycle.sql (18.97ms)
2026/09/09 00:50:39 OK   00072_recovery_quiescence.sql (13.79ms)
2026/09/09 00:50:39 OK   00073_stage_cache_downstream_bindings.sql (6.3ms)
2026/09/09 00:50:39 OK   00074_job_owned_public_artifact_copies.sql (3.47ms)
2026/09/09 00:50:39 OK   00075_stage_graph_failure_terminalization.sql (21.26ms)
2026/09/09 00:50:39 OK   00076_allocation_usage_unit.sql (1.01ms)
2026/09/09 00:50:39 OK   00077_runtime_usage_receipts.sql (4.22ms)
2026/09/09 00:50:39 OK   00078_idle_stage_worker_probe.sql (5.56ms)
2026/09/09 00:50:39 OK   00079_stage_job_expiry.sql (6.43ms)
2026/09/09 00:50:39 OK   00080_stage_scheduler_snapshot_lock_order.sql (3.22ms)
2026/09/09 00:50:39 OK   00081_stage_assignment_quorum.sql (1.51ms)
2026/09/09 00:50:39 OK   00082_stage_success_storage_completion.sql (3.12ms)
2026/09/09 00:50:39 OK   00083_capacity_observation_lifecycle.sql (4.33ms)
2026/09/09 00:50:39 OK   00084_blocked_stage_worker_probe.sql (4.27ms)
2026/09/09 00:50:39 OK   00085_stage_materialization_terminal_replay.sql (2.94ms)
2026/09/09 00:50:39 OK   00086_stage_failure_terminal_replay.sql (6.16ms)
2026/09/09 00:50:39 OK   00087_stage_claim_finalization_lock_order.sql (2.18ms)
2026/09/09 00:50:40 OK   00088_stage_allocation_execution_sequence.sql (4.34ms)
2026/09/09 00:50:40 OK   00089_stage_terminal_history.sql (8.87ms)
2026/09/09 00:50:40 OK   00090_stage_assignment_content_lifecycle.sql (19.98ms)
2026/09/09 00:50:40 OK   00091_worker_journal_bootstrap.sql (19.27ms)
2026/09/09 00:50:40 OK   00092_worker_bootstrap_history.sql (2.41ms)
2026/09/09 00:50:40 OK   00093_worker_bootstrap_nonzero_scopes.sql (1.3ms)
2026/09/09 00:50:40 OK   00094_worker_bootstrap_abandonment.sql (11.18ms)
2026/09/09 00:50:40 OK   00095_runtime_startup_reservation.sql (11.9ms)
2026/09/09 00:50:40 goose: successfully migrated database to version: 95
2026/09/09 00:50:40 OK   00095_runtime_startup_reservation.sql (4.41ms)
2026/09/09 00:50:40 🐳 Stopping container: bb3158360f47
2026/09/09 00:50:40 ✅ Container stopped: bb3158360f47
2026/09/09 00:50:40 🐳 Terminating container: bb3158360f47
2026/09/09 00:50:40 🚫 Container terminated: bb3158360f47
--- PASS: TestWorkerBootstrapAbandonmentFencesAndPermanentlyRejectsCompletion (3.20s)
=== RUN   TestWorkerBootstrapAbandonmentRejectsRecordedAndObservedWorkers
=== RUN   TestWorkerBootstrapAbandonmentRejectsRecordedAndObservedWorkers/recorded
2026/09/09 00:50:40 🐳 Creating container for image postgres:17-alpine
2026/09/09 00:50:40 ✅ Container created: c8bb8ddbabc2
2026/09/09 00:50:40 🐳 Starting container: c8bb8ddbabc2
2026/09/09 00:50:40 ✅ Container started: c8bb8ddbabc2
2026/09/09 00:50:40 ⏳ Waiting for container id c8bb8ddbabc2 image: postgres:17-alpine. Waiting for: all of: [all of: [log message "database system is ready to accept connections" (occurrence: 2), port 5432/tcp to be mapped]]
2026/09/09 00:50:41 🔔 Container is ready: c8bb8ddbabc2
2026/09/09 00:50:41 OK   00001_foundation.sql (77.42ms)
2026/09/09 00:50:41 OK   00002_worker_assignment.sql (16.23ms)
2026/09/09 00:50:41 OK   00003_worker_start.sql (2.86ms)
2026/09/09 00:50:41 OK   00004_worker_heartbeat.sql (17.18ms)
2026/09/09 00:50:41 OK   00005_execution_failure.sql (15.35ms)
2026/09/09 00:50:41 OK   00006_customer_cancellation.sql (34.96ms)
2026/09/09 00:50:41 OK   00007_artifact_finalization.sql (34.9ms)
2026/09/09 00:50:41 OK   00008_hierarchical_scheduler.sql (54.85ms)
2026/09/09 00:50:41 OK   00009_invoice_export.sql (14.37ms)
2026/09/09 00:50:41 OK   00010_profile_certification_circuit.sql (21.7ms)
2026/09/09 00:50:41 OK   00011_project_webhooks.sql (37.17ms)
2026/09/09 00:50:41 OK   00012_human_oidc_fixed_rbac.sql (29.12ms)
2026/09/09 00:50:41 OK   00013_service_principal_administration.sql (16.75ms)
2026/09/09 00:50:41 OK   00014_human_membership_administration.sql (30.94ms)
2026/09/09 00:50:41 OK   00015_organization_reporting.sql (19.84ms)
2026/09/09 00:50:41 OK   00016_project_retention_content_deletion.sql (54.75ms)
2026/09/09 00:50:41 OK   00017_platform_operator_break_glass.sql (37.31ms)
2026/09/09 00:50:41 OK   00018_finance_reconciliation.sql (16.72ms)
2026/09/09 00:50:41 OK   00019_certified_remediation.sql (23.95ms)
2026/09/09 00:50:41 OK   00020_remediation_execution_claim.sql (5.49ms)
2026/09/09 00:50:41 OK   00021_remediation_execution_dispatch.sql (2.72ms)
2026/09/09 00:50:41 OK   00022_remediation_execution_claim_replay.sql (2.35ms)
2026/09/09 00:50:41 OK   00023_fleet_controller_worker_readiness.sql (70.51ms)
2026/09/09 00:50:41 OK   00024_staging_artifact_expiry.sql (4.05ms)
2026/09/09 00:50:41 OK   00025_scheduler_inbox_receipt.sql (2.68ms)
2026/09/09 00:50:41 OK   00026_synchronous_quorum_guard.sql (1.9ms)
2026/09/09 00:50:42 OK   00027_authorized_debug_dump_lifecycle.sql (50.93ms)
2026/09/09 00:50:42 OK   00028_off_cluster_backup_retention.sql (12.37ms)
2026/09/09 00:50:42 OK   00029_artifact_backup_replication.sql (11.63ms)
2026/09/09 00:50:42 OK   00030_non_content_legal_hold.sql (23.58ms)
2026/09/09 00:50:42 OK   00031_non_content_record_expiry.sql (65.14ms)
2026/09/09 00:50:42 OK   00032_catalog_promotion_production_gates.sql (34.37ms)
2026/09/09 00:50:42 OK   00033_statistical_slo_measurement.sql (26.9ms)
2026/09/09 00:50:42 OK   00034_stage_execution_catalog.sql (59.99ms)
2026/09/09 00:50:42 OK   00035_worker_instance_residency.sql (66.19ms)
2026/09/09 00:50:42 OK   00036_stage_attempt_authority.sql (93.92ms)
2026/09/09 00:50:42 OK   00037_stage_scheduler.sql (49.95ms)
2026/09/09 00:50:42 OK   00038_stage_artifact.sql (47.7ms)
2026/09/09 00:50:42 OK   00039_stage_worker_control_authority.sql (3.53ms)
2026/09/09 00:50:42 OK   00040_stage_worker_execution.sql (21.25ms)
2026/09/09 00:50:42 OK   00041_stage_worker_operations.sql (14.31ms)
2026/09/09 00:50:42 OK   00042_stage_worker_assignment.sql (15.74ms)
2026/09/09 00:50:42 OK   00043_stage_graph_finalization.sql (6.94ms)
2026/09/09 00:50:42 OK   00044_stage_cache.sql (31.05ms)
2026/09/09 00:50:42 OK   00045_stage_graph_finalization_outputs.sql (5.23ms)
2026/09/09 00:50:42 OK   00046_stage_graph_visible_completion.sql (6.77ms)
2026/09/09 00:50:42 OK   00047_usage_cost_ledger.sql (18.22ms)
2026/09/09 00:50:42 OK   00048_stage_run_output_binding.sql (15.09ms)
2026/09/09 00:50:42 OK   00049_stage_cutover_control.sql (57.4ms)
2026/09/09 00:50:42 OK   00050_stage_graph_instantiation_dispatch.sql (19.05ms)
2026/09/09 00:50:42 OK   00051_atomic_stage_graph_admission.sql (9.12ms)
2026/09/09 00:50:42 OK   00052_stage_cutover_zero_backlog_seal.sql (20.72ms)
2026/09/09 00:50:42 OK   00053_legacy_h3_guarded_contraction.sql (15.71ms)
2026/09/09 00:50:42 OK   00054_stage_transfer_consume_destination.sql (3.47ms)
2026/09/09 00:50:42 OK   00055_h3_campaign_evidence_reader.sql (3.77ms)
2026/09/09 00:50:42 OK   00056_stage_observability_reader.sql (911.71µs)
2026/09/09 00:50:42 OK   00057_legacy_h3_release_contraction_gate.sql (10.12ms)
2026/09/09 00:50:43 OK   00058_legacy_h3_schema_contraction.sql (164.23ms)
2026/09/09 00:50:43 OK   00059_model_runtime_epoch_registration.sql (19.86ms)
2026/09/09 00:50:43 OK   00060_model_runtime_gang_barrier.sql (19.67ms)
2026/09/09 00:50:43 OK   00061_stage_worker_gang_authority.sql (6.31ms)
2026/09/09 00:50:43 OK   00062_stage_authority_member_identity.sql (3.04ms)
2026/09/09 00:50:43 OK   00063_h3_execution_snapshot.sql (3.22ms)
2026/09/09 00:50:43 OK   00064_model_runtime_capacity_routes.sql (12.64ms)
2026/09/09 00:50:43 OK   00065_h3_exact_cache_reconciliation.sql (11.62ms)
2026/09/09 00:50:43 OK   00066_stage_worker_control_session_capacity.sql (26.23ms)
2026/09/09 00:50:43 OK   00067_stage_scheduler_project_capacity.sql (2.4ms)
2026/09/09 00:50:43 OK   00068_stage_assignment_connector_states.sql (1.9ms)
2026/09/09 00:50:43 OK   00069_stage_transfer_server_clock.sql (5.14ms)
2026/09/09 00:50:43 OK   00070_stage_lease_expiry_recovery.sql (11.95ms)
2026/09/09 00:50:43 OK   00071_stage_artifact_lifecycle.sql (18.88ms)
2026/09/09 00:50:43 OK   00072_recovery_quiescence.sql (13.57ms)
2026/09/09 00:50:43 OK   00073_stage_cache_downstream_bindings.sql (5.8ms)
2026/09/09 00:50:43 OK   00074_job_owned_public_artifact_copies.sql (3.32ms)
2026/09/09 00:50:43 OK   00075_stage_graph_failure_terminalization.sql (20.89ms)
2026/09/09 00:50:43 OK   00076_allocation_usage_unit.sql (884.46µs)
2026/09/09 00:50:43 OK   00077_runtime_usage_receipts.sql (4.07ms)
2026/09/09 00:50:43 OK   00078_idle_stage_worker_probe.sql (5.43ms)
2026/09/09 00:50:43 OK   00079_stage_job_expiry.sql (6.32ms)
2026/09/09 00:50:43 OK   00080_stage_scheduler_snapshot_lock_order.sql (3.1ms)
2026/09/09 00:50:43 OK   00081_stage_assignment_quorum.sql (1.5ms)
2026/09/09 00:50:43 OK   00082_stage_success_storage_completion.sql (3.36ms)
2026/09/09 00:50:43 OK   00083_capacity_observation_lifecycle.sql (4.34ms)
2026/09/09 00:50:43 OK   00084_blocked_stage_worker_probe.sql (4.25ms)
2026/09/09 00:50:43 OK   00085_stage_materialization_terminal_replay.sql (2.56ms)
2026/09/09 00:50:43 OK   00086_stage_failure_terminal_replay.sql (6.03ms)
2026/09/09 00:50:43 OK   00087_stage_claim_finalization_lock_order.sql (2.23ms)
2026/09/09 00:50:43 OK   00088_stage_allocation_execution_sequence.sql (4.37ms)
2026/09/09 00:50:43 OK   00089_stage_terminal_history.sql (8.92ms)
2026/09/09 00:50:43 OK   00090_stage_assignment_content_lifecycle.sql (21.54ms)
2026/09/09 00:50:43 OK   00091_worker_journal_bootstrap.sql (18.81ms)
2026/09/09 00:50:43 OK   00092_worker_bootstrap_history.sql (2.49ms)
2026/09/09 00:50:43 OK   00093_worker_bootstrap_nonzero_scopes.sql (1.29ms)
2026/09/09 00:50:43 OK   00094_worker_bootstrap_abandonment.sql (11.14ms)
2026/09/09 00:50:43 OK   00095_runtime_startup_reservation.sql (11.65ms)
2026/09/09 00:50:43 goose: successfully migrated database to version: 95
2026/09/09 00:50:43 🐳 Stopping container: c8bb8ddbabc2
2026/09/09 00:50:43 ✅ Container stopped: c8bb8ddbabc2
2026/09/09 00:50:43 🐳 Terminating container: c8bb8ddbabc2
2026/09/09 00:50:43 🚫 Container terminated: c8bb8ddbabc2
=== RUN   TestWorkerBootstrapAbandonmentRejectsRecordedAndObservedWorkers/observed
2026/09/09 00:50:43 🐳 Creating container for image postgres:17-alpine
2026/09/09 00:50:43 ✅ Container created: d25918b2b00a
2026/09/09 00:50:43 🐳 Starting container: d25918b2b00a
2026/09/09 00:50:43 ✅ Container started: d25918b2b00a
2026/09/09 00:50:43 ⏳ Waiting for container id d25918b2b00a image: postgres:17-alpine. Waiting for: all of: [all of: [log message "database system is ready to accept connections" (occurrence: 2), port 5432/tcp to be mapped]]
2026/09/09 00:50:44 🔔 Container is ready: d25918b2b00a
2026/09/09 00:50:44 OK   00001_foundation.sql (73.69ms)
2026/09/09 00:50:44 OK   00002_worker_assignment.sql (17ms)
2026/09/09 00:50:44 OK   00003_worker_start.sql (2.93ms)
2026/09/09 00:50:44 OK   00004_worker_heartbeat.sql (17.69ms)
2026/09/09 00:50:44 OK   00005_execution_failure.sql (15.25ms)
2026/09/09 00:50:44 OK   00006_customer_cancellation.sql (33.93ms)
2026/09/09 00:50:44 OK   00007_artifact_finalization.sql (34.49ms)
2026/09/09 00:50:44 OK   00008_hierarchical_scheduler.sql (54.33ms)
2026/09/09 00:50:44 OK   00009_invoice_export.sql (13.97ms)
2026/09/09 00:50:44 OK   00010_profile_certification_circuit.sql (21.16ms)
2026/09/09 00:50:44 OK   00011_project_webhooks.sql (37ms)
2026/09/09 00:50:44 OK   00012_human_oidc_fixed_rbac.sql (28.09ms)
2026/09/09 00:50:44 OK   00013_service_principal_administration.sql (16.71ms)
2026/09/09 00:50:44 OK   00014_human_membership_administration.sql (29.2ms)
2026/09/09 00:50:44 OK   00015_organization_reporting.sql (19.15ms)
2026/09/09 00:50:44 OK   00016_project_retention_content_deletion.sql (55.06ms)
2026/09/09 00:50:45 OK   00017_platform_operator_break_glass.sql (34.74ms)
2026/09/09 00:50:45 OK   00018_finance_reconciliation.sql (16.54ms)
2026/09/09 00:50:45 OK   00019_certified_remediation.sql (23.21ms)
2026/09/09 00:50:45 OK   00020_remediation_execution_claim.sql (5.31ms)
2026/09/09 00:50:45 OK   00021_remediation_execution_dispatch.sql (2.56ms)
2026/09/09 00:50:45 OK   00022_remediation_execution_claim_replay.sql (2.21ms)
2026/09/09 00:50:45 OK   00023_fleet_controller_worker_readiness.sql (68.31ms)
2026/09/09 00:50:45 OK   00024_staging_artifact_expiry.sql (4.03ms)
2026/09/09 00:50:45 OK   00025_scheduler_inbox_receipt.sql (2.6ms)
2026/09/09 00:50:45 OK   00026_synchronous_quorum_guard.sql (1.91ms)
2026/09/09 00:50:45 OK   00027_authorized_debug_dump_lifecycle.sql (49.74ms)
2026/09/09 00:50:45 OK   00028_off_cluster_backup_retention.sql (12.54ms)
2026/09/09 00:50:45 OK   00029_artifact_backup_replication.sql (11.53ms)
2026/09/09 00:50:45 OK   00030_non_content_legal_hold.sql (23.62ms)
2026/09/09 00:50:45 OK   00031_non_content_record_expiry.sql (65.63ms)
2026/09/09 00:50:45 OK   00032_catalog_promotion_production_gates.sql (35.36ms)
2026/09/09 00:50:45 OK   00033_statistical_slo_measurement.sql (26.91ms)
2026/09/09 00:50:45 OK   00034_stage_execution_catalog.sql (60.77ms)
2026/09/09 00:50:45 OK   00035_worker_instance_residency.sql (68.27ms)
2026/09/09 00:50:45 OK   00036_stage_attempt_authority.sql (94.85ms)
2026/09/09 00:50:45 OK   00037_stage_scheduler.sql (49.7ms)
2026/09/09 00:50:45 OK   00038_stage_artifact.sql (47.66ms)
2026/09/09 00:50:45 OK   00039_stage_worker_control_authority.sql (3.29ms)
2026/09/09 00:50:45 OK   00040_stage_worker_execution.sql (22.78ms)
2026/09/09 00:50:45 OK   00041_stage_worker_operations.sql (15.62ms)
2026/09/09 00:50:45 OK   00042_stage_worker_assignment.sql (16.72ms)
2026/09/09 00:50:45 OK   00043_stage_graph_finalization.sql (6.8ms)
2026/09/09 00:50:45 OK   00044_stage_cache.sql (30.69ms)
2026/09/09 00:50:45 OK   00045_stage_graph_finalization_outputs.sql (5.52ms)
2026/09/09 00:50:45 OK   00046_stage_graph_visible_completion.sql (7.15ms)
2026/09/09 00:50:45 OK   00047_usage_cost_ledger.sql (18.91ms)
2026/09/09 00:50:45 OK   00048_stage_run_output_binding.sql (16.22ms)
2026/09/09 00:50:45 OK   00049_stage_cutover_control.sql (54.87ms)
2026/09/09 00:50:45 OK   00050_stage_graph_instantiation_dispatch.sql (18.33ms)
2026/09/09 00:50:45 OK   00051_atomic_stage_graph_admission.sql (8.95ms)
2026/09/09 00:50:45 OK   00052_stage_cutover_zero_backlog_seal.sql (21.03ms)
2026/09/09 00:50:45 OK   00053_legacy_h3_guarded_contraction.sql (14.98ms)
2026/09/09 00:50:45 OK   00054_stage_transfer_consume_destination.sql (3.62ms)
2026/09/09 00:50:45 OK   00055_h3_campaign_evidence_reader.sql (3.76ms)
2026/09/09 00:50:45 OK   00056_stage_observability_reader.sql (919.71µs)
2026/09/09 00:50:45 OK   00057_legacy_h3_release_contraction_gate.sql (10.23ms)
2026/09/09 00:50:46 OK   00058_legacy_h3_schema_contraction.sql (165.64ms)
2026/09/09 00:50:46 OK   00059_model_runtime_epoch_registration.sql (20.53ms)
2026/09/09 00:50:46 OK   00060_model_runtime_gang_barrier.sql (20.03ms)
2026/09/09 00:50:46 OK   00061_stage_worker_gang_authority.sql (5.88ms)
2026/09/09 00:50:46 OK   00062_stage_authority_member_identity.sql (2.73ms)
2026/09/09 00:50:46 OK   00063_h3_execution_snapshot.sql (3.48ms)
2026/09/09 00:50:46 OK   00064_model_runtime_capacity_routes.sql (12.54ms)
2026/09/09 00:50:46 OK   00065_h3_exact_cache_reconciliation.sql (11.34ms)
2026/09/09 00:50:46 OK   00066_stage_worker_control_session_capacity.sql (25.43ms)
2026/09/09 00:50:46 OK   00067_stage_scheduler_project_capacity.sql (2.1ms)
2026/09/09 00:50:46 OK   00068_stage_assignment_connector_states.sql (1.93ms)
2026/09/09 00:50:46 OK   00069_stage_transfer_server_clock.sql (5.27ms)
2026/09/09 00:50:46 OK   00070_stage_lease_expiry_recovery.sql (11.98ms)
2026/09/09 00:50:46 OK   00071_stage_artifact_lifecycle.sql (18.38ms)
2026/09/09 00:50:46 OK   00072_recovery_quiescence.sql (13.03ms)
2026/09/09 00:50:46 OK   00073_stage_cache_downstream_bindings.sql (6.07ms)
2026/09/09 00:50:46 OK   00074_job_owned_public_artifact_copies.sql (3.11ms)
2026/09/09 00:50:46 OK   00075_stage_graph_failure_terminalization.sql (20.99ms)
2026/09/09 00:50:46 OK   00076_allocation_usage_unit.sql (854.17µs)
2026/09/09 00:50:46 OK   00077_runtime_usage_receipts.sql (4.04ms)
2026/09/09 00:50:46 OK   00078_idle_stage_worker_probe.sql (5.41ms)
2026/09/09 00:50:46 OK   00079_stage_job_expiry.sql (6.62ms)
2026/09/09 00:50:46 OK   00080_stage_scheduler_snapshot_lock_order.sql (3.13ms)
2026/09/09 00:50:46 OK   00081_stage_assignment_quorum.sql (1.51ms)
2026/09/09 00:50:46 OK   00082_stage_success_storage_completion.sql (3.61ms)
2026/09/09 00:50:46 OK   00083_capacity_observation_lifecycle.sql (4.25ms)
2026/09/09 00:50:46 OK   00084_blocked_stage_worker_probe.sql (4.17ms)
2026/09/09 00:50:46 OK   00085_stage_materialization_terminal_replay.sql (2.75ms)
2026/09/09 00:50:46 OK   00086_stage_failure_terminal_replay.sql (6.07ms)
2026/09/09 00:50:46 OK   00087_stage_claim_finalization_lock_order.sql (2.53ms)
2026/09/09 00:50:46 OK   00088_stage_allocation_execution_sequence.sql (4.31ms)
2026/09/09 00:50:46 OK   00089_stage_terminal_history.sql (8.52ms)
2026/09/09 00:50:46 OK   00090_stage_assignment_content_lifecycle.sql (20.04ms)
2026/09/09 00:50:46 OK   00091_worker_journal_bootstrap.sql (19.73ms)
2026/09/09 00:50:46 OK   00092_worker_bootstrap_history.sql (2.4ms)
2026/09/09 00:50:46 OK   00093_worker_bootstrap_nonzero_scopes.sql (1.11ms)
2026/09/09 00:50:46 OK   00094_worker_bootstrap_abandonment.sql (12.03ms)
2026/09/09 00:50:46 OK   00095_runtime_startup_reservation.sql (12.21ms)
2026/09/09 00:50:46 goose: successfully migrated database to version: 95
2026/09/09 00:50:46 🐳 Stopping container: d25918b2b00a
2026/09/09 00:50:46 ✅ Container stopped: d25918b2b00a
2026/09/09 00:50:46 🐳 Terminating container: d25918b2b00a
2026/09/09 00:50:46 🚫 Container terminated: d25918b2b00a
=== RUN   TestWorkerBootstrapAbandonmentRejectsRecordedAndObservedWorkers/observed-fenced
2026/09/09 00:50:46 🐳 Creating container for image postgres:17-alpine
2026/09/09 00:50:46 ✅ Container created: 69cadb53d09d
2026/09/09 00:50:46 🐳 Starting container: 69cadb53d09d
2026/09/09 00:50:46 ✅ Container started: 69cadb53d09d
2026/09/09 00:50:46 ⏳ Waiting for container id 69cadb53d09d image: postgres:17-alpine. Waiting for: all of: [all of: [log message "database system is ready to accept connections" (occurrence: 2), port 5432/tcp to be mapped]]
2026/09/09 00:50:47 🔔 Container is ready: 69cadb53d09d
2026/09/09 00:50:47 OK   00001_foundation.sql (69.91ms)
2026/09/09 00:50:47 OK   00002_worker_assignment.sql (16.52ms)
2026/09/09 00:50:47 OK   00003_worker_start.sql (2.88ms)
2026/09/09 00:50:47 OK   00004_worker_heartbeat.sql (18.95ms)
2026/09/09 00:50:47 OK   00005_execution_failure.sql (14.92ms)
2026/09/09 00:50:47 OK   00006_customer_cancellation.sql (30.93ms)
2026/09/09 00:50:47 OK   00007_artifact_finalization.sql (33.41ms)
2026/09/09 00:50:47 OK   00008_hierarchical_scheduler.sql (53.78ms)
2026/09/09 00:50:47 OK   00009_invoice_export.sql (14.01ms)
2026/09/09 00:50:47 OK   00010_profile_certification_circuit.sql (21.62ms)
2026/09/09 00:50:47 OK   00011_project_webhooks.sql (36.14ms)
2026/09/09 00:50:48 OK   00012_human_oidc_fixed_rbac.sql (29.33ms)
2026/09/09 00:50:48 OK   00013_service_principal_administration.sql (16.37ms)
2026/09/09 00:50:48 OK   00014_human_membership_administration.sql (29.59ms)
2026/09/09 00:50:48 OK   00015_organization_reporting.sql (19.39ms)
2026/09/09 00:50:48 OK   00016_project_retention_content_deletion.sql (54.64ms)
2026/09/09 00:50:48 OK   00017_platform_operator_break_glass.sql (35.85ms)
2026/09/09 00:50:48 OK   00018_finance_reconciliation.sql (17ms)
2026/09/09 00:50:48 OK   00019_certified_remediation.sql (23.79ms)
2026/09/09 00:50:48 OK   00020_remediation_execution_claim.sql (5.75ms)
2026/09/09 00:50:48 OK   00021_remediation_execution_dispatch.sql (2.34ms)
2026/09/09 00:50:48 OK   00022_remediation_execution_claim_replay.sql (2.44ms)
2026/09/09 00:50:48 OK   00023_fleet_controller_worker_readiness.sql (66.22ms)
2026/09/09 00:50:48 OK   00024_staging_artifact_expiry.sql (4.03ms)
2026/09/09 00:50:48 OK   00025_scheduler_inbox_receipt.sql (2.44ms)
2026/09/09 00:50:48 OK   00026_synchronous_quorum_guard.sql (1.81ms)
2026/09/09 00:50:48 OK   00027_authorized_debug_dump_lifecycle.sql (49.46ms)
2026/09/09 00:50:48 OK   00028_off_cluster_backup_retention.sql (12.02ms)
2026/09/09 00:50:48 OK   00029_artifact_backup_replication.sql (11.13ms)
2026/09/09 00:50:48 OK   00030_non_content_legal_hold.sql (22.15ms)
2026/09/09 00:50:48 OK   00031_non_content_record_expiry.sql (64.28ms)
2026/09/09 00:50:48 OK   00032_catalog_promotion_production_gates.sql (34.36ms)
2026/09/09 00:50:48 OK   00033_statistical_slo_measurement.sql (28.91ms)
2026/09/09 00:50:48 OK   00034_stage_execution_catalog.sql (59.88ms)
2026/09/09 00:50:48 OK   00035_worker_instance_residency.sql (62.29ms)
2026/09/09 00:50:48 OK   00036_stage_attempt_authority.sql (89.17ms)
2026/09/09 00:50:48 OK   00037_stage_scheduler.sql (47.81ms)
2026/09/09 00:50:48 OK   00038_stage_artifact.sql (48.9ms)
2026/09/09 00:50:48 OK   00039_stage_worker_control_authority.sql (3.76ms)
2026/09/09 00:50:48 OK   00040_stage_worker_execution.sql (23ms)
2026/09/09 00:50:48 OK   00041_stage_worker_operations.sql (14.56ms)
2026/09/09 00:50:48 OK   00042_stage_worker_assignment.sql (15.73ms)
2026/09/09 00:50:48 OK   00043_stage_graph_finalization.sql (6.81ms)
2026/09/09 00:50:48 OK   00044_stage_cache.sql (32.44ms)
2026/09/09 00:50:48 OK   00045_stage_graph_finalization_outputs.sql (5.36ms)
2026/09/09 00:50:48 OK   00046_stage_graph_visible_completion.sql (6.49ms)
2026/09/09 00:50:48 OK   00047_usage_cost_ledger.sql (18ms)
2026/09/09 00:50:48 OK   00048_stage_run_output_binding.sql (15.37ms)
2026/09/09 00:50:49 OK   00049_stage_cutover_control.sql (56.4ms)
2026/09/09 00:50:49 OK   00050_stage_graph_instantiation_dispatch.sql (19.11ms)
2026/09/09 00:50:49 OK   00051_atomic_stage_graph_admission.sql (9.13ms)
2026/09/09 00:50:49 OK   00052_stage_cutover_zero_backlog_seal.sql (21.11ms)
2026/09/09 00:50:49 OK   00053_legacy_h3_guarded_contraction.sql (15.08ms)
2026/09/09 00:50:49 OK   00054_stage_transfer_consume_destination.sql (3.36ms)
2026/09/09 00:50:49 OK   00055_h3_campaign_evidence_reader.sql (3.77ms)
2026/09/09 00:50:49 OK   00056_stage_observability_reader.sql (984.21µs)
2026/09/09 00:50:49 OK   00057_legacy_h3_release_contraction_gate.sql (10.56ms)
2026/09/09 00:50:49 OK   00058_legacy_h3_schema_contraction.sql (166.34ms)
2026/09/09 00:50:49 OK   00059_model_runtime_epoch_registration.sql (19.47ms)
2026/09/09 00:50:49 OK   00060_model_runtime_gang_barrier.sql (18.61ms)
2026/09/09 00:50:49 OK   00061_stage_worker_gang_authority.sql (6.17ms)
2026/09/09 00:50:49 OK   00062_stage_authority_member_identity.sql (3.32ms)
2026/09/09 00:50:49 OK   00063_h3_execution_snapshot.sql (3.2ms)
2026/09/09 00:50:49 OK   00064_model_runtime_capacity_routes.sql (12.51ms)
2026/09/09 00:50:49 OK   00065_h3_exact_cache_reconciliation.sql (11.52ms)
2026/09/09 00:50:49 OK   00066_stage_worker_control_session_capacity.sql (25.08ms)
2026/09/09 00:50:49 OK   00067_stage_scheduler_project_capacity.sql (2.1ms)
2026/09/09 00:50:49 OK   00068_stage_assignment_connector_states.sql (1.9ms)
2026/09/09 00:50:49 OK   00069_stage_transfer_server_clock.sql (5.05ms)
2026/09/09 00:50:49 OK   00070_stage_lease_expiry_recovery.sql (12.04ms)
2026/09/09 00:50:49 OK   00071_stage_artifact_lifecycle.sql (18.74ms)
2026/09/09 00:50:49 OK   00072_recovery_quiescence.sql (13.16ms)
2026/09/09 00:50:49 OK   00073_stage_cache_downstream_bindings.sql (5.52ms)
2026/09/09 00:50:49 OK   00074_job_owned_public_artifact_copies.sql (3.12ms)
2026/09/09 00:50:49 OK   00075_stage_graph_failure_terminalization.sql (19.49ms)
2026/09/09 00:50:49 OK   00076_allocation_usage_unit.sql (767.13µs)
2026/09/09 00:50:49 OK   00077_runtime_usage_receipts.sql (3.95ms)
2026/09/09 00:50:49 OK   00078_idle_stage_worker_probe.sql (4.79ms)
2026/09/09 00:50:49 OK   00079_stage_job_expiry.sql (5.74ms)
2026/09/09 00:50:49 OK   00080_stage_scheduler_snapshot_lock_order.sql (3.07ms)
2026/09/09 00:50:49 OK   00081_stage_assignment_quorum.sql (1.45ms)
2026/09/09 00:50:49 OK   00082_stage_success_storage_completion.sql (3.01ms)
2026/09/09 00:50:49 OK   00083_capacity_observation_lifecycle.sql (3.76ms)
2026/09/09 00:50:49 OK   00084_blocked_stage_worker_probe.sql (3.66ms)
2026/09/09 00:50:49 OK   00085_stage_materialization_terminal_replay.sql (2.43ms)
2026/09/09 00:50:49 OK   00086_stage_failure_terminal_replay.sql (5.58ms)
2026/09/09 00:50:49 OK   00087_stage_claim_finalization_lock_order.sql (1.96ms)
2026/09/09 00:50:49 OK   00088_stage_allocation_execution_sequence.sql (4ms)
2026/09/09 00:50:49 OK   00089_stage_terminal_history.sql (7.68ms)
2026/09/09 00:50:49 OK   00090_stage_assignment_content_lifecycle.sql (18.17ms)
2026/09/09 00:50:49 OK   00091_worker_journal_bootstrap.sql (18.09ms)
2026/09/09 00:50:49 OK   00092_worker_bootstrap_history.sql (2.33ms)
2026/09/09 00:50:49 OK   00093_worker_bootstrap_nonzero_scopes.sql (1.08ms)
2026/09/09 00:50:49 OK   00094_worker_bootstrap_abandonment.sql (10.96ms)
2026/09/09 00:50:49 OK   00095_runtime_startup_reservation.sql (11.52ms)
2026/09/09 00:50:49 goose: successfully migrated database to version: 95
2026/09/09 00:50:49 🐳 Stopping container: 69cadb53d09d
2026/09/09 00:50:49 ✅ Container stopped: 69cadb53d09d
2026/09/09 00:50:49 🐳 Terminating container: 69cadb53d09d
2026/09/09 00:50:49 🚫 Container terminated: 69cadb53d09d
=== RUN   TestWorkerBootstrapAbandonmentRejectsRecordedAndObservedWorkers/unobserved-fenced
2026/09/09 00:50:49 🐳 Creating container for image postgres:17-alpine
2026/09/09 00:50:49 ✅ Container created: 5164b32faa4f
2026/09/09 00:50:49 🐳 Starting container: 5164b32faa4f
2026/09/09 00:50:50 ✅ Container started: 5164b32faa4f
2026/09/09 00:50:50 ⏳ Waiting for container id 5164b32faa4f image: postgres:17-alpine. Waiting for: all of: [all of: [log message "database system is ready to accept connections" (occurrence: 2), port 5432/tcp to be mapped]]
2026/09/09 00:50:50 🔔 Container is ready: 5164b32faa4f
2026/09/09 00:50:50 OK   00001_foundation.sql (66.86ms)
2026/09/09 00:50:50 OK   00002_worker_assignment.sql (16.05ms)
2026/09/09 00:50:50 OK   00003_worker_start.sql (3.84ms)
2026/09/09 00:50:50 OK   00004_worker_heartbeat.sql (17.32ms)
2026/09/09 00:50:50 OK   00005_execution_failure.sql (15.62ms)
2026/09/09 00:50:50 OK   00006_customer_cancellation.sql (32.37ms)
2026/09/09 00:50:50 OK   00007_artifact_finalization.sql (33.37ms)
2026/09/09 00:50:51 OK   00008_hierarchical_scheduler.sql (53.86ms)
2026/09/09 00:50:51 OK   00009_invoice_export.sql (14.25ms)
2026/09/09 00:50:51 OK   00010_profile_certification_circuit.sql (21.15ms)
2026/09/09 00:50:51 OK   00011_project_webhooks.sql (35.9ms)
2026/09/09 00:50:51 OK   00012_human_oidc_fixed_rbac.sql (26.84ms)
2026/09/09 00:50:51 OK   00013_service_principal_administration.sql (16.07ms)
2026/09/09 00:50:51 OK   00014_human_membership_administration.sql (28.58ms)
2026/09/09 00:50:51 OK   00015_organization_reporting.sql (18.98ms)
2026/09/09 00:50:51 OK   00016_project_retention_content_deletion.sql (54.09ms)
2026/09/09 00:50:51 OK   00017_platform_operator_break_glass.sql (35.99ms)
2026/09/09 00:50:51 OK   00018_finance_reconciliation.sql (17.06ms)
2026/09/09 00:50:51 OK   00019_certified_remediation.sql (23.83ms)
2026/09/09 00:50:51 OK   00020_remediation_execution_claim.sql (5.66ms)
2026/09/09 00:50:51 OK   00021_remediation_execution_dispatch.sql (2.39ms)
2026/09/09 00:50:51 OK   00022_remediation_execution_claim_replay.sql (2.57ms)
2026/09/09 00:50:51 OK   00023_fleet_controller_worker_readiness.sql (69.31ms)
2026/09/09 00:50:51 OK   00024_staging_artifact_expiry.sql (4.14ms)
2026/09/09 00:50:51 OK   00025_scheduler_inbox_receipt.sql (2.58ms)
2026/09/09 00:50:51 OK   00026_synchronous_quorum_guard.sql (1.76ms)
2026/09/09 00:50:51 OK   00027_authorized_debug_dump_lifecycle.sql (50.08ms)
2026/09/09 00:50:51 OK   00028_off_cluster_backup_retention.sql (12.26ms)
2026/09/09 00:50:51 OK   00029_artifact_backup_replication.sql (11.43ms)
2026/09/09 00:50:51 OK   00030_non_content_legal_hold.sql (23.08ms)
2026/09/09 00:50:51 OK   00031_non_content_record_expiry.sql (65.35ms)
2026/09/09 00:50:51 OK   00032_catalog_promotion_production_gates.sql (34.5ms)
2026/09/09 00:50:51 OK   00033_statistical_slo_measurement.sql (26.95ms)
2026/09/09 00:50:51 OK   00034_stage_execution_catalog.sql (59.63ms)
2026/09/09 00:50:51 OK   00035_worker_instance_residency.sql (68.06ms)
2026/09/09 00:50:51 OK   00036_stage_attempt_authority.sql (92.83ms)
2026/09/09 00:50:51 OK   00037_stage_scheduler.sql (48.58ms)
2026/09/09 00:50:51 OK   00038_stage_artifact.sql (47.38ms)
2026/09/09 00:50:51 OK   00039_stage_worker_control_authority.sql (3.38ms)
2026/09/09 00:50:51 OK   00040_stage_worker_execution.sql (21.28ms)
2026/09/09 00:50:52 OK   00041_stage_worker_operations.sql (14.41ms)
2026/09/09 00:50:52 OK   00042_stage_worker_assignment.sql (15.6ms)
2026/09/09 00:50:52 OK   00043_stage_graph_finalization.sql (6.62ms)
2026/09/09 00:50:52 OK   00044_stage_cache.sql (31.38ms)
2026/09/09 00:50:52 OK   00045_stage_graph_finalization_outputs.sql (5.12ms)
2026/09/09 00:50:52 OK   00046_stage_graph_visible_completion.sql (6.58ms)
2026/09/09 00:50:52 OK   00047_usage_cost_ledger.sql (18.04ms)
2026/09/09 00:50:52 OK   00048_stage_run_output_binding.sql (15.02ms)
2026/09/09 00:50:52 OK   00049_stage_cutover_control.sql (58.15ms)
2026/09/09 00:50:52 OK   00050_stage_graph_instantiation_dispatch.sql (19.23ms)
2026/09/09 00:50:52 OK   00051_atomic_stage_graph_admission.sql (9.49ms)
2026/09/09 00:50:52 OK   00052_stage_cutover_zero_backlog_seal.sql (21.05ms)
2026/09/09 00:50:52 OK   00053_legacy_h3_guarded_contraction.sql (15.17ms)
2026/09/09 00:50:52 OK   00054_stage_transfer_consume_destination.sql (3.37ms)
2026/09/09 00:50:52 OK   00055_h3_campaign_evidence_reader.sql (3.76ms)
2026/09/09 00:50:52 OK   00056_stage_observability_reader.sql (922.46µs)
2026/09/09 00:50:52 OK   00057_legacy_h3_release_contraction_gate.sql (9.93ms)
2026/09/09 00:50:52 OK   00058_legacy_h3_schema_contraction.sql (163.47ms)
2026/09/09 00:50:52 OK   00059_model_runtime_epoch_registration.sql (19.08ms)
2026/09/09 00:50:52 OK   00060_model_runtime_gang_barrier.sql (20.04ms)
2026/09/09 00:50:52 OK   00061_stage_worker_gang_authority.sql (6.6ms)
2026/09/09 00:50:52 OK   00062_stage_authority_member_identity.sql (2.71ms)
2026/09/09 00:50:52 OK   00063_h3_execution_snapshot.sql (3.36ms)
2026/09/09 00:50:52 OK   00064_model_runtime_capacity_routes.sql (12.82ms)
2026/09/09 00:50:52 OK   00065_h3_exact_cache_reconciliation.sql (11.35ms)
2026/09/09 00:50:52 OK   00066_stage_worker_control_session_capacity.sql (25.91ms)
2026/09/09 00:50:52 OK   00067_stage_scheduler_project_capacity.sql (2.03ms)
2026/09/09 00:50:52 OK   00068_stage_assignment_connector_states.sql (1.84ms)
2026/09/09 00:50:52 OK   00069_stage_transfer_server_clock.sql (5.03ms)
2026/09/09 00:50:52 OK   00070_stage_lease_expiry_recovery.sql (11.91ms)
2026/09/09 00:50:52 OK   00071_stage_artifact_lifecycle.sql (18.81ms)
2026/09/09 00:50:52 OK   00072_recovery_quiescence.sql (13.48ms)
2026/09/09 00:50:52 OK   00073_stage_cache_downstream_bindings.sql (5.88ms)
2026/09/09 00:50:52 OK   00074_job_owned_public_artifact_copies.sql (3.28ms)
2026/09/09 00:50:52 OK   00075_stage_graph_failure_terminalization.sql (21.04ms)
2026/09/09 00:50:52 OK   00076_allocation_usage_unit.sql (868.13µs)
2026/09/09 00:50:52 OK   00077_runtime_usage_receipts.sql (3.94ms)
2026/09/09 00:50:52 OK   00078_idle_stage_worker_probe.sql (5.16ms)
2026/09/09 00:50:52 OK   00079_stage_job_expiry.sql (6.2ms)
2026/09/09 00:50:52 OK   00080_stage_scheduler_snapshot_lock_order.sql (3.07ms)
2026/09/09 00:50:52 OK   00081_stage_assignment_quorum.sql (1.47ms)
2026/09/09 00:50:52 OK   00082_stage_success_storage_completion.sql (3.07ms)
2026/09/09 00:50:52 OK   00083_capacity_observation_lifecycle.sql (4.24ms)
2026/09/09 00:50:52 OK   00084_blocked_stage_worker_probe.sql (4.26ms)
2026/09/09 00:50:52 OK   00085_stage_materialization_terminal_replay.sql (2.64ms)
2026/09/09 00:50:52 OK   00086_stage_failure_terminal_replay.sql (6.41ms)
2026/09/09 00:50:52 OK   00087_stage_claim_finalization_lock_order.sql (2.22ms)
2026/09/09 00:50:52 OK   00088_stage_allocation_execution_sequence.sql (4.46ms)
2026/09/09 00:50:52 OK   00089_stage_terminal_history.sql (8.64ms)
2026/09/09 00:50:52 OK   00090_stage_assignment_content_lifecycle.sql (19.66ms)
2026/09/09 00:50:52 OK   00091_worker_journal_bootstrap.sql (19.53ms)
2026/09/09 00:50:52 OK   00092_worker_bootstrap_history.sql (2.74ms)
2026/09/09 00:50:52 OK   00093_worker_bootstrap_nonzero_scopes.sql (1.17ms)
2026/09/09 00:50:52 OK   00094_worker_bootstrap_abandonment.sql (12.08ms)
2026/09/09 00:50:52 OK   00095_runtime_startup_reservation.sql (11.85ms)
2026/09/09 00:50:52 goose: successfully migrated database to version: 95
2026/09/09 00:50:52 🐳 Stopping container: 5164b32faa4f
2026/09/09 00:50:53 ✅ Container stopped: 5164b32faa4f
2026/09/09 00:50:53 🐳 Terminating container: 5164b32faa4f
2026/09/09 00:50:53 🚫 Container terminated: 5164b32faa4f
--- PASS: TestWorkerBootstrapAbandonmentRejectsRecordedAndObservedWorkers (12.60s)
    --- PASS: TestWorkerBootstrapAbandonmentRejectsRecordedAndObservedWorkers/recorded (3.19s)
    --- PASS: TestWorkerBootstrapAbandonmentRejectsRecordedAndObservedWorkers/observed (3.17s)
    --- PASS: TestWorkerBootstrapAbandonmentRejectsRecordedAndObservedWorkers/observed-fenced (3.10s)
    --- PASS: TestWorkerBootstrapAbandonmentRejectsRecordedAndObservedWorkers/unobserved-fenced (3.13s)
=== RUN   TestWorkerBootstrapAbandonmentSerializesWithReceipt
2026/09/09 00:50:53 🐳 Creating container for image postgres:17-alpine
2026/09/09 00:50:53 ✅ Container created: 0cdd7411d6d3
2026/09/09 00:50:53 🐳 Starting container: 0cdd7411d6d3
2026/09/09 00:50:53 ✅ Container started: 0cdd7411d6d3
2026/09/09 00:50:53 ⏳ Waiting for container id 0cdd7411d6d3 image: postgres:17-alpine. Waiting for: all of: [all of: [log message "database system is ready to accept connections" (occurrence: 2), port 5432/tcp to be mapped]]
2026/09/09 00:50:53 🔔 Container is ready: 0cdd7411d6d3
2026/09/09 00:50:54 OK   00001_foundation.sql (76.27ms)
2026/09/09 00:50:54 OK   00002_worker_assignment.sql (16.22ms)
2026/09/09 00:50:54 OK   00003_worker_start.sql (2.82ms)
2026/09/09 00:50:54 OK   00004_worker_heartbeat.sql (18.28ms)
2026/09/09 00:50:54 OK   00005_execution_failure.sql (15.5ms)
2026/09/09 00:50:54 OK   00006_customer_cancellation.sql (33.29ms)
2026/09/09 00:50:54 OK   00007_artifact_finalization.sql (35.22ms)
2026/09/09 00:50:54 OK   00008_hierarchical_scheduler.sql (55.34ms)
2026/09/09 00:50:54 OK   00009_invoice_export.sql (13.89ms)
2026/09/09 00:50:54 OK   00010_profile_certification_circuit.sql (20.87ms)
2026/09/09 00:50:54 OK   00011_project_webhooks.sql (36.56ms)
2026/09/09 00:50:54 OK   00012_human_oidc_fixed_rbac.sql (27ms)
2026/09/09 00:50:54 OK   00013_service_principal_administration.sql (16.73ms)
2026/09/09 00:50:54 OK   00014_human_membership_administration.sql (29.43ms)
2026/09/09 00:50:54 OK   00015_organization_reporting.sql (19.09ms)
2026/09/09 00:50:54 OK   00016_project_retention_content_deletion.sql (54.35ms)
2026/09/09 00:50:54 OK   00017_platform_operator_break_glass.sql (36.68ms)
2026/09/09 00:50:54 OK   00018_finance_reconciliation.sql (17ms)
2026/09/09 00:50:54 OK   00019_certified_remediation.sql (23.8ms)
2026/09/09 00:50:54 OK   00020_remediation_execution_claim.sql (5.76ms)
2026/09/09 00:50:54 OK   00021_remediation_execution_dispatch.sql (2.43ms)
2026/09/09 00:50:54 OK   00022_remediation_execution_claim_replay.sql (2.27ms)
2026/09/09 00:50:54 OK   00023_fleet_controller_worker_readiness.sql (71.39ms)
2026/09/09 00:50:54 OK   00024_staging_artifact_expiry.sql (4.55ms)
2026/09/09 00:50:54 OK   00025_scheduler_inbox_receipt.sql (2.77ms)
2026/09/09 00:50:54 OK   00026_synchronous_quorum_guard.sql (2.19ms)
2026/09/09 00:50:54 OK   00027_authorized_debug_dump_lifecycle.sql (49.79ms)
2026/09/09 00:50:54 OK   00028_off_cluster_backup_retention.sql (11.94ms)
2026/09/09 00:50:54 OK   00029_artifact_backup_replication.sql (10.91ms)
2026/09/09 00:50:54 OK   00030_non_content_legal_hold.sql (22.77ms)
2026/09/09 00:50:54 OK   00031_non_content_record_expiry.sql (65.4ms)
2026/09/09 00:50:54 OK   00032_catalog_promotion_production_gates.sql (35.29ms)
2026/09/09 00:50:54 OK   00033_statistical_slo_measurement.sql (26ms)
2026/09/09 00:50:54 OK   00034_stage_execution_catalog.sql (57.39ms)
2026/09/09 00:50:54 OK   00035_worker_instance_residency.sql (67.55ms)
2026/09/09 00:50:55 OK   00036_stage_attempt_authority.sql (93.43ms)
2026/09/09 00:50:55 OK   00037_stage_scheduler.sql (50.14ms)
2026/09/09 00:50:55 OK   00038_stage_artifact.sql (48.17ms)
2026/09/09 00:50:55 OK   00039_stage_worker_control_authority.sql (3.48ms)
2026/09/09 00:50:55 OK   00040_stage_worker_execution.sql (21.28ms)
2026/09/09 00:50:55 OK   00041_stage_worker_operations.sql (14.4ms)
2026/09/09 00:50:55 OK   00042_stage_worker_assignment.sql (15.43ms)
2026/09/09 00:50:55 OK   00043_stage_graph_finalization.sql (6.94ms)
2026/09/09 00:50:55 OK   00044_stage_cache.sql (30.98ms)
2026/09/09 00:50:55 OK   00045_stage_graph_finalization_outputs.sql (5.24ms)
2026/09/09 00:50:55 OK   00046_stage_graph_visible_completion.sql (6.57ms)
2026/09/09 00:50:55 OK   00047_usage_cost_ledger.sql (17.56ms)
2026/09/09 00:50:55 OK   00048_stage_run_output_binding.sql (14.61ms)
2026/09/09 00:50:55 OK   00049_stage_cutover_control.sql (55.78ms)
2026/09/09 00:50:55 OK   00050_stage_graph_instantiation_dispatch.sql (18.39ms)
2026/09/09 00:50:55 OK   00051_atomic_stage_graph_admission.sql (8.5ms)
2026/09/09 00:50:55 OK   00052_stage_cutover_zero_backlog_seal.sql (18.78ms)
2026/09/09 00:50:55 OK   00053_legacy_h3_guarded_contraction.sql (14.33ms)
2026/09/09 00:50:55 OK   00054_stage_transfer_consume_destination.sql (3.57ms)
2026/09/09 00:50:55 OK   00055_h3_campaign_evidence_reader.sql (4ms)
2026/09/09 00:50:55 OK   00056_stage_observability_reader.sql (1ms)
2026/09/09 00:50:55 OK   00057_legacy_h3_release_contraction_gate.sql (10.14ms)
2026/09/09 00:50:55 OK   00058_legacy_h3_schema_contraction.sql (161.69ms)
2026/09/09 00:50:55 OK   00059_model_runtime_epoch_registration.sql (18.21ms)
2026/09/09 00:50:55 OK   00060_model_runtime_gang_barrier.sql (20.13ms)
2026/09/09 00:50:55 OK   00061_stage_worker_gang_authority.sql (6.25ms)
2026/09/09 00:50:55 OK   00062_stage_authority_member_identity.sql (2.68ms)
2026/09/09 00:50:55 OK   00063_h3_execution_snapshot.sql (3.6ms)
2026/09/09 00:50:55 OK   00064_model_runtime_capacity_routes.sql (12.53ms)
2026/09/09 00:50:55 OK   00065_h3_exact_cache_reconciliation.sql (11.56ms)
2026/09/09 00:50:55 OK   00066_stage_worker_control_session_capacity.sql (25.75ms)
2026/09/09 00:50:55 OK   00067_stage_scheduler_project_capacity.sql (2.08ms)
2026/09/09 00:50:55 OK   00068_stage_assignment_connector_states.sql (2.18ms)
2026/09/09 00:50:55 OK   00069_stage_transfer_server_clock.sql (5.04ms)
2026/09/09 00:50:55 OK   00070_stage_lease_expiry_recovery.sql (11.97ms)
2026/09/09 00:50:55 OK   00071_stage_artifact_lifecycle.sql (19.19ms)
2026/09/09 00:50:55 OK   00072_recovery_quiescence.sql (13.72ms)
2026/09/09 00:50:55 OK   00073_stage_cache_downstream_bindings.sql (6.24ms)
2026/09/09 00:50:55 OK   00074_job_owned_public_artifact_copies.sql (3.44ms)
2026/09/09 00:50:55 OK   00075_stage_graph_failure_terminalization.sql (21.62ms)
2026/09/09 00:50:55 OK   00076_allocation_usage_unit.sql (927.96µs)
2026/09/09 00:50:55 OK   00077_runtime_usage_receipts.sql (4.46ms)
2026/09/09 00:50:55 OK   00078_idle_stage_worker_probe.sql (5.78ms)
2026/09/09 00:50:55 OK   00079_stage_job_expiry.sql (6.36ms)
2026/09/09 00:50:55 OK   00080_stage_scheduler_snapshot_lock_order.sql (3.76ms)
2026/09/09 00:50:55 OK   00081_stage_assignment_quorum.sql (1.62ms)
2026/09/09 00:50:55 OK   00082_stage_success_storage_completion.sql (3.01ms)
2026/09/09 00:50:55 OK   00083_capacity_observation_lifecycle.sql (4.15ms)
2026/09/09 00:50:55 OK   00084_blocked_stage_worker_probe.sql (4.09ms)
2026/09/09 00:50:55 OK   00085_stage_materialization_terminal_replay.sql (2.43ms)
2026/09/09 00:50:55 OK   00086_stage_failure_terminal_replay.sql (5.59ms)
2026/09/09 00:50:55 OK   00087_stage_claim_finalization_lock_order.sql (2.07ms)
2026/09/09 00:50:55 OK   00088_stage_allocation_execution_sequence.sql (4.18ms)
2026/09/09 00:50:55 OK   00089_stage_terminal_history.sql (7.74ms)
2026/09/09 00:50:55 OK   00090_stage_assignment_content_lifecycle.sql (18.03ms)
2026/09/09 00:50:55 OK   00091_worker_journal_bootstrap.sql (17.45ms)
2026/09/09 00:50:55 OK   00092_worker_bootstrap_history.sql (1.83ms)
2026/09/09 00:50:55 OK   00093_worker_bootstrap_nonzero_scopes.sql (964.08µs)
2026/09/09 00:50:55 OK   00094_worker_bootstrap_abandonment.sql (9.33ms)
2026/09/09 00:50:55 OK   00095_runtime_startup_reservation.sql (11.08ms)
2026/09/09 00:50:55 goose: successfully migrated database to version: 95
2026/09/09 00:50:56 🐳 Stopping container: 0cdd7411d6d3
2026/09/09 00:50:56 ✅ Container stopped: 0cdd7411d6d3
2026/09/09 00:50:56 🐳 Terminating container: 0cdd7411d6d3
2026/09/09 00:50:56 🚫 Container terminated: 0cdd7411d6d3
--- PASS: TestWorkerBootstrapAbandonmentSerializesWithReceipt (3.20s)
=== RUN   TestWorkerBootstrapAbandonmentRequiresCommitQuorumAndSupportsEmptyRollback
2026/09/09 00:50:56 🐳 Creating container for image postgres:17-alpine
2026/09/09 00:50:56 ✅ Container created: 59fd76436674
2026/09/09 00:50:56 🐳 Starting container: 59fd76436674
2026/09/09 00:50:56 ✅ Container started: 59fd76436674
2026/09/09 00:50:56 ⏳ Waiting for container id 59fd76436674 image: postgres:17-alpine. Waiting for: all of: [all of: [log message "database system is ready to accept connections" (occurrence: 2), port 5432/tcp to be mapped]]
2026/09/09 00:50:57 🔔 Container is ready: 59fd76436674
2026/09/09 00:50:57 OK   00001_foundation.sql (64.39ms)
2026/09/09 00:50:57 OK   00002_worker_assignment.sql (14.83ms)
2026/09/09 00:50:57 OK   00003_worker_start.sql (2.64ms)
2026/09/09 00:50:57 OK   00004_worker_heartbeat.sql (16.16ms)
2026/09/09 00:50:57 OK   00005_execution_failure.sql (13.83ms)
2026/09/09 00:50:57 OK   00006_customer_cancellation.sql (27.77ms)
2026/09/09 00:50:57 OK   00007_artifact_finalization.sql (31.68ms)
2026/09/09 00:50:57 OK   00008_hierarchical_scheduler.sql (48.18ms)
2026/09/09 00:50:57 OK   00009_invoice_export.sql (13.34ms)
2026/09/09 00:50:57 OK   00010_profile_certification_circuit.sql (20.35ms)
2026/09/09 00:50:57 OK   00011_project_webhooks.sql (33.46ms)
2026/09/09 00:50:57 OK   00012_human_oidc_fixed_rbac.sql (27.53ms)
2026/09/09 00:50:57 OK   00013_service_principal_administration.sql (15.4ms)
2026/09/09 00:50:57 OK   00014_human_membership_administration.sql (27.3ms)
2026/09/09 00:50:57 OK   00015_organization_reporting.sql (17.91ms)
2026/09/09 00:50:57 OK   00016_project_retention_content_deletion.sql (53.91ms)
2026/09/09 00:50:57 OK   00017_platform_operator_break_glass.sql (35.91ms)
2026/09/09 00:50:57 OK   00018_finance_reconciliation.sql (16.82ms)
2026/09/09 00:50:57 OK   00019_certified_remediation.sql (23.42ms)
2026/09/09 00:50:57 OK   00020_remediation_execution_claim.sql (5.78ms)
2026/09/09 00:50:57 OK   00021_remediation_execution_dispatch.sql (2.33ms)
2026/09/09 00:50:57 OK   00022_remediation_execution_claim_replay.sql (2.48ms)
2026/09/09 00:50:57 OK   00023_fleet_controller_worker_readiness.sql (66.77ms)
2026/09/09 00:50:57 OK   00024_staging_artifact_expiry.sql (4.05ms)
2026/09/09 00:50:57 OK   00025_scheduler_inbox_receipt.sql (2.58ms)
2026/09/09 00:50:57 OK   00026_synchronous_quorum_guard.sql (1.88ms)
2026/09/09 00:50:57 OK   00027_authorized_debug_dump_lifecycle.sql (50.31ms)
2026/09/09 00:50:57 OK   00028_off_cluster_backup_retention.sql (12.57ms)
2026/09/09 00:50:57 OK   00029_artifact_backup_replication.sql (11.52ms)
2026/09/09 00:50:57 OK   00030_non_content_legal_hold.sql (24.04ms)
2026/09/09 00:50:57 OK   00031_non_content_record_expiry.sql (64.23ms)
2026/09/09 00:50:57 OK   00032_catalog_promotion_production_gates.sql (34.53ms)
2026/09/09 00:50:57 OK   00033_statistical_slo_measurement.sql (26.47ms)
2026/09/09 00:50:57 OK   00034_stage_execution_catalog.sql (58.57ms)
2026/09/09 00:50:58 OK   00035_worker_instance_residency.sql (68.39ms)
2026/09/09 00:50:58 OK   00036_stage_attempt_authority.sql (95.53ms)
2026/09/09 00:50:58 OK   00037_stage_scheduler.sql (49.62ms)
2026/09/09 00:50:58 OK   00038_stage_artifact.sql (45.33ms)
2026/09/09 00:50:58 OK   00039_stage_worker_control_authority.sql (3.45ms)
2026/09/09 00:50:58 OK   00040_stage_worker_execution.sql (20.79ms)
2026/09/09 00:50:58 OK   00041_stage_worker_operations.sql (13.72ms)
2026/09/09 00:50:58 OK   00042_stage_worker_assignment.sql (15.32ms)
2026/09/09 00:50:58 OK   00043_stage_graph_finalization.sql (6.59ms)
2026/09/09 00:50:58 OK   00044_stage_cache.sql (30.72ms)
2026/09/09 00:50:58 OK   00045_stage_graph_finalization_outputs.sql (5.07ms)
2026/09/09 00:50:58 OK   00046_stage_graph_visible_completion.sql (6.57ms)
2026/09/09 00:50:58 OK   00047_usage_cost_ledger.sql (17.76ms)
2026/09/09 00:50:58 OK   00048_stage_run_output_binding.sql (14.6ms)
2026/09/09 00:50:58 OK   00049_stage_cutover_control.sql (56.85ms)
2026/09/09 00:50:58 OK   00050_stage_graph_instantiation_dispatch.sql (18.92ms)
2026/09/09 00:50:58 OK   00051_atomic_stage_graph_admission.sql (9.19ms)
2026/09/09 00:50:58 OK   00052_stage_cutover_zero_backlog_seal.sql (20.51ms)
2026/09/09 00:50:58 OK   00053_legacy_h3_guarded_contraction.sql (15.71ms)
2026/09/09 00:50:58 OK   00054_stage_transfer_consume_destination.sql (3.52ms)
2026/09/09 00:50:58 OK   00055_h3_campaign_evidence_reader.sql (3.84ms)
2026/09/09 00:50:58 OK   00056_stage_observability_reader.sql (897.08µs)
2026/09/09 00:50:58 OK   00057_legacy_h3_release_contraction_gate.sql (9.9ms)
2026/09/09 00:50:58 OK   00058_legacy_h3_schema_contraction.sql (165.93ms)
2026/09/09 00:50:58 OK   00059_model_runtime_epoch_registration.sql (20.09ms)
2026/09/09 00:50:58 OK   00060_model_runtime_gang_barrier.sql (18.66ms)
2026/09/09 00:50:58 OK   00061_stage_worker_gang_authority.sql (5.76ms)
2026/09/09 00:50:58 OK   00062_stage_authority_member_identity.sql (3.25ms)
2026/09/09 00:50:58 OK   00063_h3_execution_snapshot.sql (3.18ms)
2026/09/09 00:50:58 OK   00064_model_runtime_capacity_routes.sql (12.12ms)
2026/09/09 00:50:58 OK   00065_h3_exact_cache_reconciliation.sql (11.62ms)
2026/09/09 00:50:58 OK   00066_stage_worker_control_session_capacity.sql (25.37ms)
2026/09/09 00:50:58 OK   00067_stage_scheduler_project_capacity.sql (2.15ms)
2026/09/09 00:50:58 OK   00068_stage_assignment_connector_states.sql (1.89ms)
2026/09/09 00:50:58 OK   00069_stage_transfer_server_clock.sql (5.12ms)
2026/09/09 00:50:58 OK   00070_stage_lease_expiry_recovery.sql (12ms)
2026/09/09 00:50:58 OK   00071_stage_artifact_lifecycle.sql (18.96ms)
2026/09/09 00:50:58 OK   00072_recovery_quiescence.sql (13.5ms)
2026/09/09 00:50:58 OK   00073_stage_cache_downstream_bindings.sql (5.99ms)
2026/09/09 00:50:58 OK   00074_job_owned_public_artifact_copies.sql (3.37ms)
2026/09/09 00:50:58 OK   00075_stage_graph_failure_terminalization.sql (21.28ms)
2026/09/09 00:50:58 OK   00076_allocation_usage_unit.sql (932.46µs)
2026/09/09 00:50:58 OK   00077_runtime_usage_receipts.sql (4.06ms)
2026/09/09 00:50:58 OK   00078_idle_stage_worker_probe.sql (5.44ms)
2026/09/09 00:50:58 OK   00079_stage_job_expiry.sql (6.34ms)
2026/09/09 00:50:58 OK   00080_stage_scheduler_snapshot_lock_order.sql (3.12ms)
2026/09/09 00:50:58 OK   00081_stage_assignment_quorum.sql (1.6ms)
2026/09/09 00:50:58 OK   00082_stage_success_storage_completion.sql (3.32ms)
2026/09/09 00:50:58 OK   00083_capacity_observation_lifecycle.sql (4.8ms)
2026/09/09 00:50:58 OK   00084_blocked_stage_worker_probe.sql (3.98ms)
2026/09/09 00:50:58 OK   00085_stage_materialization_terminal_replay.sql (2.71ms)
2026/09/09 00:50:58 OK   00086_stage_failure_terminal_replay.sql (6.24ms)
2026/09/09 00:50:58 OK   00087_stage_claim_finalization_lock_order.sql (2.35ms)
2026/09/09 00:50:58 OK   00088_stage_allocation_execution_sequence.sql (4.44ms)
2026/09/09 00:50:58 OK   00089_stage_terminal_history.sql (8.63ms)
2026/09/09 00:50:58 OK   00090_stage_assignment_content_lifecycle.sql (19.83ms)
2026/09/09 00:50:59 OK   00091_worker_journal_bootstrap.sql (19.89ms)
2026/09/09 00:50:59 OK   00092_worker_bootstrap_history.sql (2.36ms)
2026/09/09 00:50:59 OK   00093_worker_bootstrap_nonzero_scopes.sql (1.11ms)
2026/09/09 00:50:59 OK   00094_worker_bootstrap_abandonment.sql (11.59ms)
2026/09/09 00:50:59 OK   00095_runtime_startup_reservation.sql (12.56ms)
2026/09/09 00:50:59 goose: successfully migrated database to version: 95
2026/09/09 00:50:59 OK   00095_runtime_startup_reservation.sql (4.82ms)
2026/09/09 00:50:59 OK   00094_worker_bootstrap_abandonment.sql (4.36ms)
2026/09/09 00:50:59 goose: no migrations to run. current version: 93
2026/09/09 00:50:59 OK   00094_worker_bootstrap_abandonment.sql (10.93ms)
2026/09/09 00:50:59 goose: successfully migrated database to version: 94
2026/09/09 00:50:59 🐳 Stopping container: 59fd76436674
2026/09/09 00:50:59 ✅ Container stopped: 59fd76436674
2026/09/09 00:50:59 🐳 Terminating container: 59fd76436674
2026/09/09 00:50:59 🚫 Container terminated: 59fd76436674
--- PASS: TestWorkerBootstrapAbandonmentRequiresCommitQuorumAndSupportsEmptyRollback (3.14s)
=== RUN   TestWorkerBootstrapBindingCommandUsesCommittedRegistryIdentity
2026/09/09 00:51:00 🐳 Creating container for image postgres:17-alpine
2026/09/09 00:51:00 ✅ Container created: 69779d8218b5
2026/09/09 00:51:00 🐳 Starting container: 69779d8218b5
2026/09/09 00:51:00 ✅ Container started: 69779d8218b5
2026/09/09 00:51:00 ⏳ Waiting for container id 69779d8218b5 image: postgres:17-alpine. Waiting for: all of: [all of: [log message "database system is ready to accept connections" (occurrence: 2), port 5432/tcp to be mapped]]
2026/09/09 00:51:00 🔔 Container is ready: 69779d8218b5
2026/09/09 00:51:01 OK   00001_foundation.sql (73.04ms)
2026/09/09 00:51:01 OK   00002_worker_assignment.sql (15.66ms)
2026/09/09 00:51:01 OK   00003_worker_start.sql (3.12ms)
2026/09/09 00:51:01 OK   00004_worker_heartbeat.sql (17.08ms)
2026/09/09 00:51:01 OK   00005_execution_failure.sql (15.42ms)
2026/09/09 00:51:01 OK   00006_customer_cancellation.sql (33.29ms)
2026/09/09 00:51:01 OK   00007_artifact_finalization.sql (33.89ms)
2026/09/09 00:51:01 OK   00008_hierarchical_scheduler.sql (53.79ms)
2026/09/09 00:51:01 OK   00009_invoice_export.sql (14.07ms)
2026/09/09 00:51:01 OK   00010_profile_certification_circuit.sql (20.92ms)
2026/09/09 00:51:01 OK   00011_project_webhooks.sql (36.34ms)
2026/09/09 00:51:01 OK   00012_human_oidc_fixed_rbac.sql (26.16ms)
2026/09/09 00:51:01 OK   00013_service_principal_administration.sql (16.18ms)
2026/09/09 00:51:01 OK   00014_human_membership_administration.sql (29.28ms)
2026/09/09 00:51:01 OK   00015_organization_reporting.sql (18.97ms)
2026/09/09 00:51:01 OK   00016_project_retention_content_deletion.sql (54.75ms)
2026/09/09 00:51:01 OK   00017_platform_operator_break_glass.sql (35.7ms)
2026/09/09 00:51:01 OK   00018_finance_reconciliation.sql (17.69ms)
2026/09/09 00:51:01 OK   00019_certified_remediation.sql (23.63ms)
2026/09/09 00:51:01 OK   00020_remediation_execution_claim.sql (5.62ms)
2026/09/09 00:51:01 OK   00021_remediation_execution_dispatch.sql (2.54ms)
2026/09/09 00:51:01 OK   00022_remediation_execution_claim_replay.sql (2.28ms)
2026/09/09 00:51:01 OK   00023_fleet_controller_worker_readiness.sql (70ms)
2026/09/09 00:51:01 OK   00024_staging_artifact_expiry.sql (4.18ms)
2026/09/09 00:51:01 OK   00025_scheduler_inbox_receipt.sql (2.63ms)
2026/09/09 00:51:01 OK   00026_synchronous_quorum_guard.sql (1.83ms)
2026/09/09 00:51:01 OK   00027_authorized_debug_dump_lifecycle.sql (51.13ms)
2026/09/09 00:51:01 OK   00028_off_cluster_backup_retention.sql (12.57ms)
2026/09/09 00:51:01 OK   00029_artifact_backup_replication.sql (11.6ms)
2026/09/09 00:51:01 OK   00030_non_content_legal_hold.sql (23.01ms)
2026/09/09 00:51:01 OK   00031_non_content_record_expiry.sql (66.43ms)
2026/09/09 00:51:01 OK   00032_catalog_promotion_production_gates.sql (36.22ms)
2026/09/09 00:51:01 OK   00033_statistical_slo_measurement.sql (27.07ms)
2026/09/09 00:51:01 OK   00034_stage_execution_catalog.sql (60.63ms)
2026/09/09 00:51:02 OK   00035_worker_instance_residency.sql (67.84ms)
2026/09/09 00:51:02 OK   00036_stage_attempt_authority.sql (96.2ms)
2026/09/09 00:51:02 OK   00037_stage_scheduler.sql (48.78ms)
2026/09/09 00:51:02 OK   00038_stage_artifact.sql (49.84ms)
2026/09/09 00:51:02 OK   00039_stage_worker_control_authority.sql (3.26ms)
2026/09/09 00:51:02 OK   00040_stage_worker_execution.sql (22.92ms)
2026/09/09 00:51:02 OK   00041_stage_worker_operations.sql (14.34ms)
2026/09/09 00:51:02 OK   00042_stage_worker_assignment.sql (15.61ms)
2026/09/09 00:51:02 OK   00043_stage_graph_finalization.sql (7.6ms)
2026/09/09 00:51:02 OK   00044_stage_cache.sql (31.35ms)
2026/09/09 00:51:02 OK   00045_stage_graph_finalization_outputs.sql (5.16ms)
2026/09/09 00:51:02 OK   00046_stage_graph_visible_completion.sql (6.83ms)
2026/09/09 00:51:02 OK   00047_usage_cost_ledger.sql (17.92ms)
2026/09/09 00:51:02 OK   00048_stage_run_output_binding.sql (14.91ms)
2026/09/09 00:51:02 OK   00049_stage_cutover_control.sql (58.68ms)
2026/09/09 00:51:02 OK   00050_stage_graph_instantiation_dispatch.sql (19.11ms)
2026/09/09 00:51:02 OK   00051_atomic_stage_graph_admission.sql (9.31ms)
2026/09/09 00:51:02 OK   00052_stage_cutover_zero_backlog_seal.sql (20.96ms)
2026/09/09 00:51:02 OK   00053_legacy_h3_guarded_contraction.sql (16.39ms)
2026/09/09 00:51:02 OK   00054_stage_transfer_consume_destination.sql (3.43ms)
2026/09/09 00:51:02 OK   00055_h3_campaign_evidence_reader.sql (3.84ms)
2026/09/09 00:51:02 OK   00056_stage_observability_reader.sql (876.71µs)
2026/09/09 00:51:02 OK   00057_legacy_h3_release_contraction_gate.sql (10.27ms)
2026/09/09 00:51:02 OK   00058_legacy_h3_schema_contraction.sql (164.6ms)
2026/09/09 00:51:02 OK   00059_model_runtime_epoch_registration.sql (20.01ms)
2026/09/09 00:51:02 OK   00060_model_runtime_gang_barrier.sql (17.8ms)
2026/09/09 00:51:02 OK   00061_stage_worker_gang_authority.sql (6.24ms)
2026/09/09 00:51:02 OK   00062_stage_authority_member_identity.sql (3.35ms)
2026/09/09 00:51:02 OK   00063_h3_execution_snapshot.sql (3.31ms)
2026/09/09 00:51:02 OK   00064_model_runtime_capacity_routes.sql (12.1ms)
2026/09/09 00:51:02 OK   00065_h3_exact_cache_reconciliation.sql (10.99ms)
2026/09/09 00:51:02 OK   00066_stage_worker_control_session_capacity.sql (25.1ms)
2026/09/09 00:51:02 OK   00067_stage_scheduler_project_capacity.sql (2.14ms)
2026/09/09 00:51:02 OK   00068_stage_assignment_connector_states.sql (1.93ms)
2026/09/09 00:51:02 OK   00069_stage_transfer_server_clock.sql (5.17ms)
2026/09/09 00:51:02 OK   00070_stage_lease_expiry_recovery.sql (12.05ms)
2026/09/09 00:51:02 OK   00071_stage_artifact_lifecycle.sql (18.97ms)
2026/09/09 00:51:02 OK   00072_recovery_quiescence.sql (13.56ms)
2026/09/09 00:51:02 OK   00073_stage_cache_downstream_bindings.sql (5.75ms)
2026/09/09 00:51:02 OK   00074_job_owned_public_artifact_copies.sql (3.4ms)
2026/09/09 00:51:02 OK   00075_stage_graph_failure_terminalization.sql (21.52ms)
2026/09/09 00:51:02 OK   00076_allocation_usage_unit.sql (889.46µs)
2026/09/09 00:51:02 OK   00077_runtime_usage_receipts.sql (3.94ms)
2026/09/09 00:51:02 OK   00078_idle_stage_worker_probe.sql (5.43ms)
2026/09/09 00:51:02 OK   00079_stage_job_expiry.sql (6.66ms)
2026/09/09 00:51:02 OK   00080_stage_scheduler_snapshot_lock_order.sql (3.16ms)
2026/09/09 00:51:02 OK   00081_stage_assignment_quorum.sql (1.54ms)
2026/09/09 00:51:02 OK   00082_stage_success_storage_completion.sql (3.35ms)
2026/09/09 00:51:02 OK   00083_capacity_observation_lifecycle.sql (4.46ms)
2026/09/09 00:51:02 OK   00084_blocked_stage_worker_probe.sql (4.01ms)
2026/09/09 00:51:02 OK   00085_stage_materialization_terminal_replay.sql (2.57ms)
2026/09/09 00:51:02 OK   00086_stage_failure_terminal_replay.sql (6.04ms)
2026/09/09 00:51:02 OK   00087_stage_claim_finalization_lock_order.sql (2.22ms)
2026/09/09 00:51:02 OK   00088_stage_allocation_execution_sequence.sql (4.36ms)
2026/09/09 00:51:02 OK   00089_stage_terminal_history.sql (8.22ms)
2026/09/09 00:51:02 OK   00090_stage_assignment_content_lifecycle.sql (19.41ms)
2026/09/09 00:51:02 OK   00091_worker_journal_bootstrap.sql (18.78ms)
2026/09/09 00:51:02 OK   00092_worker_bootstrap_history.sql (2.45ms)
2026/09/09 00:51:02 OK   00093_worker_bootstrap_nonzero_scopes.sql (1.18ms)
2026/09/09 00:51:02 OK   00094_worker_bootstrap_abandonment.sql (10.97ms)
2026/09/09 00:51:03 OK   00095_runtime_startup_reservation.sql (11.78ms)
2026/09/09 00:51:03 goose: successfully migrated database to version: 95
    worker_bootstrap_binding_test.go:93: rejected command: vela-node-agent stopped: record Worker bootstrap pair: rpc error: code = Unavailable desc = receipt not committed
    worker_bootstrap_binding_test.go:119: rejected command: vela-node-agent stopped: rpc error: code = FailedPrecondition desc = Worker bootstrap has no committed journal pair
    worker_bootstrap_binding_test.go:158: rejected command: vela-node-agent stopped: rpc error: code = Unauthenticated desc = registered Node Agent mTLS identity is required
    worker_bootstrap_binding_test.go:158: rejected command: vela-node-agent stopped: rpc error: code = NotFound desc = lookup Worker bootstrap target does not exist
    worker_bootstrap_binding_test.go:158: rejected command: vela-node-agent stopped: rpc error: code = NotFound desc = lookup Worker bootstrap target does not exist
    worker_bootstrap_binding_test.go:163: rejected command: vela-node-agent stopped: rpc error: code = Unavailable desc = binding response lost
    worker_bootstrap_binding_test.go:208: rejected command: vela-node-agent stopped: worker journal binding is invalid
2026/09/09 00:51:04 🐳 Stopping container: 69779d8218b5
2026/09/09 00:51:04 ✅ Container stopped: 69779d8218b5
2026/09/09 00:51:04 🐳 Terminating container: 69779d8218b5
2026/09/09 00:51:04 🚫 Container terminated: 69779d8218b5
--- PASS: TestWorkerBootstrapBindingCommandUsesCommittedRegistryIdentity (5.50s)
=== RUN   TestWorkerBootstrapCommandPersistsAuthorityAcrossProcesses
=== RUN   TestWorkerBootstrapCommandPersistsAuthorityAcrossProcesses/normal
2026/09/09 00:51:05 🐳 Creating container for image postgres:17-alpine
2026/09/09 00:51:05 ✅ Container created: 65d4800f6c54
2026/09/09 00:51:05 🐳 Starting container: 65d4800f6c54
2026/09/09 00:51:05 ✅ Container started: 65d4800f6c54
2026/09/09 00:51:05 ⏳ Waiting for container id 65d4800f6c54 image: postgres:17-alpine. Waiting for: all of: [all of: [log message "database system is ready to accept connections" (occurrence: 2), port 5432/tcp to be mapped]]
2026/09/09 00:51:06 🔔 Container is ready: 65d4800f6c54
2026/09/09 00:51:06 OK   00001_foundation.sql (76.9ms)
2026/09/09 00:51:06 OK   00002_worker_assignment.sql (16.22ms)
2026/09/09 00:51:06 OK   00003_worker_start.sql (3.18ms)
2026/09/09 00:51:06 OK   00004_worker_heartbeat.sql (18.78ms)
2026/09/09 00:51:06 OK   00005_execution_failure.sql (16.15ms)
2026/09/09 00:51:06 OK   00006_customer_cancellation.sql (32.86ms)
2026/09/09 00:51:06 OK   00007_artifact_finalization.sql (35.15ms)
2026/09/09 00:51:06 OK   00008_hierarchical_scheduler.sql (54.72ms)
2026/09/09 00:51:06 OK   00009_invoice_export.sql (14.3ms)
2026/09/09 00:51:06 OK   00010_profile_certification_circuit.sql (22.02ms)
2026/09/09 00:51:06 OK   00011_project_webhooks.sql (36.38ms)
2026/09/09 00:51:06 OK   00012_human_oidc_fixed_rbac.sql (27.04ms)
2026/09/09 00:51:06 OK   00013_service_principal_administration.sql (16.37ms)
2026/09/09 00:51:06 OK   00014_human_membership_administration.sql (29.35ms)
2026/09/09 00:51:06 OK   00015_organization_reporting.sql (18.8ms)
2026/09/09 00:51:06 OK   00016_project_retention_content_deletion.sql (54.63ms)
2026/09/09 00:51:07 OK   00017_platform_operator_break_glass.sql (37.02ms)
2026/09/09 00:51:07 OK   00018_finance_reconciliation.sql (17.17ms)
2026/09/09 00:51:07 OK   00019_certified_remediation.sql (24.04ms)
2026/09/09 00:51:07 OK   00020_remediation_execution_claim.sql (5.62ms)
2026/09/09 00:51:07 OK   00021_remediation_execution_dispatch.sql (2.6ms)
2026/09/09 00:51:07 OK   00022_remediation_execution_claim_replay.sql (2.29ms)
2026/09/09 00:51:07 OK   00023_fleet_controller_worker_readiness.sql (68.41ms)
2026/09/09 00:51:07 OK   00024_staging_artifact_expiry.sql (3.87ms)
2026/09/09 00:51:07 OK   00025_scheduler_inbox_receipt.sql (2.51ms)
2026/09/09 00:51:07 OK   00026_synchronous_quorum_guard.sql (1.8ms)
2026/09/09 00:51:07 OK   00027_authorized_debug_dump_lifecycle.sql (50.54ms)
2026/09/09 00:51:07 OK   00028_off_cluster_backup_retention.sql (12.52ms)
2026/09/09 00:51:07 OK   00029_artifact_backup_replication.sql (11.75ms)
2026/09/09 00:51:07 OK   00030_non_content_legal_hold.sql (23.22ms)
2026/09/09 00:51:07 OK   00031_non_content_record_expiry.sql (65.84ms)
2026/09/09 00:51:07 OK   00032_catalog_promotion_production_gates.sql (34.7ms)
2026/09/09 00:51:07 OK   00033_statistical_slo_measurement.sql (26.35ms)
2026/09/09 00:51:07 OK   00034_stage_execution_catalog.sql (58.6ms)
2026/09/09 00:51:07 OK   00035_worker_instance_residency.sql (67.72ms)
2026/09/09 00:51:07 OK   00036_stage_attempt_authority.sql (93.58ms)
2026/09/09 00:51:07 OK   00037_stage_scheduler.sql (48.15ms)
2026/09/09 00:51:07 OK   00038_stage_artifact.sql (47.24ms)
2026/09/09 00:51:07 OK   00039_stage_worker_control_authority.sql (3.28ms)
2026/09/09 00:51:07 OK   00040_stage_worker_execution.sql (21.07ms)
2026/09/09 00:51:07 OK   00041_stage_worker_operations.sql (14.11ms)
2026/09/09 00:51:07 OK   00042_stage_worker_assignment.sql (16.1ms)
2026/09/09 00:51:07 OK   00043_stage_graph_finalization.sql (6.93ms)
2026/09/09 00:51:07 OK   00044_stage_cache.sql (31.83ms)
2026/09/09 00:51:07 OK   00045_stage_graph_finalization_outputs.sql (5.23ms)
2026/09/09 00:51:07 OK   00046_stage_graph_visible_completion.sql (6.41ms)
2026/09/09 00:51:07 OK   00047_usage_cost_ledger.sql (17.58ms)
2026/09/09 00:51:07 OK   00048_stage_run_output_binding.sql (14.58ms)
2026/09/09 00:51:07 OK   00049_stage_cutover_control.sql (58.85ms)
2026/09/09 00:51:07 OK   00050_stage_graph_instantiation_dispatch.sql (18.87ms)
2026/09/09 00:51:07 OK   00051_atomic_stage_graph_admission.sql (9.3ms)
2026/09/09 00:51:07 OK   00052_stage_cutover_zero_backlog_seal.sql (20.53ms)
2026/09/09 00:51:07 OK   00053_legacy_h3_guarded_contraction.sql (14.91ms)
2026/09/09 00:51:07 OK   00054_stage_transfer_consume_destination.sql (3.48ms)
2026/09/09 00:51:08 OK   00055_h3_campaign_evidence_reader.sql (4.17ms)
2026/09/09 00:51:08 OK   00056_stage_observability_reader.sql (942.46µs)
2026/09/09 00:51:08 OK   00057_legacy_h3_release_contraction_gate.sql (9.98ms)
2026/09/09 00:51:08 OK   00058_legacy_h3_schema_contraction.sql (162.81ms)
2026/09/09 00:51:08 OK   00059_model_runtime_epoch_registration.sql (21.42ms)
2026/09/09 00:51:08 OK   00060_model_runtime_gang_barrier.sql (20.45ms)
2026/09/09 00:51:08 OK   00061_stage_worker_gang_authority.sql (5.79ms)
2026/09/09 00:51:08 OK   00062_stage_authority_member_identity.sql (2.71ms)
2026/09/09 00:51:08 OK   00063_h3_execution_snapshot.sql (3.45ms)
2026/09/09 00:51:08 OK   00064_model_runtime_capacity_routes.sql (12.38ms)
2026/09/09 00:51:08 OK   00065_h3_exact_cache_reconciliation.sql (11.34ms)
2026/09/09 00:51:08 OK   00066_stage_worker_control_session_capacity.sql (26.51ms)
2026/09/09 00:51:08 OK   00067_stage_scheduler_project_capacity.sql (2.06ms)
2026/09/09 00:51:08 OK   00068_stage_assignment_connector_states.sql (1.86ms)
2026/09/09 00:51:08 OK   00069_stage_transfer_server_clock.sql (5.01ms)
2026/09/09 00:51:08 OK   00070_stage_lease_expiry_recovery.sql (11.97ms)
2026/09/09 00:51:08 OK   00071_stage_artifact_lifecycle.sql (18.85ms)
2026/09/09 00:51:08 OK   00072_recovery_quiescence.sql (13.54ms)
2026/09/09 00:51:08 OK   00073_stage_cache_downstream_bindings.sql (6.17ms)
2026/09/09 00:51:08 OK   00074_job_owned_public_artifact_copies.sql (3.39ms)
2026/09/09 00:51:08 OK   00075_stage_graph_failure_terminalization.sql (21.56ms)
2026/09/09 00:51:08 OK   00076_allocation_usage_unit.sql (837.25µs)
2026/09/09 00:51:08 OK   00077_runtime_usage_receipts.sql (4.03ms)
2026/09/09 00:51:08 OK   00078_idle_stage_worker_probe.sql (5.52ms)
2026/09/09 00:51:08 OK   00079_stage_job_expiry.sql (6.68ms)
2026/09/09 00:51:08 OK   00080_stage_scheduler_snapshot_lock_order.sql (3.25ms)
2026/09/09 00:51:08 OK   00081_stage_assignment_quorum.sql (1.59ms)
2026/09/09 00:51:08 OK   00082_stage_success_storage_completion.sql (3.22ms)
2026/09/09 00:51:08 OK   00083_capacity_observation_lifecycle.sql (4.29ms)
2026/09/09 00:51:08 OK   00084_blocked_stage_worker_probe.sql (4.03ms)
2026/09/09 00:51:08 OK   00085_stage_materialization_terminal_replay.sql (2.61ms)
2026/09/09 00:51:08 OK   00086_stage_failure_terminal_replay.sql (6.27ms)
2026/09/09 00:51:08 OK   00087_stage_claim_finalization_lock_order.sql (2.32ms)
2026/09/09 00:51:08 OK   00088_stage_allocation_execution_sequence.sql (4.28ms)
2026/09/09 00:51:08 OK   00089_stage_terminal_history.sql (8.96ms)
2026/09/09 00:51:08 OK   00090_stage_assignment_content_lifecycle.sql (19.8ms)
2026/09/09 00:51:08 OK   00091_worker_journal_bootstrap.sql (19.42ms)
2026/09/09 00:51:08 OK   00092_worker_bootstrap_history.sql (2.7ms)
2026/09/09 00:51:08 OK   00093_worker_bootstrap_nonzero_scopes.sql (1.16ms)
2026/09/09 00:51:08 OK   00094_worker_bootstrap_abandonment.sql (11.68ms)
2026/09/09 00:51:08 OK   00095_runtime_startup_reservation.sql (12.25ms)
2026/09/09 00:51:08 goose: successfully migrated database to version: 95
    worker_bootstrap_command_test.go:132: rejected command: vela-node-agent stopped: worker bootstrap target node differs from approved bundle
    worker_bootstrap_command_test.go:138: rejected command: vela-node-agent stopped: worker bootstrap is incomplete; independent reconciliation is required: retained operation is missing
    worker_bootstrap_command_test.go:174: rejected command: vela-node-agent stopped: rpc error: code = NotFound desc = lookup Worker bootstrap target does not exist
    worker_bootstrap_command_test.go:177: rejected command: vela-node-agent stopped: rpc error: code = NotFound desc = lookup Worker bootstrap target does not exist
    worker_bootstrap_command_test.go:216: rejected command: vela-node-agent stopped: worker bootstrap is incomplete; independent reconciliation is required: openat pair.json: no such file or directory
2026/09/09 00:51:09 🐳 Stopping container: 65d4800f6c54
2026/09/09 00:51:09 ✅ Container stopped: 65d4800f6c54
2026/09/09 00:51:09 🐳 Terminating container: 65d4800f6c54
2026/09/09 00:51:09 🚫 Container terminated: 65d4800f6c54
=== RUN   TestWorkerBootstrapCommandPersistsAuthorityAcrossProcesses/lost-claim
2026/09/09 00:51:09 🐳 Creating container for image postgres:17-alpine
2026/09/09 00:51:09 ✅ Container created: b56758196df4
2026/09/09 00:51:09 🐳 Starting container: b56758196df4
2026/09/09 00:51:10 ✅ Container started: b56758196df4
2026/09/09 00:51:10 ⏳ Waiting for container id b56758196df4 image: postgres:17-alpine. Waiting for: all of: [all of: [log message "database system is ready to accept connections" (occurrence: 2), port 5432/tcp to be mapped]]
2026/09/09 00:51:10 🔔 Container is ready: b56758196df4
2026/09/09 00:51:10 OK   00001_foundation.sql (67.4ms)
2026/09/09 00:51:10 OK   00002_worker_assignment.sql (17.75ms)
2026/09/09 00:51:10 OK   00003_worker_start.sql (2.96ms)
2026/09/09 00:51:10 OK   00004_worker_heartbeat.sql (17.55ms)
2026/09/09 00:51:10 OK   00005_execution_failure.sql (15.09ms)
2026/09/09 00:51:10 OK   00006_customer_cancellation.sql (33.04ms)
2026/09/09 00:51:10 OK   00007_artifact_finalization.sql (34.45ms)
2026/09/09 00:51:11 OK   00008_hierarchical_scheduler.sql (53.8ms)
2026/09/09 00:51:11 OK   00009_invoice_export.sql (14.47ms)
2026/09/09 00:51:11 OK   00010_profile_certification_circuit.sql (21.49ms)
2026/09/09 00:51:11 OK   00011_project_webhooks.sql (36.46ms)
2026/09/09 00:51:11 OK   00012_human_oidc_fixed_rbac.sql (26.44ms)
2026/09/09 00:51:11 OK   00013_service_principal_administration.sql (16.1ms)
2026/09/09 00:51:11 OK   00014_human_membership_administration.sql (29.23ms)
2026/09/09 00:51:11 OK   00015_organization_reporting.sql (19.29ms)
2026/09/09 00:51:11 OK   00016_project_retention_content_deletion.sql (54.2ms)
2026/09/09 00:51:11 OK   00017_platform_operator_break_glass.sql (36.16ms)
2026/09/09 00:51:11 OK   00018_finance_reconciliation.sql (16.71ms)
2026/09/09 00:51:11 OK   00019_certified_remediation.sql (24.06ms)
2026/09/09 00:51:11 OK   00020_remediation_execution_claim.sql (5.7ms)
2026/09/09 00:51:11 OK   00021_remediation_execution_dispatch.sql (2.4ms)
2026/09/09 00:51:11 OK   00022_remediation_execution_claim_replay.sql (2.31ms)
2026/09/09 00:51:11 OK   00023_fleet_controller_worker_readiness.sql (69.1ms)
2026/09/09 00:51:11 OK   00024_staging_artifact_expiry.sql (4.01ms)
2026/09/09 00:51:11 OK   00025_scheduler_inbox_receipt.sql (2.6ms)
2026/09/09 00:51:11 OK   00026_synchronous_quorum_guard.sql (2.01ms)
2026/09/09 00:51:11 OK   00027_authorized_debug_dump_lifecycle.sql (49.96ms)
2026/09/09 00:51:11 OK   00028_off_cluster_backup_retention.sql (12.22ms)
2026/09/09 00:51:11 OK   00029_artifact_backup_replication.sql (11.4ms)
2026/09/09 00:51:11 OK   00030_non_content_legal_hold.sql (23.28ms)
2026/09/09 00:51:11 OK   00031_non_content_record_expiry.sql (66.53ms)
2026/09/09 00:51:11 OK   00032_catalog_promotion_production_gates.sql (36.14ms)
2026/09/09 00:51:11 OK   00033_statistical_slo_measurement.sql (26.79ms)
2026/09/09 00:51:11 OK   00034_stage_execution_catalog.sql (58.7ms)
2026/09/09 00:51:11 OK   00035_worker_instance_residency.sql (66.41ms)
2026/09/09 00:51:11 OK   00036_stage_attempt_authority.sql (93.27ms)
2026/09/09 00:51:11 OK   00037_stage_scheduler.sql (49.74ms)
2026/09/09 00:51:11 OK   00038_stage_artifact.sql (47.88ms)
2026/09/09 00:51:11 OK   00039_stage_worker_control_authority.sql (3.56ms)
2026/09/09 00:51:12 OK   00040_stage_worker_execution.sql (23.02ms)
2026/09/09 00:51:12 OK   00041_stage_worker_operations.sql (14.95ms)
2026/09/09 00:51:12 OK   00042_stage_worker_assignment.sql (15.68ms)
2026/09/09 00:51:12 OK   00043_stage_graph_finalization.sql (7.32ms)
2026/09/09 00:51:12 OK   00044_stage_cache.sql (31.84ms)
2026/09/09 00:51:12 OK   00045_stage_graph_finalization_outputs.sql (5.38ms)
2026/09/09 00:51:12 OK   00046_stage_graph_visible_completion.sql (7.9ms)
2026/09/09 00:51:12 OK   00047_usage_cost_ledger.sql (18.35ms)
2026/09/09 00:51:12 OK   00048_stage_run_output_binding.sql (16.1ms)
2026/09/09 00:51:12 OK   00049_stage_cutover_control.sql (55.52ms)
2026/09/09 00:51:12 OK   00050_stage_graph_instantiation_dispatch.sql (19ms)
2026/09/09 00:51:12 OK   00051_atomic_stage_graph_admission.sql (9.5ms)
2026/09/09 00:51:12 OK   00052_stage_cutover_zero_backlog_seal.sql (21.41ms)
2026/09/09 00:51:12 OK   00053_legacy_h3_guarded_contraction.sql (15.41ms)
2026/09/09 00:51:12 OK   00054_stage_transfer_consume_destination.sql (3.5ms)
2026/09/09 00:51:12 OK   00055_h3_campaign_evidence_reader.sql (4.34ms)
2026/09/09 00:51:12 OK   00056_stage_observability_reader.sql (927.92µs)
2026/09/09 00:51:12 OK   00057_legacy_h3_release_contraction_gate.sql (10.31ms)
2026/09/09 00:51:12 OK   00058_legacy_h3_schema_contraction.sql (170.51ms)
2026/09/09 00:51:12 OK   00059_model_runtime_epoch_registration.sql (21.07ms)
2026/09/09 00:51:12 OK   00060_model_runtime_gang_barrier.sql (21.21ms)
2026/09/09 00:51:12 OK   00061_stage_worker_gang_authority.sql (6.77ms)
2026/09/09 00:51:12 OK   00062_stage_authority_member_identity.sql (2.96ms)
2026/09/09 00:51:12 OK   00063_h3_execution_snapshot.sql (3.63ms)
2026/09/09 00:51:12 OK   00064_model_runtime_capacity_routes.sql (13.09ms)
2026/09/09 00:51:12 OK   00065_h3_exact_cache_reconciliation.sql (11.66ms)
2026/09/09 00:51:12 OK   00066_stage_worker_control_session_capacity.sql (26.93ms)
2026/09/09 00:51:12 OK   00067_stage_scheduler_project_capacity.sql (2.27ms)
2026/09/09 00:51:12 OK   00068_stage_assignment_connector_states.sql (1.91ms)
2026/09/09 00:51:12 OK   00069_stage_transfer_server_clock.sql (5.18ms)
2026/09/09 00:51:12 OK   00070_stage_lease_expiry_recovery.sql (12.15ms)
2026/09/09 00:51:12 OK   00071_stage_artifact_lifecycle.sql (19.26ms)
2026/09/09 00:51:12 OK   00072_recovery_quiescence.sql (13.58ms)
2026/09/09 00:51:12 OK   00073_stage_cache_downstream_bindings.sql (6.03ms)
2026/09/09 00:51:12 OK   00074_job_owned_public_artifact_copies.sql (3.41ms)
2026/09/09 00:51:12 OK   00075_stage_graph_failure_terminalization.sql (21.22ms)
2026/09/09 00:51:12 OK   00076_allocation_usage_unit.sql (1.3ms)
2026/09/09 00:51:12 OK   00077_runtime_usage_receipts.sql (4.15ms)
2026/09/09 00:51:12 OK   00078_idle_stage_worker_probe.sql (5.42ms)
2026/09/09 00:51:12 OK   00079_stage_job_expiry.sql (6.58ms)
2026/09/09 00:51:12 OK   00080_stage_scheduler_snapshot_lock_order.sql (3.09ms)
2026/09/09 00:51:12 OK   00081_stage_assignment_quorum.sql (1.52ms)
2026/09/09 00:51:12 OK   00082_stage_success_storage_completion.sql (3.16ms)
2026/09/09 00:51:12 OK   00083_capacity_observation_lifecycle.sql (4.3ms)
2026/09/09 00:51:12 OK   00084_blocked_stage_worker_probe.sql (4.1ms)
2026/09/09 00:51:12 OK   00085_stage_materialization_terminal_replay.sql (2.6ms)
2026/09/09 00:51:12 OK   00086_stage_failure_terminal_replay.sql (5.96ms)
2026/09/09 00:51:12 OK   00087_stage_claim_finalization_lock_order.sql (2.38ms)
2026/09/09 00:51:12 OK   00088_stage_allocation_execution_sequence.sql (4.52ms)
2026/09/09 00:51:12 OK   00089_stage_terminal_history.sql (8.78ms)
2026/09/09 00:51:12 OK   00090_stage_assignment_content_lifecycle.sql (19.47ms)
2026/09/09 00:51:12 OK   00091_worker_journal_bootstrap.sql (18.38ms)
2026/09/09 00:51:12 OK   00092_worker_bootstrap_history.sql (2.39ms)
2026/09/09 00:51:12 OK   00093_worker_bootstrap_nonzero_scopes.sql (1.12ms)
2026/09/09 00:51:12 OK   00094_worker_bootstrap_abandonment.sql (12.13ms)
2026/09/09 00:51:12 OK   00095_runtime_startup_reservation.sql (12.33ms)
2026/09/09 00:51:12 goose: successfully migrated database to version: 95
    worker_bootstrap_command_test.go:132: rejected command: vela-node-agent stopped: worker bootstrap target node differs from approved bundle
    worker_bootstrap_command_test.go:138: rejected command: vela-node-agent stopped: worker bootstrap is incomplete; independent reconciliation is required: retained operation is missing
    worker_bootstrap_command_test.go:144: rejected command: vela-node-agent stopped: claim Worker bootstrap: rpc error: code = Unavailable desc = committed command response lost
    worker_bootstrap_command_test.go:174: rejected command: vela-node-agent stopped: rpc error: code = NotFound desc = lookup Worker bootstrap target does not exist
    worker_bootstrap_command_test.go:177: rejected command: vela-node-agent stopped: rpc error: code = NotFound desc = lookup Worker bootstrap target does not exist
    worker_bootstrap_command_test.go:184: rejected command: vela-node-agent stopped: worker bootstrap is incomplete; independent reconciliation is required: openat pair.json: no such file or directory
    worker_bootstrap_command_test.go:189: rejected command: vela-node-agent stopped: worker bootstrap is incomplete; independent reconciliation is required: original journal storage record unavailable: openat journal-origin.json: no such file or directory
2026/09/09 00:51:13 🐳 Stopping container: b56758196df4
2026/09/09 00:51:13 ✅ Container stopped: b56758196df4
2026/09/09 00:51:13 🐳 Terminating container: b56758196df4
2026/09/09 00:51:13 🚫 Container terminated: b56758196df4
=== RUN   TestWorkerBootstrapCommandPersistsAuthorityAcrossProcesses/lost-receipt
2026/09/09 00:51:13 🐳 Creating container for image postgres:17-alpine
2026/09/09 00:51:13 ✅ Container created: f7f8c1ed0924
2026/09/09 00:51:13 🐳 Starting container: f7f8c1ed0924
2026/09/09 00:51:13 ✅ Container started: f7f8c1ed0924
2026/09/09 00:51:13 ⏳ Waiting for container id f7f8c1ed0924 image: postgres:17-alpine. Waiting for: all of: [all of: [log message "database system is ready to accept connections" (occurrence: 2), port 5432/tcp to be mapped]]
2026/09/09 00:51:14 🔔 Container is ready: f7f8c1ed0924
2026/09/09 00:51:14 OK   00001_foundation.sql (78.44ms)
2026/09/09 00:51:14 OK   00002_worker_assignment.sql (16.62ms)
2026/09/09 00:51:14 OK   00003_worker_start.sql (2.97ms)
2026/09/09 00:51:14 OK   00004_worker_heartbeat.sql (18.64ms)
2026/09/09 00:51:14 OK   00005_execution_failure.sql (15.91ms)
2026/09/09 00:51:14 OK   00006_customer_cancellation.sql (32.97ms)
2026/09/09 00:51:14 OK   00007_artifact_finalization.sql (36.03ms)
2026/09/09 00:51:14 OK   00008_hierarchical_scheduler.sql (56.27ms)
2026/09/09 00:51:14 OK   00009_invoice_export.sql (13.75ms)
2026/09/09 00:51:14 OK   00010_profile_certification_circuit.sql (20.08ms)
2026/09/09 00:51:14 OK   00011_project_webhooks.sql (35.4ms)
2026/09/09 00:51:14 OK   00012_human_oidc_fixed_rbac.sql (27.3ms)
2026/09/09 00:51:14 OK   00013_service_principal_administration.sql (16.18ms)
2026/09/09 00:51:14 OK   00014_human_membership_administration.sql (30.08ms)
2026/09/09 00:51:14 OK   00015_organization_reporting.sql (20.59ms)
2026/09/09 00:51:14 OK   00016_project_retention_content_deletion.sql (51.2ms)
2026/09/09 00:51:15 OK   00017_platform_operator_break_glass.sql (35.5ms)
2026/09/09 00:51:15 OK   00018_finance_reconciliation.sql (16.63ms)
2026/09/09 00:51:15 OK   00019_certified_remediation.sql (23.27ms)
2026/09/09 00:51:15 OK   00020_remediation_execution_claim.sql (5.47ms)
2026/09/09 00:51:15 OK   00021_remediation_execution_dispatch.sql (2.53ms)
2026/09/09 00:51:15 OK   00022_remediation_execution_claim_replay.sql (2.36ms)
2026/09/09 00:51:15 OK   00023_fleet_controller_worker_readiness.sql (69.56ms)
2026/09/09 00:51:15 OK   00024_staging_artifact_expiry.sql (3.78ms)
2026/09/09 00:51:15 OK   00025_scheduler_inbox_receipt.sql (2.47ms)
2026/09/09 00:51:15 OK   00026_synchronous_quorum_guard.sql (1.74ms)
2026/09/09 00:51:15 OK   00027_authorized_debug_dump_lifecycle.sql (48.23ms)
2026/09/09 00:51:15 OK   00028_off_cluster_backup_retention.sql (12.18ms)
2026/09/09 00:51:15 OK   00029_artifact_backup_replication.sql (11.36ms)
2026/09/09 00:51:15 OK   00030_non_content_legal_hold.sql (23.22ms)
2026/09/09 00:51:15 OK   00031_non_content_record_expiry.sql (64.72ms)
2026/09/09 00:51:15 OK   00032_catalog_promotion_production_gates.sql (35.3ms)
2026/09/09 00:51:15 OK   00033_statistical_slo_measurement.sql (26.92ms)
2026/09/09 00:51:15 OK   00034_stage_execution_catalog.sql (59.24ms)
2026/09/09 00:51:15 OK   00035_worker_instance_residency.sql (68.65ms)
2026/09/09 00:51:15 OK   00036_stage_attempt_authority.sql (93.12ms)
2026/09/09 00:51:15 OK   00037_stage_scheduler.sql (49.96ms)
2026/09/09 00:51:15 OK   00038_stage_artifact.sql (48.51ms)
2026/09/09 00:51:15 OK   00039_stage_worker_control_authority.sql (3.37ms)
2026/09/09 00:51:15 OK   00040_stage_worker_execution.sql (20.55ms)
2026/09/09 00:51:15 OK   00041_stage_worker_operations.sql (12.66ms)
2026/09/09 00:51:15 OK   00042_stage_worker_assignment.sql (13.95ms)
2026/09/09 00:51:15 OK   00043_stage_graph_finalization.sql (6.5ms)
2026/09/09 00:51:15 OK   00044_stage_cache.sql (30.42ms)
2026/09/09 00:51:15 OK   00045_stage_graph_finalization_outputs.sql (5.3ms)
2026/09/09 00:51:15 OK   00046_stage_graph_visible_completion.sql (6.38ms)
2026/09/09 00:51:15 OK   00047_usage_cost_ledger.sql (17.49ms)
2026/09/09 00:51:15 OK   00048_stage_run_output_binding.sql (14.73ms)
2026/09/09 00:51:15 OK   00049_stage_cutover_control.sql (56.3ms)
2026/09/09 00:51:15 OK   00050_stage_graph_instantiation_dispatch.sql (19.04ms)
2026/09/09 00:51:15 OK   00051_atomic_stage_graph_admission.sql (9.27ms)
2026/09/09 00:51:15 OK   00052_stage_cutover_zero_backlog_seal.sql (21.15ms)
2026/09/09 00:51:15 OK   00053_legacy_h3_guarded_contraction.sql (15.46ms)
2026/09/09 00:51:15 OK   00054_stage_transfer_consume_destination.sql (3.4ms)
2026/09/09 00:51:15 OK   00055_h3_campaign_evidence_reader.sql (3.83ms)
2026/09/09 00:51:15 OK   00056_stage_observability_reader.sql (884.75µs)
2026/09/09 00:51:15 OK   00057_legacy_h3_release_contraction_gate.sql (10.01ms)
2026/09/09 00:51:16 OK   00058_legacy_h3_schema_contraction.sql (166.3ms)
2026/09/09 00:51:16 OK   00059_model_runtime_epoch_registration.sql (21.29ms)
2026/09/09 00:51:16 OK   00060_model_runtime_gang_barrier.sql (19.84ms)
2026/09/09 00:51:16 OK   00061_stage_worker_gang_authority.sql (6.41ms)
2026/09/09 00:51:16 OK   00062_stage_authority_member_identity.sql (2.9ms)
2026/09/09 00:51:16 OK   00063_h3_execution_snapshot.sql (3.53ms)
2026/09/09 00:51:16 OK   00064_model_runtime_capacity_routes.sql (13.21ms)
2026/09/09 00:51:16 OK   00065_h3_exact_cache_reconciliation.sql (12.11ms)
2026/09/09 00:51:16 OK   00066_stage_worker_control_session_capacity.sql (26.31ms)
2026/09/09 00:51:16 OK   00067_stage_scheduler_project_capacity.sql (2.14ms)
2026/09/09 00:51:16 OK   00068_stage_assignment_connector_states.sql (1.92ms)
2026/09/09 00:51:16 OK   00069_stage_transfer_server_clock.sql (5.46ms)
2026/09/09 00:51:16 OK   00070_stage_lease_expiry_recovery.sql (12.62ms)
2026/09/09 00:51:16 OK   00071_stage_artifact_lifecycle.sql (19.34ms)
2026/09/09 00:51:16 OK   00072_recovery_quiescence.sql (13.69ms)
2026/09/09 00:51:16 OK   00073_stage_cache_downstream_bindings.sql (6.22ms)
2026/09/09 00:51:16 OK   00074_job_owned_public_artifact_copies.sql (3.53ms)
2026/09/09 00:51:16 OK   00075_stage_graph_failure_terminalization.sql (21.43ms)
2026/09/09 00:51:16 OK   00076_allocation_usage_unit.sql (901.79µs)
2026/09/09 00:51:16 OK   00077_runtime_usage_receipts.sql (4.25ms)
2026/09/09 00:51:16 OK   00078_idle_stage_worker_probe.sql (5.51ms)
2026/09/09 00:51:16 OK   00079_stage_job_expiry.sql (6.65ms)
2026/09/09 00:51:16 OK   00080_stage_scheduler_snapshot_lock_order.sql (3.01ms)
2026/09/09 00:51:16 OK   00081_stage_assignment_quorum.sql (1.52ms)
2026/09/09 00:51:16 OK   00082_stage_success_storage_completion.sql (3.15ms)
2026/09/09 00:51:16 OK   00083_capacity_observation_lifecycle.sql (4.6ms)
2026/09/09 00:51:16 OK   00084_blocked_stage_worker_probe.sql (3.99ms)
2026/09/09 00:51:16 OK   00085_stage_materialization_terminal_replay.sql (2.59ms)
2026/09/09 00:51:16 OK   00086_stage_failure_terminal_replay.sql (5.89ms)
2026/09/09 00:51:16 OK   00087_stage_claim_finalization_lock_order.sql (2.3ms)
2026/09/09 00:51:16 OK   00088_stage_allocation_execution_sequence.sql (4.24ms)
2026/09/09 00:51:16 OK   00089_stage_terminal_history.sql (7.44ms)
2026/09/09 00:51:16 OK   00090_stage_assignment_content_lifecycle.sql (17.48ms)
2026/09/09 00:51:16 OK   00091_worker_journal_bootstrap.sql (17.36ms)
2026/09/09 00:51:16 OK   00092_worker_bootstrap_history.sql (2.52ms)
2026/09/09 00:51:16 OK   00093_worker_bootstrap_nonzero_scopes.sql (983.38µs)
2026/09/09 00:51:16 OK   00094_worker_bootstrap_abandonment.sql (10.58ms)
2026/09/09 00:51:16 OK   00095_runtime_startup_reservation.sql (11.63ms)
2026/09/09 00:51:16 goose: successfully migrated database to version: 95
    worker_bootstrap_command_test.go:132: rejected command: vela-node-agent stopped: worker bootstrap target node differs from approved bundle
    worker_bootstrap_command_test.go:138: rejected command: vela-node-agent stopped: worker bootstrap is incomplete; independent reconciliation is required: retained operation is missing
    worker_bootstrap_command_test.go:144: rejected command: vela-node-agent stopped: record Worker bootstrap pair: rpc error: code = Unavailable desc = committed command response lost
    worker_bootstrap_command_test.go:174: rejected command: vela-node-agent stopped: rpc error: code = NotFound desc = lookup Worker bootstrap target does not exist
    worker_bootstrap_command_test.go:177: rejected command: vela-node-agent stopped: rpc error: code = NotFound desc = lookup Worker bootstrap target does not exist
    worker_bootstrap_command_test.go:216: rejected command: vela-node-agent stopped: worker bootstrap is incomplete; independent reconciliation is required: openat pair.json: no such file or directory
2026/09/09 00:51:17 🐳 Stopping container: f7f8c1ed0924
2026/09/09 00:51:17 ✅ Container stopped: f7f8c1ed0924
2026/09/09 00:51:17 🐳 Terminating container: f7f8c1ed0924
2026/09/09 00:51:17 🚫 Container terminated: f7f8c1ed0924
=== RUN   TestWorkerBootstrapCommandPersistsAuthorityAcrossProcesses/claim-timeout
2026/09/09 00:51:17 🐳 Creating container for image postgres:17-alpine
2026/09/09 00:51:17 ✅ Container created: 78c39f680587
2026/09/09 00:51:17 🐳 Starting container: 78c39f680587
2026/09/09 00:51:17 ✅ Container started: 78c39f680587
2026/09/09 00:51:17 ⏳ Waiting for container id 78c39f680587 image: postgres:17-alpine. Waiting for: all of: [all of: [log message "database system is ready to accept connections" (occurrence: 2), port 5432/tcp to be mapped]]
2026/09/09 00:51:18 🔔 Container is ready: 78c39f680587
2026/09/09 00:51:18 OK   00001_foundation.sql (61.77ms)
2026/09/09 00:51:18 OK   00002_worker_assignment.sql (17.87ms)
2026/09/09 00:51:18 OK   00003_worker_start.sql (5.47ms)
2026/09/09 00:51:18 OK   00004_worker_heartbeat.sql (19.77ms)
2026/09/09 00:51:18 OK   00005_execution_failure.sql (16.26ms)
2026/09/09 00:51:18 OK   00006_customer_cancellation.sql (30.89ms)
2026/09/09 00:51:18 OK   00007_artifact_finalization.sql (35.1ms)
2026/09/09 00:51:18 OK   00008_hierarchical_scheduler.sql (55.67ms)
2026/09/09 00:51:18 OK   00009_invoice_export.sql (16.21ms)
2026/09/09 00:51:18 OK   00010_profile_certification_circuit.sql (23.96ms)
2026/09/09 00:51:18 OK   00011_project_webhooks.sql (36.8ms)
2026/09/09 00:51:18 OK   00012_human_oidc_fixed_rbac.sql (26.69ms)
2026/09/09 00:51:18 OK   00013_service_principal_administration.sql (17.22ms)
2026/09/09 00:51:18 OK   00014_human_membership_administration.sql (34.3ms)
2026/09/09 00:51:18 OK   00015_organization_reporting.sql (20.51ms)
2026/09/09 00:51:19 OK   00016_project_retention_content_deletion.sql (52.43ms)
2026/09/09 00:51:19 OK   00017_platform_operator_break_glass.sql (34.07ms)
2026/09/09 00:51:19 OK   00018_finance_reconciliation.sql (25.12ms)
2026/09/09 00:51:19 OK   00019_certified_remediation.sql (33.85ms)
2026/09/09 00:51:19 OK   00020_remediation_execution_claim.sql (6.93ms)
2026/09/09 00:51:19 OK   00021_remediation_execution_dispatch.sql (14.8ms)
2026/09/09 00:51:19 OK   00022_remediation_execution_claim_replay.sql (2.39ms)
2026/09/09 00:51:19 OK   00023_fleet_controller_worker_readiness.sql (79.01ms)
2026/09/09 00:51:19 OK   00024_staging_artifact_expiry.sql (4.15ms)
2026/09/09 00:51:19 OK   00025_scheduler_inbox_receipt.sql (2.71ms)
2026/09/09 00:51:19 OK   00026_synchronous_quorum_guard.sql (1.89ms)
2026/09/09 00:51:19 OK   00027_authorized_debug_dump_lifecycle.sql (55.82ms)
2026/09/09 00:51:19 OK   00028_off_cluster_backup_retention.sql (12.28ms)
2026/09/09 00:51:19 OK   00029_artifact_backup_replication.sql (11.68ms)
2026/09/09 00:51:19 OK   00030_non_content_legal_hold.sql (24.94ms)
2026/09/09 00:51:19 OK   00031_non_content_record_expiry.sql (63.64ms)
2026/09/09 00:51:19 OK   00032_catalog_promotion_production_gates.sql (32.54ms)
2026/09/09 00:51:19 OK   00033_statistical_slo_measurement.sql (25.24ms)
2026/09/09 00:51:19 OK   00034_stage_execution_catalog.sql (57.75ms)
2026/09/09 00:51:19 OK   00035_worker_instance_residency.sql (66.8ms)
2026/09/09 00:51:19 OK   00036_stage_attempt_authority.sql (92.16ms)
2026/09/09 00:51:19 OK   00037_stage_scheduler.sql (48.03ms)
2026/09/09 00:51:19 OK   00038_stage_artifact.sql (46.94ms)
2026/09/09 00:51:19 OK   00039_stage_worker_control_authority.sql (3.36ms)
2026/09/09 00:51:19 OK   00040_stage_worker_execution.sql (21.73ms)
2026/09/09 00:51:19 OK   00041_stage_worker_operations.sql (14.55ms)
2026/09/09 00:51:19 OK   00042_stage_worker_assignment.sql (16.44ms)
2026/09/09 00:51:19 OK   00043_stage_graph_finalization.sql (7.06ms)
2026/09/09 00:51:19 OK   00044_stage_cache.sql (32.17ms)
2026/09/09 00:51:19 OK   00045_stage_graph_finalization_outputs.sql (5.12ms)
2026/09/09 00:51:19 OK   00046_stage_graph_visible_completion.sql (6.68ms)
2026/09/09 00:51:19 OK   00047_usage_cost_ledger.sql (16.8ms)
2026/09/09 00:51:19 OK   00048_stage_run_output_binding.sql (14.29ms)
2026/09/09 00:51:19 OK   00049_stage_cutover_control.sql (55.8ms)
2026/09/09 00:51:19 OK   00050_stage_graph_instantiation_dispatch.sql (18.3ms)
2026/09/09 00:51:19 OK   00051_atomic_stage_graph_admission.sql (9.04ms)
2026/09/09 00:51:20 OK   00052_stage_cutover_zero_backlog_seal.sql (20.22ms)
2026/09/09 00:51:20 OK   00053_legacy_h3_guarded_contraction.sql (14.8ms)
2026/09/09 00:51:20 OK   00054_stage_transfer_consume_destination.sql (3.32ms)
2026/09/09 00:51:20 OK   00055_h3_campaign_evidence_reader.sql (3.73ms)
2026/09/09 00:51:20 OK   00056_stage_observability_reader.sql (1.14ms)
2026/09/09 00:51:20 OK   00057_legacy_h3_release_contraction_gate.sql (9.73ms)
2026/09/09 00:51:20 OK   00058_legacy_h3_schema_contraction.sql (162.38ms)
2026/09/09 00:51:20 OK   00059_model_runtime_epoch_registration.sql (22.81ms)
2026/09/09 00:51:20 OK   00060_model_runtime_gang_barrier.sql (19.56ms)
2026/09/09 00:51:20 OK   00061_stage_worker_gang_authority.sql (6.88ms)
2026/09/09 00:51:20 OK   00062_stage_authority_member_identity.sql (3.01ms)
2026/09/09 00:51:20 OK   00063_h3_execution_snapshot.sql (3.31ms)
2026/09/09 00:51:20 OK   00064_model_runtime_capacity_routes.sql (13.64ms)
2026/09/09 00:51:20 OK   00065_h3_exact_cache_reconciliation.sql (11.66ms)
2026/09/09 00:51:20 OK   00066_stage_worker_control_session_capacity.sql (26.14ms)
2026/09/09 00:51:20 OK   00067_stage_scheduler_project_capacity.sql (2.16ms)
2026/09/09 00:51:20 OK   00068_stage_assignment_connector_states.sql (2.11ms)
2026/09/09 00:51:20 OK   00069_stage_transfer_server_clock.sql (5.22ms)
2026/09/09 00:51:20 OK   00070_stage_lease_expiry_recovery.sql (11.81ms)
2026/09/09 00:51:20 OK   00071_stage_artifact_lifecycle.sql (18.96ms)
2026/09/09 00:51:20 OK   00072_recovery_quiescence.sql (13.94ms)
2026/09/09 00:51:20 OK   00073_stage_cache_downstream_bindings.sql (6.1ms)
2026/09/09 00:51:20 OK   00074_job_owned_public_artifact_copies.sql (3.31ms)
2026/09/09 00:51:20 OK   00075_stage_graph_failure_terminalization.sql (20.78ms)
2026/09/09 00:51:20 OK   00076_allocation_usage_unit.sql (905.21µs)
2026/09/09 00:51:20 OK   00077_runtime_usage_receipts.sql (4.05ms)
2026/09/09 00:51:20 OK   00078_idle_stage_worker_probe.sql (5.68ms)
2026/09/09 00:51:20 OK   00079_stage_job_expiry.sql (6.56ms)
2026/09/09 00:51:20 OK   00080_stage_scheduler_snapshot_lock_order.sql (3.15ms)
2026/09/09 00:51:20 OK   00081_stage_assignment_quorum.sql (1.48ms)
2026/09/09 00:51:20 OK   00082_stage_success_storage_completion.sql (3.24ms)
2026/09/09 00:51:20 OK   00083_capacity_observation_lifecycle.sql (4.32ms)
2026/09/09 00:51:20 OK   00084_blocked_stage_worker_probe.sql (4.14ms)
2026/09/09 00:51:20 OK   00085_stage_materialization_terminal_replay.sql (3.04ms)
2026/09/09 00:51:20 OK   00086_stage_failure_terminal_replay.sql (6.3ms)
2026/09/09 00:51:20 OK   00087_stage_claim_finalization_lock_order.sql (2.25ms)
2026/09/09 00:51:20 OK   00088_stage_allocation_execution_sequence.sql (4.43ms)
2026/09/09 00:51:20 OK   00089_stage_terminal_history.sql (8.89ms)
2026/09/09 00:51:20 OK   00090_stage_assignment_content_lifecycle.sql (19.85ms)
2026/09/09 00:51:20 OK   00091_worker_journal_bootstrap.sql (21.39ms)
2026/09/09 00:51:20 OK   00092_worker_bootstrap_history.sql (2.66ms)
2026/09/09 00:51:20 OK   00093_worker_bootstrap_nonzero_scopes.sql (1.44ms)
2026/09/09 00:51:20 OK   00094_worker_bootstrap_abandonment.sql (12ms)
2026/09/09 00:51:20 OK   00095_runtime_startup_reservation.sql (12.61ms)
2026/09/09 00:51:20 goose: successfully migrated database to version: 95
    worker_bootstrap_command_test.go:132: rejected command: vela-node-agent stopped: worker bootstrap target node differs from approved bundle
    worker_bootstrap_command_test.go:138: rejected command: vela-node-agent stopped: worker bootstrap is incomplete; independent reconciliation is required: retained operation is missing
    worker_bootstrap_command_test.go:144: rejected command: vela-node-agent stopped: claim Worker bootstrap: rpc error: code = DeadlineExceeded desc = context deadline exceeded
    worker_bootstrap_command_test.go:174: rejected command: vela-node-agent stopped: rpc error: code = NotFound desc = lookup Worker bootstrap target does not exist
    worker_bootstrap_command_test.go:177: rejected command: vela-node-agent stopped: rpc error: code = NotFound desc = lookup Worker bootstrap target does not exist
    worker_bootstrap_command_test.go:184: rejected command: vela-node-agent stopped: worker bootstrap is incomplete; independent reconciliation is required: openat pair.json: no such file or directory
    worker_bootstrap_command_test.go:189: rejected command: vela-node-agent stopped: worker bootstrap is incomplete; independent reconciliation is required: original journal storage record unavailable: openat journal-origin.json: no such file or directory
2026/09/09 00:51:22 🐳 Stopping container: 78c39f680587
2026/09/09 00:51:22 ✅ Container stopped: 78c39f680587
2026/09/09 00:51:22 🐳 Terminating container: 78c39f680587
2026/09/09 00:51:22 🚫 Container terminated: 78c39f680587
=== RUN   TestWorkerBootstrapCommandPersistsAuthorityAcrossProcesses/claim-sigterm
2026/09/09 00:51:22 🐳 Creating container for image postgres:17-alpine
2026/09/09 00:51:22 ✅ Container created: 946cf91c5226
2026/09/09 00:51:22 🐳 Starting container: 946cf91c5226
2026/09/09 00:51:22 ✅ Container started: 946cf91c5226
2026/09/09 00:51:22 ⏳ Waiting for container id 946cf91c5226 image: postgres:17-alpine. Waiting for: all of: [all of: [log message "database system is ready to accept connections" (occurrence: 2), port 5432/tcp to be mapped]]
2026/09/09 00:51:23 🔔 Container is ready: 946cf91c5226
2026/09/09 00:51:23 OK   00001_foundation.sql (72.78ms)
2026/09/09 00:51:23 OK   00002_worker_assignment.sql (16.69ms)
2026/09/09 00:51:23 OK   00003_worker_start.sql (2.68ms)
2026/09/09 00:51:23 OK   00004_worker_heartbeat.sql (16.16ms)
2026/09/09 00:51:23 OK   00005_execution_failure.sql (14.07ms)
2026/09/09 00:51:23 OK   00006_customer_cancellation.sql (27.31ms)
2026/09/09 00:51:23 OK   00007_artifact_finalization.sql (34.11ms)
2026/09/09 00:51:23 OK   00008_hierarchical_scheduler.sql (49.81ms)
2026/09/09 00:51:23 OK   00009_invoice_export.sql (13.6ms)
2026/09/09 00:51:23 OK   00010_profile_certification_circuit.sql (19.06ms)
2026/09/09 00:51:23 OK   00011_project_webhooks.sql (34.64ms)
2026/09/09 00:51:23 OK   00012_human_oidc_fixed_rbac.sql (25.71ms)
2026/09/09 00:51:23 OK   00013_service_principal_administration.sql (16.12ms)
2026/09/09 00:51:23 OK   00014_human_membership_administration.sql (28.78ms)
2026/09/09 00:51:23 OK   00015_organization_reporting.sql (18.8ms)
2026/09/09 00:51:23 OK   00016_project_retention_content_deletion.sql (53.99ms)
2026/09/09 00:51:23 OK   00017_platform_operator_break_glass.sql (35.88ms)
2026/09/09 00:51:23 OK   00018_finance_reconciliation.sql (17.79ms)
2026/09/09 00:51:23 OK   00019_certified_remediation.sql (23.02ms)
2026/09/09 00:51:23 OK   00020_remediation_execution_claim.sql (5.59ms)
2026/09/09 00:51:23 OK   00021_remediation_execution_dispatch.sql (2.4ms)
2026/09/09 00:51:23 OK   00022_remediation_execution_claim_replay.sql (2.55ms)
2026/09/09 00:51:23 OK   00023_fleet_controller_worker_readiness.sql (69.15ms)
2026/09/09 00:51:23 OK   00024_staging_artifact_expiry.sql (4.19ms)
2026/09/09 00:51:23 OK   00025_scheduler_inbox_receipt.sql (2.56ms)
2026/09/09 00:51:23 OK   00026_synchronous_quorum_guard.sql (1.9ms)
2026/09/09 00:51:23 OK   00027_authorized_debug_dump_lifecycle.sql (49.53ms)
2026/09/09 00:51:23 OK   00028_off_cluster_backup_retention.sql (12.18ms)
2026/09/09 00:51:23 OK   00029_artifact_backup_replication.sql (11.55ms)
2026/09/09 00:51:23 OK   00030_non_content_legal_hold.sql (23.29ms)
2026/09/09 00:51:24 OK   00031_non_content_record_expiry.sql (64.25ms)
2026/09/09 00:51:24 OK   00032_catalog_promotion_production_gates.sql (35.16ms)
2026/09/09 00:51:24 OK   00033_statistical_slo_measurement.sql (27.3ms)
2026/09/09 00:51:24 OK   00034_stage_execution_catalog.sql (60.57ms)
2026/09/09 00:51:24 OK   00035_worker_instance_residency.sql (69.15ms)
2026/09/09 00:51:24 OK   00036_stage_attempt_authority.sql (93.44ms)
2026/09/09 00:51:24 OK   00037_stage_scheduler.sql (46.72ms)
2026/09/09 00:51:24 OK   00038_stage_artifact.sql (44.73ms)
2026/09/09 00:51:24 OK   00039_stage_worker_control_authority.sql (3.39ms)
2026/09/09 00:51:24 OK   00040_stage_worker_execution.sql (20.33ms)
2026/09/09 00:51:24 OK   00041_stage_worker_operations.sql (13.48ms)
2026/09/09 00:51:24 OK   00042_stage_worker_assignment.sql (15.03ms)
2026/09/09 00:51:24 OK   00043_stage_graph_finalization.sql (6.64ms)
2026/09/09 00:51:24 OK   00044_stage_cache.sql (29.87ms)
2026/09/09 00:51:24 OK   00045_stage_graph_finalization_outputs.sql (5.2ms)
2026/09/09 00:51:24 OK   00046_stage_graph_visible_completion.sql (6.65ms)
2026/09/09 00:51:24 OK   00047_usage_cost_ledger.sql (17.41ms)
2026/09/09 00:51:24 OK   00048_stage_run_output_binding.sql (14.9ms)
2026/09/09 00:51:24 OK   00049_stage_cutover_control.sql (56.33ms)
2026/09/09 00:51:24 OK   00050_stage_graph_instantiation_dispatch.sql (18.81ms)
2026/09/09 00:51:24 OK   00051_atomic_stage_graph_admission.sql (9.13ms)
2026/09/09 00:51:24 OK   00052_stage_cutover_zero_backlog_seal.sql (20.77ms)
2026/09/09 00:51:24 OK   00053_legacy_h3_guarded_contraction.sql (15.5ms)
2026/09/09 00:51:24 OK   00054_stage_transfer_consume_destination.sql (3.37ms)
2026/09/09 00:51:24 OK   00055_h3_campaign_evidence_reader.sql (3.77ms)
2026/09/09 00:51:24 OK   00056_stage_observability_reader.sql (982.71µs)
2026/09/09 00:51:24 OK   00057_legacy_h3_release_contraction_gate.sql (10.15ms)
2026/09/09 00:51:24 OK   00058_legacy_h3_schema_contraction.sql (163.16ms)
2026/09/09 00:51:24 OK   00059_model_runtime_epoch_registration.sql (20.36ms)
2026/09/09 00:51:24 OK   00060_model_runtime_gang_barrier.sql (18.59ms)
2026/09/09 00:51:24 OK   00061_stage_worker_gang_authority.sql (6.46ms)
2026/09/09 00:51:24 OK   00062_stage_authority_member_identity.sql (3.07ms)
2026/09/09 00:51:24 OK   00063_h3_execution_snapshot.sql (3.79ms)
2026/09/09 00:51:24 OK   00064_model_runtime_capacity_routes.sql (13.11ms)
2026/09/09 00:51:24 OK   00065_h3_exact_cache_reconciliation.sql (11.9ms)
2026/09/09 00:51:24 OK   00066_stage_worker_control_session_capacity.sql (24.48ms)
2026/09/09 00:51:24 OK   00067_stage_scheduler_project_capacity.sql (2.33ms)
2026/09/09 00:51:24 OK   00068_stage_assignment_connector_states.sql (1.88ms)
2026/09/09 00:51:24 OK   00069_stage_transfer_server_clock.sql (4.9ms)
2026/09/09 00:51:24 OK   00070_stage_lease_expiry_recovery.sql (11.41ms)
2026/09/09 00:51:24 OK   00071_stage_artifact_lifecycle.sql (18.53ms)
2026/09/09 00:51:25 OK   00072_recovery_quiescence.sql (13.59ms)
2026/09/09 00:51:25 OK   00073_stage_cache_downstream_bindings.sql (5.77ms)
2026/09/09 00:51:25 OK   00074_job_owned_public_artifact_copies.sql (3.39ms)
2026/09/09 00:51:25 OK   00075_stage_graph_failure_terminalization.sql (20.98ms)
2026/09/09 00:51:25 OK   00076_allocation_usage_unit.sql (870.33µs)
2026/09/09 00:51:25 OK   00077_runtime_usage_receipts.sql (3.95ms)
2026/09/09 00:51:25 OK   00078_idle_stage_worker_probe.sql (5.37ms)
2026/09/09 00:51:25 OK   00079_stage_job_expiry.sql (6.49ms)
2026/09/09 00:51:25 OK   00080_stage_scheduler_snapshot_lock_order.sql (3.23ms)
2026/09/09 00:51:25 OK   00081_stage_assignment_quorum.sql (1.65ms)
2026/09/09 00:51:25 OK   00082_stage_success_storage_completion.sql (3.23ms)
2026/09/09 00:51:25 OK   00083_capacity_observation_lifecycle.sql (4.32ms)
2026/09/09 00:51:25 OK   00084_blocked_stage_worker_probe.sql (4.21ms)
2026/09/09 00:51:25 OK   00085_stage_materialization_terminal_replay.sql (2.64ms)
2026/09/09 00:51:25 OK   00086_stage_failure_terminal_replay.sql (6.79ms)
2026/09/09 00:51:25 OK   00087_stage_claim_finalization_lock_order.sql (2.52ms)
2026/09/09 00:51:25 OK   00088_stage_allocation_execution_sequence.sql (4.59ms)
2026/09/09 00:51:25 OK   00089_stage_terminal_history.sql (8.18ms)
2026/09/09 00:51:25 OK   00090_stage_assignment_content_lifecycle.sql (19.55ms)
2026/09/09 00:51:25 OK   00091_worker_journal_bootstrap.sql (19.21ms)
2026/09/09 00:51:25 OK   00092_worker_bootstrap_history.sql (2.23ms)
2026/09/09 00:51:25 OK   00093_worker_bootstrap_nonzero_scopes.sql (1.39ms)
2026/09/09 00:51:25 OK   00094_worker_bootstrap_abandonment.sql (12.28ms)
2026/09/09 00:51:25 OK   00095_runtime_startup_reservation.sql (11.42ms)
2026/09/09 00:51:25 goose: successfully migrated database to version: 95
    worker_bootstrap_command_test.go:132: rejected command: vela-node-agent stopped: worker bootstrap target node differs from approved bundle
    worker_bootstrap_command_test.go:138: rejected command: vela-node-agent stopped: worker bootstrap is incomplete; independent reconciliation is required: retained operation is missing
    worker_bootstrap_command_test.go:144: rejected command: vela-node-agent stopped: claim Worker bootstrap: rpc error: code = Canceled desc = context canceled
    worker_bootstrap_command_test.go:174: rejected command: vela-node-agent stopped: rpc error: code = NotFound desc = lookup Worker bootstrap target does not exist
    worker_bootstrap_command_test.go:177: rejected command: vela-node-agent stopped: rpc error: code = NotFound desc = lookup Worker bootstrap target does not exist
    worker_bootstrap_command_test.go:184: rejected command: vela-node-agent stopped: worker bootstrap is incomplete; independent reconciliation is required: openat pair.json: no such file or directory
    worker_bootstrap_command_test.go:189: rejected command: vela-node-agent stopped: worker bootstrap is incomplete; independent reconciliation is required: original journal storage record unavailable: openat journal-origin.json: no such file or directory
2026/09/09 00:51:25 🐳 Stopping container: 946cf91c5226
2026/09/09 00:51:26 ✅ Container stopped: 946cf91c5226
2026/09/09 00:51:26 🐳 Terminating container: 946cf91c5226
2026/09/09 00:51:26 🚫 Container terminated: 946cf91c5226
=== RUN   TestWorkerBootstrapCommandPersistsAuthorityAcrossProcesses/receipt-timeout
2026/09/09 00:51:26 🐳 Creating container for image postgres:17-alpine
2026/09/09 00:51:26 ✅ Container created: 5138e9011470
2026/09/09 00:51:26 🐳 Starting container: 5138e9011470
2026/09/09 00:51:26 ✅ Container started: 5138e9011470
2026/09/09 00:51:26 ⏳ Waiting for container id 5138e9011470 image: postgres:17-alpine. Waiting for: all of: [all of: [log message "database system is ready to accept connections" (occurrence: 2), port 5432/tcp to be mapped]]
2026/09/09 00:51:26 🔔 Container is ready: 5138e9011470
2026/09/09 00:51:27 OK   00001_foundation.sql (77.26ms)
2026/09/09 00:51:27 OK   00002_worker_assignment.sql (16.31ms)
2026/09/09 00:51:27 OK   00003_worker_start.sql (2.97ms)
2026/09/09 00:51:27 OK   00004_worker_heartbeat.sql (17.87ms)
2026/09/09 00:51:27 OK   00005_execution_failure.sql (16.68ms)
2026/09/09 00:51:27 OK   00006_customer_cancellation.sql (34.6ms)
2026/09/09 00:51:27 OK   00007_artifact_finalization.sql (36.55ms)
2026/09/09 00:51:27 OK   00008_hierarchical_scheduler.sql (56.3ms)
2026/09/09 00:51:27 OK   00009_invoice_export.sql (15.45ms)
2026/09/09 00:51:27 OK   00010_profile_certification_circuit.sql (21.87ms)
2026/09/09 00:51:27 OK   00011_project_webhooks.sql (37.79ms)
2026/09/09 00:51:27 OK   00012_human_oidc_fixed_rbac.sql (30.26ms)
2026/09/09 00:51:27 OK   00013_service_principal_administration.sql (17.46ms)
2026/09/09 00:51:27 OK   00014_human_membership_administration.sql (30.61ms)
2026/09/09 00:51:27 OK   00015_organization_reporting.sql (20.27ms)
2026/09/09 00:51:27 OK   00016_project_retention_content_deletion.sql (56.47ms)
2026/09/09 00:51:27 OK   00017_platform_operator_break_glass.sql (36.4ms)
2026/09/09 00:51:27 OK   00018_finance_reconciliation.sql (17.02ms)
2026/09/09 00:51:27 OK   00019_certified_remediation.sql (23.3ms)
2026/09/09 00:51:27 OK   00020_remediation_execution_claim.sql (5.57ms)
2026/09/09 00:51:27 OK   00021_remediation_execution_dispatch.sql (2.53ms)
2026/09/09 00:51:27 OK   00022_remediation_execution_claim_replay.sql (2.32ms)
2026/09/09 00:51:27 OK   00023_fleet_controller_worker_readiness.sql (69.42ms)
2026/09/09 00:51:27 OK   00024_staging_artifact_expiry.sql (4.35ms)
2026/09/09 00:51:27 OK   00025_scheduler_inbox_receipt.sql (2.66ms)
2026/09/09 00:51:27 OK   00026_synchronous_quorum_guard.sql (1.86ms)
2026/09/09 00:51:27 OK   00027_authorized_debug_dump_lifecycle.sql (51.53ms)
2026/09/09 00:51:27 OK   00028_off_cluster_backup_retention.sql (11.6ms)
2026/09/09 00:51:27 OK   00029_artifact_backup_replication.sql (10.9ms)
2026/09/09 00:51:27 OK   00030_non_content_legal_hold.sql (22.02ms)
2026/09/09 00:51:27 OK   00031_non_content_record_expiry.sql (63.52ms)
2026/09/09 00:51:27 OK   00032_catalog_promotion_production_gates.sql (33.9ms)
2026/09/09 00:51:27 OK   00033_statistical_slo_measurement.sql (26.31ms)
2026/09/09 00:51:27 OK   00034_stage_execution_catalog.sql (57.75ms)
2026/09/09 00:51:27 OK   00035_worker_instance_residency.sql (66.92ms)
2026/09/09 00:51:28 OK   00036_stage_attempt_authority.sql (90.74ms)
2026/09/09 00:51:28 OK   00037_stage_scheduler.sql (48.46ms)
2026/09/09 00:51:28 OK   00038_stage_artifact.sql (48.17ms)
2026/09/09 00:51:28 OK   00039_stage_worker_control_authority.sql (3.49ms)
2026/09/09 00:51:28 OK   00040_stage_worker_execution.sql (22.21ms)
2026/09/09 00:51:28 OK   00041_stage_worker_operations.sql (13.98ms)
2026/09/09 00:51:28 OK   00042_stage_worker_assignment.sql (15.79ms)
2026/09/09 00:51:28 OK   00043_stage_graph_finalization.sql (6.62ms)
2026/09/09 00:51:28 OK   00044_stage_cache.sql (30.45ms)
2026/09/09 00:51:28 OK   00045_stage_graph_finalization_outputs.sql (5.24ms)
2026/09/09 00:51:28 OK   00046_stage_graph_visible_completion.sql (6.98ms)
2026/09/09 00:51:28 OK   00047_usage_cost_ledger.sql (17.76ms)
2026/09/09 00:51:28 OK   00048_stage_run_output_binding.sql (14.58ms)
2026/09/09 00:51:28 OK   00049_stage_cutover_control.sql (56.86ms)
2026/09/09 00:51:28 OK   00050_stage_graph_instantiation_dispatch.sql (18.92ms)
2026/09/09 00:51:28 OK   00051_atomic_stage_graph_admission.sql (9.17ms)
2026/09/09 00:51:28 OK   00052_stage_cutover_zero_backlog_seal.sql (20.4ms)
2026/09/09 00:51:28 OK   00053_legacy_h3_guarded_contraction.sql (15.11ms)
2026/09/09 00:51:28 OK   00054_stage_transfer_consume_destination.sql (3.33ms)
2026/09/09 00:51:28 OK   00055_h3_campaign_evidence_reader.sql (3.83ms)
2026/09/09 00:51:28 OK   00056_stage_observability_reader.sql (928.13µs)
2026/09/09 00:51:28 OK   00057_legacy_h3_release_contraction_gate.sql (9.5ms)
2026/09/09 00:51:28 OK   00058_legacy_h3_schema_contraction.sql (160.91ms)
2026/09/09 00:51:28 OK   00059_model_runtime_epoch_registration.sql (17.82ms)
2026/09/09 00:51:28 OK   00060_model_runtime_gang_barrier.sql (19.56ms)
2026/09/09 00:51:28 OK   00061_stage_worker_gang_authority.sql (5.91ms)
2026/09/09 00:51:28 OK   00062_stage_authority_member_identity.sql (2.66ms)
2026/09/09 00:51:28 OK   00063_h3_execution_snapshot.sql (3.06ms)
2026/09/09 00:51:28 OK   00064_model_runtime_capacity_routes.sql (12.48ms)
2026/09/09 00:51:28 OK   00065_h3_exact_cache_reconciliation.sql (10.83ms)
2026/09/09 00:51:28 OK   00066_stage_worker_control_session_capacity.sql (26.34ms)
2026/09/09 00:51:28 OK   00067_stage_scheduler_project_capacity.sql (2.1ms)
2026/09/09 00:51:28 OK   00068_stage_assignment_connector_states.sql (1.86ms)
2026/09/09 00:51:28 OK   00069_stage_transfer_server_clock.sql (5.12ms)
2026/09/09 00:51:28 OK   00070_stage_lease_expiry_recovery.sql (12.15ms)
2026/09/09 00:51:28 OK   00071_stage_artifact_lifecycle.sql (18.98ms)
2026/09/09 00:51:28 OK   00072_recovery_quiescence.sql (13.61ms)
2026/09/09 00:51:28 OK   00073_stage_cache_downstream_bindings.sql (6.01ms)
2026/09/09 00:51:28 OK   00074_job_owned_public_artifact_copies.sql (3.24ms)
2026/09/09 00:51:28 OK   00075_stage_graph_failure_terminalization.sql (21.17ms)
2026/09/09 00:51:28 OK   00076_allocation_usage_unit.sql (1.18ms)
2026/09/09 00:51:28 OK   00077_runtime_usage_receipts.sql (4.13ms)
2026/09/09 00:51:28 OK   00078_idle_stage_worker_probe.sql (5.32ms)
2026/09/09 00:51:28 OK   00079_stage_job_expiry.sql (6.51ms)
2026/09/09 00:51:28 OK   00080_stage_scheduler_snapshot_lock_order.sql (3.16ms)
2026/09/09 00:51:28 OK   00081_stage_assignment_quorum.sql (1.86ms)
2026/09/09 00:51:28 OK   00082_stage_success_storage_completion.sql (3.36ms)
2026/09/09 00:51:28 OK   00083_capacity_observation_lifecycle.sql (4.32ms)
2026/09/09 00:51:28 OK   00084_blocked_stage_worker_probe.sql (4.54ms)
2026/09/09 00:51:28 OK   00085_stage_materialization_terminal_replay.sql (2.72ms)
2026/09/09 00:51:28 OK   00086_stage_failure_terminal_replay.sql (6.11ms)
2026/09/09 00:51:28 OK   00087_stage_claim_finalization_lock_order.sql (2.19ms)
2026/09/09 00:51:28 OK   00088_stage_allocation_execution_sequence.sql (4.39ms)
2026/09/09 00:51:28 OK   00089_stage_terminal_history.sql (8.49ms)
2026/09/09 00:51:28 OK   00090_stage_assignment_content_lifecycle.sql (19.73ms)
2026/09/09 00:51:28 OK   00091_worker_journal_bootstrap.sql (20.25ms)
2026/09/09 00:51:28 OK   00092_worker_bootstrap_history.sql (2.38ms)
2026/09/09 00:51:28 OK   00093_worker_bootstrap_nonzero_scopes.sql (1.41ms)
2026/09/09 00:51:28 OK   00094_worker_bootstrap_abandonment.sql (11.35ms)
2026/09/09 00:51:28 OK   00095_runtime_startup_reservation.sql (12.19ms)
2026/09/09 00:51:28 goose: successfully migrated database to version: 95
    worker_bootstrap_command_test.go:132: rejected command: vela-node-agent stopped: worker bootstrap target node differs from approved bundle
    worker_bootstrap_command_test.go:138: rejected command: vela-node-agent stopped: worker bootstrap is incomplete; independent reconciliation is required: retained operation is missing
    worker_bootstrap_command_test.go:144: rejected command: vela-node-agent stopped: record Worker bootstrap pair: rpc error: code = DeadlineExceeded desc = context deadline exceeded
        context deadline exceeded
        context deadline exceeded
    worker_bootstrap_command_test.go:174: rejected command: vela-node-agent stopped: rpc error: code = NotFound desc = lookup Worker bootstrap target does not exist
    worker_bootstrap_command_test.go:177: rejected command: vela-node-agent stopped: rpc error: code = NotFound desc = lookup Worker bootstrap target does not exist
    worker_bootstrap_command_test.go:216: rejected command: vela-node-agent stopped: worker bootstrap is incomplete; independent reconciliation is required: openat pair.json: no such file or directory
2026/09/09 00:51:30 🐳 Stopping container: 5138e9011470
2026/09/09 00:51:30 ✅ Container stopped: 5138e9011470
2026/09/09 00:51:30 🐳 Terminating container: 5138e9011470
2026/09/09 00:51:30 🚫 Container terminated: 5138e9011470
=== RUN   TestWorkerBootstrapCommandPersistsAuthorityAcrossProcesses/receipt-sigterm
2026/09/09 00:51:30 🐳 Creating container for image postgres:17-alpine
2026/09/09 00:51:30 ✅ Container created: 637cd7c459d5
2026/09/09 00:51:30 🐳 Starting container: 637cd7c459d5
2026/09/09 00:51:31 ✅ Container started: 637cd7c459d5
2026/09/09 00:51:31 ⏳ Waiting for container id 637cd7c459d5 image: postgres:17-alpine. Waiting for: all of: [all of: [log message "database system is ready to accept connections" (occurrence: 2), port 5432/tcp to be mapped]]
2026/09/09 00:51:31 🔔 Container is ready: 637cd7c459d5
2026/09/09 00:51:31 OK   00001_foundation.sql (75.39ms)
2026/09/09 00:51:31 OK   00002_worker_assignment.sql (16.42ms)
2026/09/09 00:51:31 OK   00003_worker_start.sql (2.69ms)
2026/09/09 00:51:31 OK   00004_worker_heartbeat.sql (17.61ms)
2026/09/09 00:51:31 OK   00005_execution_failure.sql (16.84ms)
2026/09/09 00:51:31 OK   00006_customer_cancellation.sql (34.66ms)
2026/09/09 00:51:31 OK   00007_artifact_finalization.sql (38.3ms)
2026/09/09 00:51:32 OK   00008_hierarchical_scheduler.sql (56.58ms)
2026/09/09 00:51:32 OK   00009_invoice_export.sql (14.12ms)
2026/09/09 00:51:32 OK   00010_profile_certification_circuit.sql (21.18ms)
2026/09/09 00:51:32 OK   00011_project_webhooks.sql (36.66ms)
2026/09/09 00:51:32 OK   00012_human_oidc_fixed_rbac.sql (26.9ms)
2026/09/09 00:51:32 OK   00013_service_principal_administration.sql (15.96ms)
2026/09/09 00:51:32 OK   00014_human_membership_administration.sql (29.5ms)
2026/09/09 00:51:32 OK   00015_organization_reporting.sql (19.17ms)
2026/09/09 00:51:32 OK   00016_project_retention_content_deletion.sql (54.29ms)
2026/09/09 00:51:32 OK   00017_platform_operator_break_glass.sql (36.45ms)
2026/09/09 00:51:32 OK   00018_finance_reconciliation.sql (17.59ms)
2026/09/09 00:51:32 OK   00019_certified_remediation.sql (22.81ms)
2026/09/09 00:51:32 OK   00020_remediation_execution_claim.sql (5.58ms)
2026/09/09 00:51:32 OK   00021_remediation_execution_dispatch.sql (2.57ms)
2026/09/09 00:51:32 OK   00022_remediation_execution_claim_replay.sql (2.24ms)
2026/09/09 00:51:32 OK   00023_fleet_controller_worker_readiness.sql (62.69ms)
2026/09/09 00:51:32 OK   00024_staging_artifact_expiry.sql (3.8ms)
2026/09/09 00:51:32 OK   00025_scheduler_inbox_receipt.sql (2.49ms)
2026/09/09 00:51:32 OK   00026_synchronous_quorum_guard.sql (1.66ms)
2026/09/09 00:51:32 OK   00027_authorized_debug_dump_lifecycle.sql (46.24ms)
2026/09/09 00:51:32 OK   00028_off_cluster_backup_retention.sql (11.48ms)
2026/09/09 00:51:32 OK   00029_artifact_backup_replication.sql (10.5ms)
2026/09/09 00:51:32 OK   00030_non_content_legal_hold.sql (22.97ms)
2026/09/09 00:51:32 OK   00031_non_content_record_expiry.sql (63.16ms)
2026/09/09 00:51:32 OK   00032_catalog_promotion_production_gates.sql (32.11ms)
2026/09/09 00:51:32 OK   00033_statistical_slo_measurement.sql (24.8ms)
2026/09/09 00:51:32 OK   00034_stage_execution_catalog.sql (58.35ms)
2026/09/09 00:51:32 OK   00035_worker_instance_residency.sql (64.48ms)
2026/09/09 00:51:32 OK   00036_stage_attempt_authority.sql (89.45ms)
2026/09/09 00:51:32 OK   00037_stage_scheduler.sql (48.6ms)
2026/09/09 00:51:32 OK   00038_stage_artifact.sql (45.33ms)
2026/09/09 00:51:32 OK   00039_stage_worker_control_authority.sql (4.12ms)
2026/09/09 00:51:32 OK   00040_stage_worker_execution.sql (20.52ms)
2026/09/09 00:51:32 OK   00041_stage_worker_operations.sql (13.85ms)
2026/09/09 00:51:32 OK   00042_stage_worker_assignment.sql (14.96ms)
2026/09/09 00:51:32 OK   00043_stage_graph_finalization.sql (6.62ms)
2026/09/09 00:51:33 OK   00044_stage_cache.sql (30.32ms)
2026/09/09 00:51:33 OK   00045_stage_graph_finalization_outputs.sql (5.26ms)
2026/09/09 00:51:33 OK   00046_stage_graph_visible_completion.sql (6.51ms)
2026/09/09 00:51:33 OK   00047_usage_cost_ledger.sql (17.68ms)
2026/09/09 00:51:33 OK   00048_stage_run_output_binding.sql (14.56ms)
2026/09/09 00:51:33 OK   00049_stage_cutover_control.sql (56.05ms)
2026/09/09 00:51:33 OK   00050_stage_graph_instantiation_dispatch.sql (18.51ms)
2026/09/09 00:51:33 OK   00051_atomic_stage_graph_admission.sql (8.96ms)
2026/09/09 00:51:33 OK   00052_stage_cutover_zero_backlog_seal.sql (20.11ms)
2026/09/09 00:51:33 OK   00053_legacy_h3_guarded_contraction.sql (14.4ms)
2026/09/09 00:51:33 OK   00054_stage_transfer_consume_destination.sql (3.33ms)
2026/09/09 00:51:33 OK   00055_h3_campaign_evidence_reader.sql (3.65ms)
2026/09/09 00:51:33 OK   00056_stage_observability_reader.sql (903.29µs)
2026/09/09 00:51:33 OK   00057_legacy_h3_release_contraction_gate.sql (9.74ms)
2026/09/09 00:51:33 OK   00058_legacy_h3_schema_contraction.sql (162.85ms)
2026/09/09 00:51:33 OK   00059_model_runtime_epoch_registration.sql (19.83ms)
2026/09/09 00:51:33 OK   00060_model_runtime_gang_barrier.sql (18.92ms)
2026/09/09 00:51:33 OK   00061_stage_worker_gang_authority.sql (6.2ms)
2026/09/09 00:51:33 OK   00062_stage_authority_member_identity.sql (2.55ms)
2026/09/09 00:51:33 OK   00063_h3_execution_snapshot.sql (3.39ms)
2026/09/09 00:51:33 OK   00064_model_runtime_capacity_routes.sql (12.3ms)
2026/09/09 00:51:33 OK   00065_h3_exact_cache_reconciliation.sql (11.56ms)
2026/09/09 00:51:33 OK   00066_stage_worker_control_session_capacity.sql (25.66ms)
2026/09/09 00:51:33 OK   00067_stage_scheduler_project_capacity.sql (2.14ms)
2026/09/09 00:51:33 OK   00068_stage_assignment_connector_states.sql (1.91ms)
2026/09/09 00:51:33 OK   00069_stage_transfer_server_clock.sql (5.22ms)
2026/09/09 00:51:33 OK   00070_stage_lease_expiry_recovery.sql (11.95ms)
2026/09/09 00:51:33 OK   00071_stage_artifact_lifecycle.sql (18.82ms)
2026/09/09 00:51:33 OK   00072_recovery_quiescence.sql (13.39ms)
2026/09/09 00:51:33 OK   00073_stage_cache_downstream_bindings.sql (6.09ms)
2026/09/09 00:51:33 OK   00074_job_owned_public_artifact_copies.sql (3.32ms)
2026/09/09 00:51:33 OK   00075_stage_graph_failure_terminalization.sql (20.94ms)
2026/09/09 00:51:33 OK   00076_allocation_usage_unit.sql (1.24ms)
2026/09/09 00:51:33 OK   00077_runtime_usage_receipts.sql (4.2ms)
2026/09/09 00:51:33 OK   00078_idle_stage_worker_probe.sql (5.54ms)
2026/09/09 00:51:33 OK   00079_stage_job_expiry.sql (6.55ms)
2026/09/09 00:51:33 OK   00080_stage_scheduler_snapshot_lock_order.sql (3.11ms)
2026/09/09 00:51:33 OK   00081_stage_assignment_quorum.sql (1.58ms)
2026/09/09 00:51:33 OK   00082_stage_success_storage_completion.sql (3.25ms)
2026/09/09 00:51:33 OK   00083_capacity_observation_lifecycle.sql (4.3ms)
2026/09/09 00:51:33 OK   00084_blocked_stage_worker_probe.sql (4.2ms)
2026/09/09 00:51:33 OK   00085_stage_materialization_terminal_replay.sql (2.66ms)
2026/09/09 00:51:33 OK   00086_stage_failure_terminal_replay.sql (6.07ms)
2026/09/09 00:51:33 OK   00087_stage_claim_finalization_lock_order.sql (2.24ms)
2026/09/09 00:51:33 OK   00088_stage_allocation_execution_sequence.sql (4.37ms)
2026/09/09 00:51:33 OK   00089_stage_terminal_history.sql (9ms)
2026/09/09 00:51:33 OK   00090_stage_assignment_content_lifecycle.sql (19.96ms)
2026/09/09 00:51:33 OK   00091_worker_journal_bootstrap.sql (19.83ms)
2026/09/09 00:51:33 OK   00092_worker_bootstrap_history.sql (2.5ms)
2026/09/09 00:51:33 OK   00093_worker_bootstrap_nonzero_scopes.sql (1.14ms)
2026/09/09 00:51:33 OK   00094_worker_bootstrap_abandonment.sql (12.49ms)
2026/09/09 00:51:33 OK   00095_runtime_startup_reservation.sql (12.6ms)
2026/09/09 00:51:33 goose: successfully migrated database to version: 95
    worker_bootstrap_command_test.go:132: rejected command: vela-node-agent stopped: worker bootstrap target node differs from approved bundle
    worker_bootstrap_command_test.go:138: rejected command: vela-node-agent stopped: worker bootstrap is incomplete; independent reconciliation is required: retained operation is missing
    worker_bootstrap_command_test.go:144: rejected command: vela-node-agent stopped: record Worker bootstrap pair: rpc error: code = Canceled desc = context canceled
        terminated signal received
        terminated signal received
    worker_bootstrap_command_test.go:174: rejected command: vela-node-agent stopped: rpc error: code = NotFound desc = lookup Worker bootstrap target does not exist
    worker_bootstrap_command_test.go:177: rejected command: vela-node-agent stopped: rpc error: code = NotFound desc = lookup Worker bootstrap target does not exist
    worker_bootstrap_command_test.go:216: rejected command: vela-node-agent stopped: worker bootstrap is incomplete; independent reconciliation is required: openat pair.json: no such file or directory
2026/09/09 00:51:34 🐳 Stopping container: 637cd7c459d5
2026/09/09 00:51:34 ✅ Container stopped: 637cd7c459d5
2026/09/09 00:51:34 🐳 Terminating container: 637cd7c459d5
2026/09/09 00:51:34 🚫 Container terminated: 637cd7c459d5
--- PASS: TestWorkerBootstrapCommandPersistsAuthorityAcrossProcesses (29.89s)
    --- PASS: TestWorkerBootstrapCommandPersistsAuthorityAcrossProcesses/normal (4.28s)
    --- PASS: TestWorkerBootstrapCommandPersistsAuthorityAcrossProcesses/lost-claim (3.68s)
    --- PASS: TestWorkerBootstrapCommandPersistsAuthorityAcrossProcesses/lost-receipt (4.04s)
    --- PASS: TestWorkerBootstrapCommandPersistsAuthorityAcrossProcesses/claim-timeout (4.71s)
    --- PASS: TestWorkerBootstrapCommandPersistsAuthorityAcrossProcesses/claim-sigterm (3.73s)
    --- PASS: TestWorkerBootstrapCommandPersistsAuthorityAcrossProcesses/receipt-timeout (4.80s)
    --- PASS: TestWorkerBootstrapCommandPersistsAuthorityAcrossProcesses/receipt-sigterm (3.89s)
=== RUN   TestWorkerBootstrapReceiptRejectsZeroScopesBeforeCommit
=== RUN   TestWorkerBootstrapReceiptRejectsZeroScopesBeforeCommit/service/worker
2026/09/09 00:51:34 🐳 Creating container for image postgres:17-alpine
2026/09/09 00:51:34 ✅ Container created: 7fc88f38cfd3
2026/09/09 00:51:34 🐳 Starting container: 7fc88f38cfd3
2026/09/09 00:51:34 ✅ Container started: 7fc88f38cfd3
2026/09/09 00:51:34 ⏳ Waiting for container id 7fc88f38cfd3 image: postgres:17-alpine. Waiting for: all of: [all of: [log message "database system is ready to accept connections" (occurrence: 2), port 5432/tcp to be mapped]]
2026/09/09 00:51:35 🔔 Container is ready: 7fc88f38cfd3
2026/09/09 00:51:35 OK   00001_foundation.sql (76.93ms)
2026/09/09 00:51:35 OK   00002_worker_assignment.sql (17.3ms)
2026/09/09 00:51:35 OK   00003_worker_start.sql (3.13ms)
2026/09/09 00:51:35 OK   00004_worker_heartbeat.sql (17.37ms)
2026/09/09 00:51:35 OK   00005_execution_failure.sql (15.96ms)
2026/09/09 00:51:35 OK   00006_customer_cancellation.sql (31.22ms)
2026/09/09 00:51:35 OK   00007_artifact_finalization.sql (35.65ms)
2026/09/09 00:51:35 OK   00008_hierarchical_scheduler.sql (55.47ms)
2026/09/09 00:51:35 OK   00009_invoice_export.sql (14.34ms)
2026/09/09 00:51:35 OK   00010_profile_certification_circuit.sql (20.95ms)
2026/09/09 00:51:35 OK   00011_project_webhooks.sql (35.64ms)
2026/09/09 00:51:36 OK   00012_human_oidc_fixed_rbac.sql (26.36ms)
2026/09/09 00:51:36 OK   00013_service_principal_administration.sql (16.77ms)
2026/09/09 00:51:36 OK   00014_human_membership_administration.sql (28.66ms)
2026/09/09 00:51:36 OK   00015_organization_reporting.sql (18.56ms)
2026/09/09 00:51:36 OK   00016_project_retention_content_deletion.sql (56.03ms)
2026/09/09 00:51:36 OK   00017_platform_operator_break_glass.sql (35.87ms)
2026/09/09 00:51:36 OK   00018_finance_reconciliation.sql (17.75ms)
2026/09/09 00:51:36 OK   00019_certified_remediation.sql (21.86ms)
2026/09/09 00:51:36 OK   00020_remediation_execution_claim.sql (5.59ms)
2026/09/09 00:51:36 OK   00021_remediation_execution_dispatch.sql (2.26ms)
2026/09/09 00:51:36 OK   00022_remediation_execution_claim_replay.sql (2.21ms)
2026/09/09 00:51:36 OK   00023_fleet_controller_worker_readiness.sql (68.16ms)
2026/09/09 00:51:36 OK   00024_staging_artifact_expiry.sql (4.04ms)
2026/09/09 00:51:36 OK   00025_scheduler_inbox_receipt.sql (2.68ms)
2026/09/09 00:51:36 OK   00026_synchronous_quorum_guard.sql (1.77ms)
2026/09/09 00:51:36 OK   00027_authorized_debug_dump_lifecycle.sql (49.9ms)
2026/09/09 00:51:36 OK   00028_off_cluster_backup_retention.sql (12.07ms)
2026/09/09 00:51:36 OK   00029_artifact_backup_replication.sql (11.32ms)
2026/09/09 00:51:36 OK   00030_non_content_legal_hold.sql (23.07ms)
2026/09/09 00:51:36 OK   00031_non_content_record_expiry.sql (65.49ms)
2026/09/09 00:51:36 OK   00032_catalog_promotion_production_gates.sql (35.98ms)
2026/09/09 00:51:36 OK   00033_statistical_slo_measurement.sql (27.6ms)
2026/09/09 00:51:36 OK   00034_stage_execution_catalog.sql (58.88ms)
2026/09/09 00:51:36 OK   00035_worker_instance_residency.sql (68.67ms)
2026/09/09 00:51:36 OK   00036_stage_attempt_authority.sql (93.75ms)
2026/09/09 00:51:36 OK   00037_stage_scheduler.sql (48.32ms)
2026/09/09 00:51:36 OK   00038_stage_artifact.sql (47.17ms)
2026/09/09 00:51:36 OK   00039_stage_worker_control_authority.sql (3.22ms)
2026/09/09 00:51:36 OK   00040_stage_worker_execution.sql (22.32ms)
2026/09/09 00:51:36 OK   00041_stage_worker_operations.sql (14.38ms)
2026/09/09 00:51:36 OK   00042_stage_worker_assignment.sql (15.71ms)
2026/09/09 00:51:36 OK   00043_stage_graph_finalization.sql (6.86ms)
2026/09/09 00:51:36 OK   00044_stage_cache.sql (31.55ms)
2026/09/09 00:51:36 OK   00045_stage_graph_finalization_outputs.sql (5.25ms)
2026/09/09 00:51:36 OK   00046_stage_graph_visible_completion.sql (6.92ms)
2026/09/09 00:51:36 OK   00047_usage_cost_ledger.sql (18.06ms)
2026/09/09 00:51:37 OK   00048_stage_run_output_binding.sql (15.07ms)
2026/09/09 00:51:37 OK   00049_stage_cutover_control.sql (56.83ms)
2026/09/09 00:51:37 OK   00050_stage_graph_instantiation_dispatch.sql (18.89ms)
2026/09/09 00:51:37 OK   00051_atomic_stage_graph_admission.sql (9.52ms)
2026/09/09 00:51:37 OK   00052_stage_cutover_zero_backlog_seal.sql (21.34ms)
2026/09/09 00:51:37 OK   00053_legacy_h3_guarded_contraction.sql (15.36ms)
2026/09/09 00:51:37 OK   00054_stage_transfer_consume_destination.sql (3.58ms)
2026/09/09 00:51:37 OK   00055_h3_campaign_evidence_reader.sql (3.76ms)
2026/09/09 00:51:37 OK   00056_stage_observability_reader.sql (910.42µs)
2026/09/09 00:51:37 OK   00057_legacy_h3_release_contraction_gate.sql (9.88ms)
2026/09/09 00:51:37 OK   00058_legacy_h3_schema_contraction.sql (161.98ms)
2026/09/09 00:51:37 OK   00059_model_runtime_epoch_registration.sql (19.47ms)
2026/09/09 00:51:37 OK   00060_model_runtime_gang_barrier.sql (19.3ms)
2026/09/09 00:51:37 OK   00061_stage_worker_gang_authority.sql (6.54ms)
2026/09/09 00:51:37 OK   00062_stage_authority_member_identity.sql (2.89ms)
2026/09/09 00:51:37 OK   00063_h3_execution_snapshot.sql (3.42ms)
2026/09/09 00:51:37 OK   00064_model_runtime_capacity_routes.sql (12.25ms)
2026/09/09 00:51:37 OK   00065_h3_exact_cache_reconciliation.sql (11.5ms)
2026/09/09 00:51:37 OK   00066_stage_worker_control_session_capacity.sql (25.54ms)
2026/09/09 00:51:37 OK   00067_stage_scheduler_project_capacity.sql (2.1ms)
2026/09/09 00:51:37 OK   00068_stage_assignment_connector_states.sql (2ms)
2026/09/09 00:51:37 OK   00069_stage_transfer_server_clock.sql (5.15ms)
2026/09/09 00:51:37 OK   00070_stage_lease_expiry_recovery.sql (12.01ms)
2026/09/09 00:51:37 OK   00071_stage_artifact_lifecycle.sql (19.21ms)
2026/09/09 00:51:37 OK   00072_recovery_quiescence.sql (13.48ms)
2026/09/09 00:51:37 OK   00073_stage_cache_downstream_bindings.sql (5.94ms)
2026/09/09 00:51:37 OK   00074_job_owned_public_artifact_copies.sql (3.5ms)
2026/09/09 00:51:37 OK   00075_stage_graph_failure_terminalization.sql (21.06ms)
2026/09/09 00:51:37 OK   00076_allocation_usage_unit.sql (1.12ms)
2026/09/09 00:51:37 OK   00077_runtime_usage_receipts.sql (4.07ms)
2026/09/09 00:51:37 OK   00078_idle_stage_worker_probe.sql (5.36ms)
2026/09/09 00:51:37 OK   00079_stage_job_expiry.sql (6.66ms)
2026/09/09 00:51:37 OK   00080_stage_scheduler_snapshot_lock_order.sql (3.1ms)
2026/09/09 00:51:37 OK   00081_stage_assignment_quorum.sql (1.52ms)
2026/09/09 00:51:37 OK   00082_stage_success_storage_completion.sql (3.17ms)
2026/09/09 00:51:37 OK   00083_capacity_observation_lifecycle.sql (4.39ms)
2026/09/09 00:51:37 OK   00084_blocked_stage_worker_probe.sql (4.24ms)
2026/09/09 00:51:37 OK   00085_stage_materialization_terminal_replay.sql (2.91ms)
2026/09/09 00:51:37 OK   00086_stage_failure_terminal_replay.sql (6.28ms)
2026/09/09 00:51:37 OK   00087_stage_claim_finalization_lock_order.sql (2.34ms)
2026/09/09 00:51:37 OK   00088_stage_allocation_execution_sequence.sql (4.68ms)
2026/09/09 00:51:37 OK   00089_stage_terminal_history.sql (8.09ms)
2026/09/09 00:51:37 OK   00090_stage_assignment_content_lifecycle.sql (18.71ms)
2026/09/09 00:51:37 OK   00091_worker_journal_bootstrap.sql (19.28ms)
2026/09/09 00:51:37 OK   00092_worker_bootstrap_history.sql (2.36ms)
2026/09/09 00:51:37 OK   00093_worker_bootstrap_nonzero_scopes.sql (1.13ms)
2026/09/09 00:51:37 OK   00094_worker_bootstrap_abandonment.sql (11.38ms)
2026/09/09 00:51:37 OK   00095_runtime_startup_reservation.sql (11.99ms)
2026/09/09 00:51:37 goose: successfully migrated database to version: 95
2026/09/09 00:51:37 🐳 Stopping container: 7fc88f38cfd3
2026/09/09 00:51:37 ✅ Container stopped: 7fc88f38cfd3
2026/09/09 00:51:37 🐳 Terminating container: 7fc88f38cfd3
2026/09/09 00:51:37 🚫 Container terminated: 7fc88f38cfd3
=== RUN   TestWorkerBootstrapReceiptRejectsZeroScopesBeforeCommit/service/runtime
2026/09/09 00:51:37 🐳 Creating container for image postgres:17-alpine
2026/09/09 00:51:38 ✅ Container created: 15fc4f47ca5f
2026/09/09 00:51:38 🐳 Starting container: 15fc4f47ca5f
2026/09/09 00:51:38 ✅ Container started: 15fc4f47ca5f
2026/09/09 00:51:38 ⏳ Waiting for container id 15fc4f47ca5f image: postgres:17-alpine. Waiting for: all of: [all of: [log message "database system is ready to accept connections" (occurrence: 2), port 5432/tcp to be mapped]]
2026/09/09 00:51:38 🔔 Container is ready: 15fc4f47ca5f
2026/09/09 00:51:38 OK   00001_foundation.sql (54.83ms)
2026/09/09 00:51:38 OK   00002_worker_assignment.sql (15.03ms)
2026/09/09 00:51:38 OK   00003_worker_start.sql (2.57ms)
2026/09/09 00:51:38 OK   00004_worker_heartbeat.sql (15.27ms)
2026/09/09 00:51:38 OK   00005_execution_failure.sql (13.71ms)
2026/09/09 00:51:38 OK   00006_customer_cancellation.sql (28.29ms)
2026/09/09 00:51:38 OK   00007_artifact_finalization.sql (32.43ms)
2026/09/09 00:51:38 OK   00008_hierarchical_scheduler.sql (49.38ms)
2026/09/09 00:51:39 OK   00009_invoice_export.sql (13.57ms)
2026/09/09 00:51:39 OK   00010_profile_certification_circuit.sql (19.62ms)
2026/09/09 00:51:39 OK   00011_project_webhooks.sql (35.99ms)
2026/09/09 00:51:39 OK   00012_human_oidc_fixed_rbac.sql (27.3ms)
2026/09/09 00:51:39 OK   00013_service_principal_administration.sql (15.96ms)
2026/09/09 00:51:39 OK   00014_human_membership_administration.sql (26.26ms)
2026/09/09 00:51:39 OK   00015_organization_reporting.sql (17.39ms)
2026/09/09 00:51:39 OK   00016_project_retention_content_deletion.sql (53.22ms)
2026/09/09 00:51:39 OK   00017_platform_operator_break_glass.sql (36.03ms)
2026/09/09 00:51:39 OK   00018_finance_reconciliation.sql (16.64ms)
2026/09/09 00:51:39 OK   00019_certified_remediation.sql (22.61ms)
2026/09/09 00:51:39 OK   00020_remediation_execution_claim.sql (5.61ms)
2026/09/09 00:51:39 OK   00021_remediation_execution_dispatch.sql (2.35ms)
2026/09/09 00:51:39 OK   00022_remediation_execution_claim_replay.sql (2.45ms)
2026/09/09 00:51:39 OK   00023_fleet_controller_worker_readiness.sql (63.8ms)
2026/09/09 00:51:39 OK   00024_staging_artifact_expiry.sql (3.87ms)
2026/09/09 00:51:39 OK   00025_scheduler_inbox_receipt.sql (2.44ms)
2026/09/09 00:51:39 OK   00026_synchronous_quorum_guard.sql (1.88ms)
2026/09/09 00:51:39 OK   00027_authorized_debug_dump_lifecycle.sql (45.73ms)
2026/09/09 00:51:39 OK   00028_off_cluster_backup_retention.sql (11.51ms)
2026/09/09 00:51:39 OK   00029_artifact_backup_replication.sql (11.02ms)
2026/09/09 00:51:39 OK   00030_non_content_legal_hold.sql (22.32ms)
2026/09/09 00:51:39 OK   00031_non_content_record_expiry.sql (64.62ms)
2026/09/09 00:51:39 OK   00032_catalog_promotion_production_gates.sql (31.01ms)
2026/09/09 00:51:39 OK   00033_statistical_slo_measurement.sql (23.9ms)
2026/09/09 00:51:39 OK   00034_stage_execution_catalog.sql (56.39ms)
2026/09/09 00:51:39 OK   00035_worker_instance_residency.sql (65.07ms)
2026/09/09 00:51:39 OK   00036_stage_attempt_authority.sql (91.09ms)
2026/09/09 00:51:39 OK   00037_stage_scheduler.sql (47.53ms)
2026/09/09 00:51:39 OK   00038_stage_artifact.sql (48.22ms)
2026/09/09 00:51:39 OK   00039_stage_worker_control_authority.sql (3.33ms)
2026/09/09 00:51:39 OK   00040_stage_worker_execution.sql (22.07ms)
2026/09/09 00:51:39 OK   00041_stage_worker_operations.sql (13.9ms)
2026/09/09 00:51:39 OK   00042_stage_worker_assignment.sql (15.88ms)
2026/09/09 00:51:39 OK   00043_stage_graph_finalization.sql (6.7ms)
2026/09/09 00:51:39 OK   00044_stage_cache.sql (29.27ms)
2026/09/09 00:51:40 OK   00045_stage_graph_finalization_outputs.sql (4.48ms)
2026/09/09 00:51:40 OK   00046_stage_graph_visible_completion.sql (5.78ms)
2026/09/09 00:51:40 OK   00047_usage_cost_ledger.sql (17.04ms)
2026/09/09 00:51:40 OK   00048_stage_run_output_binding.sql (14.62ms)
2026/09/09 00:51:40 OK   00049_stage_cutover_control.sql (53.16ms)
2026/09/09 00:51:40 OK   00050_stage_graph_instantiation_dispatch.sql (18.71ms)
2026/09/09 00:51:40 OK   00051_atomic_stage_graph_admission.sql (8.9ms)
2026/09/09 00:51:40 OK   00052_stage_cutover_zero_backlog_seal.sql (19.33ms)
2026/09/09 00:51:40 OK   00053_legacy_h3_guarded_contraction.sql (14.05ms)
2026/09/09 00:51:40 OK   00054_stage_transfer_consume_destination.sql (3.45ms)
2026/09/09 00:51:40 OK   00055_h3_campaign_evidence_reader.sql (4.23ms)
2026/09/09 00:51:40 OK   00056_stage_observability_reader.sql (808.33µs)
2026/09/09 00:51:40 OK   00057_legacy_h3_release_contraction_gate.sql (9.33ms)
2026/09/09 00:51:40 OK   00058_legacy_h3_schema_contraction.sql (159.86ms)
2026/09/09 00:51:40 OK   00059_model_runtime_epoch_registration.sql (18.49ms)
2026/09/09 00:51:40 OK   00060_model_runtime_gang_barrier.sql (16.9ms)
2026/09/09 00:51:40 OK   00061_stage_worker_gang_authority.sql (5.6ms)
2026/09/09 00:51:40 OK   00062_stage_authority_member_identity.sql (2.92ms)
2026/09/09 00:51:40 OK   00063_h3_execution_snapshot.sql (2.98ms)
2026/09/09 00:51:40 OK   00064_model_runtime_capacity_routes.sql (11.2ms)
2026/09/09 00:51:40 OK   00065_h3_exact_cache_reconciliation.sql (10.03ms)
2026/09/09 00:51:40 OK   00066_stage_worker_control_session_capacity.sql (22.18ms)
2026/09/09 00:51:40 OK   00067_stage_scheduler_project_capacity.sql (2.01ms)
2026/09/09 00:51:40 OK   00068_stage_assignment_connector_states.sql (2.24ms)
2026/09/09 00:51:40 OK   00069_stage_transfer_server_clock.sql (4.61ms)
2026/09/09 00:51:40 OK   00070_stage_lease_expiry_recovery.sql (10.54ms)
2026/09/09 00:51:40 OK   00071_stage_artifact_lifecycle.sql (16.78ms)
2026/09/09 00:51:40 OK   00072_recovery_quiescence.sql (12.2ms)
2026/09/09 00:51:40 OK   00073_stage_cache_downstream_bindings.sql (5.46ms)
2026/09/09 00:51:40 OK   00074_job_owned_public_artifact_copies.sql (2.99ms)
2026/09/09 00:51:40 OK   00075_stage_graph_failure_terminalization.sql (18.87ms)
2026/09/09 00:51:40 OK   00076_allocation_usage_unit.sql (1.07ms)
2026/09/09 00:51:40 OK   00077_runtime_usage_receipts.sql (3.77ms)
2026/09/09 00:51:40 OK   00078_idle_stage_worker_probe.sql (4.82ms)
2026/09/09 00:51:40 OK   00079_stage_job_expiry.sql (5.82ms)
2026/09/09 00:51:40 OK   00080_stage_scheduler_snapshot_lock_order.sql (2.91ms)
2026/09/09 00:51:40 OK   00081_stage_assignment_quorum.sql (1.42ms)
2026/09/09 00:51:40 OK   00082_stage_success_storage_completion.sql (2.91ms)
2026/09/09 00:51:40 OK   00083_capacity_observation_lifecycle.sql (3.92ms)
2026/09/09 00:51:40 OK   00084_blocked_stage_worker_probe.sql (3.79ms)
2026/09/09 00:51:40 OK   00085_stage_materialization_terminal_replay.sql (2.37ms)
2026/09/09 00:51:40 OK   00086_stage_failure_terminal_replay.sql (5.49ms)
2026/09/09 00:51:40 OK   00087_stage_claim_finalization_lock_order.sql (1.96ms)
2026/09/09 00:51:40 OK   00088_stage_allocation_execution_sequence.sql (3.74ms)
2026/09/09 00:51:40 OK   00089_stage_terminal_history.sql (7.3ms)
2026/09/09 00:51:40 OK   00090_stage_assignment_content_lifecycle.sql (17.22ms)
2026/09/09 00:51:40 OK   00091_worker_journal_bootstrap.sql (17.16ms)
2026/09/09 00:51:40 OK   00092_worker_bootstrap_history.sql (2.09ms)
2026/09/09 00:51:40 OK   00093_worker_bootstrap_nonzero_scopes.sql (1.04ms)
2026/09/09 00:51:40 OK   00094_worker_bootstrap_abandonment.sql (10.58ms)
2026/09/09 00:51:40 OK   00095_runtime_startup_reservation.sql (11.04ms)
2026/09/09 00:51:40 goose: successfully migrated database to version: 95
2026/09/09 00:51:40 🐳 Stopping container: 15fc4f47ca5f
2026/09/09 00:51:40 ✅ Container stopped: 15fc4f47ca5f
2026/09/09 00:51:40 🐳 Terminating container: 15fc4f47ca5f
2026/09/09 00:51:40 🚫 Container terminated: 15fc4f47ca5f
=== RUN   TestWorkerBootstrapReceiptRejectsZeroScopesBeforeCommit/database/worker
2026/09/09 00:51:40 🐳 Creating container for image postgres:17-alpine
2026/09/09 00:51:41 ✅ Container created: 9f62a4bf2c2e
2026/09/09 00:51:41 🐳 Starting container: 9f62a4bf2c2e
2026/09/09 00:51:41 ✅ Container started: 9f62a4bf2c2e
2026/09/09 00:51:41 ⏳ Waiting for container id 9f62a4bf2c2e image: postgres:17-alpine. Waiting for: all of: [all of: [log message "database system is ready to accept connections" (occurrence: 2), port 5432/tcp to be mapped]]
2026/09/09 00:51:41 🔔 Container is ready: 9f62a4bf2c2e
2026/09/09 00:51:41 OK   00001_foundation.sql (57.62ms)
2026/09/09 00:51:41 OK   00002_worker_assignment.sql (15ms)
2026/09/09 00:51:41 OK   00003_worker_start.sql (2.58ms)
2026/09/09 00:51:41 OK   00004_worker_heartbeat.sql (15.12ms)
2026/09/09 00:51:41 OK   00005_execution_failure.sql (13.7ms)
2026/09/09 00:51:41 OK   00006_customer_cancellation.sql (27.68ms)
2026/09/09 00:51:41 OK   00007_artifact_finalization.sql (30.94ms)
2026/09/09 00:51:41 OK   00008_hierarchical_scheduler.sql (48.31ms)
2026/09/09 00:51:41 OK   00009_invoice_export.sql (12.75ms)
2026/09/09 00:51:42 OK   00010_profile_certification_circuit.sql (20.15ms)
2026/09/09 00:51:42 OK   00011_project_webhooks.sql (33.57ms)
2026/09/09 00:51:42 OK   00012_human_oidc_fixed_rbac.sql (24.33ms)
2026/09/09 00:51:42 OK   00013_service_principal_administration.sql (15.41ms)
2026/09/09 00:51:42 OK   00014_human_membership_administration.sql (26.94ms)
2026/09/09 00:51:42 OK   00015_organization_reporting.sql (17.52ms)
2026/09/09 00:51:42 OK   00016_project_retention_content_deletion.sql (50.83ms)
2026/09/09 00:51:42 OK   00017_platform_operator_break_glass.sql (33.34ms)
2026/09/09 00:51:42 OK   00018_finance_reconciliation.sql (15.41ms)
2026/09/09 00:51:42 OK   00019_certified_remediation.sql (21.39ms)
2026/09/09 00:51:42 OK   00020_remediation_execution_claim.sql (5.04ms)
2026/09/09 00:51:42 OK   00021_remediation_execution_dispatch.sql (2.12ms)
2026/09/09 00:51:42 OK   00022_remediation_execution_claim_replay.sql (2.14ms)
2026/09/09 00:51:42 OK   00023_fleet_controller_worker_readiness.sql (66.13ms)
2026/09/09 00:51:42 OK   00024_staging_artifact_expiry.sql (3.97ms)
2026/09/09 00:51:42 OK   00025_scheduler_inbox_receipt.sql (2.63ms)
2026/09/09 00:51:42 OK   00026_synchronous_quorum_guard.sql (1.83ms)
2026/09/09 00:51:42 OK   00027_authorized_debug_dump_lifecycle.sql (46.39ms)
2026/09/09 00:51:42 OK   00028_off_cluster_backup_retention.sql (11.08ms)
2026/09/09 00:51:42 OK   00029_artifact_backup_replication.sql (10.65ms)
2026/09/09 00:51:42 OK   00030_non_content_legal_hold.sql (21.5ms)
2026/09/09 00:51:42 OK   00031_non_content_record_expiry.sql (65.27ms)
2026/09/09 00:51:42 OK   00032_catalog_promotion_production_gates.sql (32.54ms)
2026/09/09 00:51:42 OK   00033_statistical_slo_measurement.sql (24.99ms)
2026/09/09 00:51:42 OK   00034_stage_execution_catalog.sql (56.46ms)
2026/09/09 00:51:42 OK   00035_worker_instance_residency.sql (63.7ms)
2026/09/09 00:51:42 OK   00036_stage_attempt_authority.sql (85.29ms)
2026/09/09 00:51:42 OK   00037_stage_scheduler.sql (44.39ms)
2026/09/09 00:51:42 OK   00038_stage_artifact.sql (45.24ms)
2026/09/09 00:51:42 OK   00039_stage_worker_control_authority.sql (3.19ms)
2026/09/09 00:51:42 OK   00040_stage_worker_execution.sql (20.3ms)
2026/09/09 00:51:42 OK   00041_stage_worker_operations.sql (13.09ms)
2026/09/09 00:51:42 OK   00042_stage_worker_assignment.sql (14.41ms)
2026/09/09 00:51:42 OK   00043_stage_graph_finalization.sql (6.33ms)
2026/09/09 00:51:42 OK   00044_stage_cache.sql (28.66ms)
2026/09/09 00:51:42 OK   00045_stage_graph_finalization_outputs.sql (4.77ms)
2026/09/09 00:51:42 OK   00046_stage_graph_visible_completion.sql (6.37ms)
2026/09/09 00:51:42 OK   00047_usage_cost_ledger.sql (16.47ms)
2026/09/09 00:51:43 OK   00048_stage_run_output_binding.sql (14.78ms)
2026/09/09 00:51:43 OK   00049_stage_cutover_control.sql (52.7ms)
2026/09/09 00:51:43 OK   00050_stage_graph_instantiation_dispatch.sql (16.98ms)
2026/09/09 00:51:43 OK   00051_atomic_stage_graph_admission.sql (8.53ms)
2026/09/09 00:51:43 OK   00052_stage_cutover_zero_backlog_seal.sql (18.89ms)
2026/09/09 00:51:43 OK   00053_legacy_h3_guarded_contraction.sql (14.04ms)
2026/09/09 00:51:43 OK   00054_stage_transfer_consume_destination.sql (3.19ms)
2026/09/09 00:51:43 OK   00055_h3_campaign_evidence_reader.sql (3.61ms)
2026/09/09 00:51:43 OK   00056_stage_observability_reader.sql (835.83µs)
2026/09/09 00:51:43 OK   00057_legacy_h3_release_contraction_gate.sql (9.32ms)
2026/09/09 00:51:43 OK   00058_legacy_h3_schema_contraction.sql (164.99ms)
2026/09/09 00:51:43 OK   00059_model_runtime_epoch_registration.sql (18.12ms)
2026/09/09 00:51:43 OK   00060_model_runtime_gang_barrier.sql (16.95ms)
2026/09/09 00:51:43 OK   00061_stage_worker_gang_authority.sql (5.67ms)
2026/09/09 00:51:43 OK   00062_stage_authority_member_identity.sql (2.56ms)
2026/09/09 00:51:43 OK   00063_h3_execution_snapshot.sql (3.45ms)
2026/09/09 00:51:43 OK   00064_model_runtime_capacity_routes.sql (10.92ms)
2026/09/09 00:51:43 OK   00065_h3_exact_cache_reconciliation.sql (10.11ms)
2026/09/09 00:51:43 OK   00066_stage_worker_control_session_capacity.sql (22.79ms)
2026/09/09 00:51:43 OK   00067_stage_scheduler_project_capacity.sql (2.44ms)
2026/09/09 00:51:43 OK   00068_stage_assignment_connector_states.sql (1.74ms)
2026/09/09 00:51:43 OK   00069_stage_transfer_server_clock.sql (4.58ms)
2026/09/09 00:51:43 OK   00070_stage_lease_expiry_recovery.sql (10.91ms)
2026/09/09 00:51:43 OK   00071_stage_artifact_lifecycle.sql (16.83ms)
2026/09/09 00:51:43 OK   00072_recovery_quiescence.sql (12.14ms)
2026/09/09 00:51:43 OK   00073_stage_cache_downstream_bindings.sql (5.31ms)
2026/09/09 00:51:43 OK   00074_job_owned_public_artifact_copies.sql (3.12ms)
2026/09/09 00:51:43 OK   00075_stage_graph_failure_terminalization.sql (19.07ms)
2026/09/09 00:51:43 OK   00076_allocation_usage_unit.sql (891.54µs)
2026/09/09 00:51:43 OK   00077_runtime_usage_receipts.sql (3.74ms)
2026/09/09 00:51:43 OK   00078_idle_stage_worker_probe.sql (4.86ms)
2026/09/09 00:51:43 OK   00079_stage_job_expiry.sql (6.19ms)
2026/09/09 00:51:43 OK   00080_stage_scheduler_snapshot_lock_order.sql (2.96ms)
2026/09/09 00:51:43 OK   00081_stage_assignment_quorum.sql (1.45ms)
2026/09/09 00:51:43 OK   00082_stage_success_storage_completion.sql (2.95ms)
2026/09/09 00:51:43 OK   00083_capacity_observation_lifecycle.sql (4.21ms)
2026/09/09 00:51:43 OK   00084_blocked_stage_worker_probe.sql (3.69ms)
2026/09/09 00:51:43 OK   00085_stage_materialization_terminal_replay.sql (2.39ms)
2026/09/09 00:51:43 OK   00086_stage_failure_terminal_replay.sql (5.38ms)
2026/09/09 00:51:43 OK   00087_stage_claim_finalization_lock_order.sql (2.05ms)
2026/09/09 00:51:43 OK   00088_stage_allocation_execution_sequence.sql (3.8ms)
2026/09/09 00:51:43 OK   00089_stage_terminal_history.sql (7.56ms)
2026/09/09 00:51:43 OK   00090_stage_assignment_content_lifecycle.sql (18.39ms)
2026/09/09 00:51:43 OK   00091_worker_journal_bootstrap.sql (17.69ms)
2026/09/09 00:51:43 OK   00092_worker_bootstrap_history.sql (2.08ms)
2026/09/09 00:51:43 OK   00093_worker_bootstrap_nonzero_scopes.sql (1.37ms)
2026/09/09 00:51:43 OK   00094_worker_bootstrap_abandonment.sql (10.65ms)
2026/09/09 00:51:43 OK   00095_runtime_startup_reservation.sql (11.16ms)
2026/09/09 00:51:43 goose: successfully migrated database to version: 95
2026/09/09 00:51:43 🐳 Stopping container: 9f62a4bf2c2e
2026/09/09 00:51:43 ✅ Container stopped: 9f62a4bf2c2e
2026/09/09 00:51:43 🐳 Terminating container: 9f62a4bf2c2e
2026/09/09 00:51:43 🚫 Container terminated: 9f62a4bf2c2e
=== RUN   TestWorkerBootstrapReceiptRejectsZeroScopesBeforeCommit/database/runtime
2026/09/09 00:51:43 🐳 Creating container for image postgres:17-alpine
2026/09/09 00:51:43 ✅ Container created: c31d9ac5ae53
2026/09/09 00:51:43 🐳 Starting container: c31d9ac5ae53
2026/09/09 00:51:44 ✅ Container started: c31d9ac5ae53
2026/09/09 00:51:44 ⏳ Waiting for container id c31d9ac5ae53 image: postgres:17-alpine. Waiting for: all of: [all of: [log message "database system is ready to accept connections" (occurrence: 2), port 5432/tcp to be mapped]]
2026/09/09 00:51:44 🔔 Container is ready: c31d9ac5ae53
2026/09/09 00:51:44 OK   00001_foundation.sql (54ms)
2026/09/09 00:51:44 OK   00002_worker_assignment.sql (14.56ms)
2026/09/09 00:51:44 OK   00003_worker_start.sql (2.46ms)
2026/09/09 00:51:44 OK   00004_worker_heartbeat.sql (14.79ms)
2026/09/09 00:51:44 OK   00005_execution_failure.sql (13.54ms)
2026/09/09 00:51:44 OK   00006_customer_cancellation.sql (27.61ms)
2026/09/09 00:51:44 OK   00007_artifact_finalization.sql (31.49ms)
2026/09/09 00:51:44 OK   00008_hierarchical_scheduler.sql (49.09ms)
2026/09/09 00:51:44 OK   00009_invoice_export.sql (13.17ms)
2026/09/09 00:51:44 OK   00010_profile_certification_circuit.sql (19.6ms)
2026/09/09 00:51:44 OK   00011_project_webhooks.sql (33ms)
2026/09/09 00:51:45 OK   00012_human_oidc_fixed_rbac.sql (25.76ms)
2026/09/09 00:51:45 OK   00013_service_principal_administration.sql (15.61ms)
2026/09/09 00:51:45 OK   00014_human_membership_administration.sql (27.78ms)
2026/09/09 00:51:45 OK   00015_organization_reporting.sql (17.62ms)
2026/09/09 00:51:45 OK   00016_project_retention_content_deletion.sql (52.73ms)
2026/09/09 00:51:45 OK   00017_platform_operator_break_glass.sql (33.68ms)
2026/09/09 00:51:45 OK   00018_finance_reconciliation.sql (16.38ms)
2026/09/09 00:51:45 OK   00019_certified_remediation.sql (21.25ms)
2026/09/09 00:51:45 OK   00020_remediation_execution_claim.sql (4.93ms)
2026/09/09 00:51:45 OK   00021_remediation_execution_dispatch.sql (2.12ms)
2026/09/09 00:51:45 OK   00022_remediation_execution_claim_replay.sql (2.11ms)
2026/09/09 00:51:45 OK   00023_fleet_controller_worker_readiness.sql (65.89ms)
2026/09/09 00:51:45 OK   00024_staging_artifact_expiry.sql (3.6ms)
2026/09/09 00:51:45 OK   00025_scheduler_inbox_receipt.sql (2.75ms)
2026/09/09 00:51:45 OK   00026_synchronous_quorum_guard.sql (1.6ms)
2026/09/09 00:51:45 OK   00027_authorized_debug_dump_lifecycle.sql (45.95ms)
2026/09/09 00:51:45 OK   00028_off_cluster_backup_retention.sql (11.49ms)
2026/09/09 00:51:45 OK   00029_artifact_backup_replication.sql (10.61ms)
2026/09/09 00:51:45 OK   00030_non_content_legal_hold.sql (21.56ms)
2026/09/09 00:51:45 OK   00031_non_content_record_expiry.sql (64.76ms)
2026/09/09 00:51:45 OK   00032_catalog_promotion_production_gates.sql (32.44ms)
2026/09/09 00:51:45 OK   00033_statistical_slo_measurement.sql (25.35ms)
2026/09/09 00:51:45 OK   00034_stage_execution_catalog.sql (56.41ms)
2026/09/09 00:51:45 OK   00035_worker_instance_residency.sql (64.24ms)
2026/09/09 00:51:45 OK   00036_stage_attempt_authority.sql (87.5ms)
2026/09/09 00:51:45 OK   00037_stage_scheduler.sql (47.83ms)
2026/09/09 00:51:45 OK   00038_stage_artifact.sql (45.12ms)
2026/09/09 00:51:45 OK   00039_stage_worker_control_authority.sql (3.25ms)
2026/09/09 00:51:45 OK   00040_stage_worker_execution.sql (20.07ms)
2026/09/09 00:51:45 OK   00041_stage_worker_operations.sql (13.8ms)
2026/09/09 00:51:45 OK   00042_stage_worker_assignment.sql (14.54ms)
2026/09/09 00:51:45 OK   00043_stage_graph_finalization.sql (6.83ms)
2026/09/09 00:51:45 OK   00044_stage_cache.sql (29.41ms)
2026/09/09 00:51:45 OK   00045_stage_graph_finalization_outputs.sql (4.84ms)
2026/09/09 00:51:45 OK   00046_stage_graph_visible_completion.sql (6.16ms)
2026/09/09 00:51:45 OK   00047_usage_cost_ledger.sql (16.77ms)
2026/09/09 00:51:45 OK   00048_stage_run_output_binding.sql (14.67ms)
2026/09/09 00:51:45 OK   00049_stage_cutover_control.sql (52.83ms)
2026/09/09 00:51:46 OK   00050_stage_graph_instantiation_dispatch.sql (17.15ms)
2026/09/09 00:51:46 OK   00051_atomic_stage_graph_admission.sql (8.69ms)
2026/09/09 00:51:46 OK   00052_stage_cutover_zero_backlog_seal.sql (18.89ms)
2026/09/09 00:51:46 OK   00053_legacy_h3_guarded_contraction.sql (13.99ms)
2026/09/09 00:51:46 OK   00054_stage_transfer_consume_destination.sql (3.16ms)
2026/09/09 00:51:46 OK   00055_h3_campaign_evidence_reader.sql (3.44ms)
2026/09/09 00:51:46 OK   00056_stage_observability_reader.sql (784.29µs)
2026/09/09 00:51:46 OK   00057_legacy_h3_release_contraction_gate.sql (9.39ms)
2026/09/09 00:51:46 OK   00058_legacy_h3_schema_contraction.sql (163.86ms)
2026/09/09 00:51:46 OK   00059_model_runtime_epoch_registration.sql (18.52ms)
2026/09/09 00:51:46 OK   00060_model_runtime_gang_barrier.sql (16.64ms)
2026/09/09 00:51:46 OK   00061_stage_worker_gang_authority.sql (5.56ms)
2026/09/09 00:51:46 OK   00062_stage_authority_member_identity.sql (2.53ms)
2026/09/09 00:51:46 OK   00063_h3_execution_snapshot.sql (2.97ms)
2026/09/09 00:51:46 OK   00064_model_runtime_capacity_routes.sql (11.34ms)
2026/09/09 00:51:46 OK   00065_h3_exact_cache_reconciliation.sql (10.76ms)
2026/09/09 00:51:46 OK   00066_stage_worker_control_session_capacity.sql (22.79ms)
2026/09/09 00:51:46 OK   00067_stage_scheduler_project_capacity.sql (1.88ms)
2026/09/09 00:51:46 OK   00068_stage_assignment_connector_states.sql (2.01ms)
2026/09/09 00:51:46 OK   00069_stage_transfer_server_clock.sql (4.42ms)
2026/09/09 00:51:46 OK   00070_stage_lease_expiry_recovery.sql (10.5ms)
2026/09/09 00:51:46 OK   00071_stage_artifact_lifecycle.sql (17.31ms)
2026/09/09 00:51:46 OK   00072_recovery_quiescence.sql (12.41ms)
2026/09/09 00:51:46 OK   00073_stage_cache_downstream_bindings.sql (5.54ms)
2026/09/09 00:51:46 OK   00074_job_owned_public_artifact_copies.sql (3.01ms)
2026/09/09 00:51:46 OK   00075_stage_graph_failure_terminalization.sql (18.83ms)
2026/09/09 00:51:46 OK   00076_allocation_usage_unit.sql (922.54µs)
2026/09/09 00:51:46 OK   00077_runtime_usage_receipts.sql (3.64ms)
2026/09/09 00:51:46 OK   00078_idle_stage_worker_probe.sql (4.56ms)
2026/09/09 00:51:46 OK   00079_stage_job_expiry.sql (5.83ms)
2026/09/09 00:51:46 OK   00080_stage_scheduler_snapshot_lock_order.sql (2.98ms)
2026/09/09 00:51:46 OK   00081_stage_assignment_quorum.sql (1.43ms)
2026/09/09 00:51:46 OK   00082_stage_success_storage_completion.sql (2.92ms)
2026/09/09 00:51:46 OK   00083_capacity_observation_lifecycle.sql (3.9ms)
2026/09/09 00:51:46 OK   00084_blocked_stage_worker_probe.sql (3.72ms)
2026/09/09 00:51:46 OK   00085_stage_materialization_terminal_replay.sql (2.36ms)
2026/09/09 00:51:46 OK   00086_stage_failure_terminal_replay.sql (5.47ms)
2026/09/09 00:51:46 OK   00087_stage_claim_finalization_lock_order.sql (2ms)
2026/09/09 00:51:46 OK   00088_stage_allocation_execution_sequence.sql (4.34ms)
2026/09/09 00:51:46 OK   00089_stage_terminal_history.sql (7.58ms)
2026/09/09 00:51:46 OK   00090_stage_assignment_content_lifecycle.sql (17.38ms)
2026/09/09 00:51:46 OK   00091_worker_journal_bootstrap.sql (18.31ms)
2026/09/09 00:51:46 OK   00092_worker_bootstrap_history.sql (2.38ms)
2026/09/09 00:51:46 OK   00093_worker_bootstrap_nonzero_scopes.sql (1.4ms)
2026/09/09 00:51:46 OK   00094_worker_bootstrap_abandonment.sql (10.52ms)
2026/09/09 00:51:46 OK   00095_runtime_startup_reservation.sql (11.7ms)
2026/09/09 00:51:46 goose: successfully migrated database to version: 95
2026/09/09 00:51:46 🐳 Stopping container: c31d9ac5ae53
2026/09/09 00:51:46 ✅ Container stopped: c31d9ac5ae53
2026/09/09 00:51:46 🐳 Terminating container: c31d9ac5ae53
2026/09/09 00:51:46 🚫 Container terminated: c31d9ac5ae53
--- PASS: TestWorkerBootstrapReceiptRejectsZeroScopesBeforeCommit (12.07s)
    --- PASS: TestWorkerBootstrapReceiptRejectsZeroScopesBeforeCommit/service/worker (3.17s)
    --- PASS: TestWorkerBootstrapReceiptRejectsZeroScopesBeforeCommit/service/runtime (3.01s)
    --- PASS: TestWorkerBootstrapReceiptRejectsZeroScopesBeforeCommit/database/worker (2.92s)
    --- PASS: TestWorkerBootstrapReceiptRejectsZeroScopesBeforeCommit/database/runtime (2.96s)
=== RUN   TestWorkerBootstrapScopeMigrationPreservesAndRejectsInvalidHistory
=== RUN   TestWorkerBootstrapScopeMigrationPreservesAndRejectsInvalidHistory/valid
2026/09/09 00:51:46 🐳 Creating container for image postgres:17-alpine
2026/09/09 00:51:46 ✅ Container created: 5471a078aefc
2026/09/09 00:51:46 🐳 Starting container: 5471a078aefc
2026/09/09 00:51:46 ✅ Container started: 5471a078aefc
2026/09/09 00:51:46 ⏳ Waiting for container id 5471a078aefc image: postgres:17-alpine. Waiting for: all of: [all of: [log message "database system is ready to accept connections" (occurrence: 2), port 5432/tcp to be mapped]]
2026/09/09 00:51:47 🔔 Container is ready: 5471a078aefc
2026/09/09 00:51:47 OK   00001_foundation.sql (57.44ms)
2026/09/09 00:51:47 OK   00002_worker_assignment.sql (14.83ms)
2026/09/09 00:51:47 OK   00003_worker_start.sql (2.95ms)
2026/09/09 00:51:47 OK   00004_worker_heartbeat.sql (15.1ms)
2026/09/09 00:51:47 OK   00005_execution_failure.sql (18.22ms)
2026/09/09 00:51:47 OK   00006_customer_cancellation.sql (29.76ms)
2026/09/09 00:51:47 OK   00007_artifact_finalization.sql (31.91ms)
2026/09/09 00:51:47 OK   00008_hierarchical_scheduler.sql (50.39ms)
2026/09/09 00:51:47 OK   00009_invoice_export.sql (13.45ms)
2026/09/09 00:51:47 OK   00010_profile_certification_circuit.sql (20.74ms)
2026/09/09 00:51:47 OK   00011_project_webhooks.sql (35.25ms)
2026/09/09 00:51:47 OK   00012_human_oidc_fixed_rbac.sql (25.88ms)
2026/09/09 00:51:48 OK   00013_service_principal_administration.sql (23.15ms)
2026/09/09 00:51:48 OK   00014_human_membership_administration.sql (28.71ms)
2026/09/09 00:51:48 OK   00015_organization_reporting.sql (18.48ms)
2026/09/09 00:51:48 OK   00016_project_retention_content_deletion.sql (53.72ms)
2026/09/09 00:51:48 OK   00017_platform_operator_break_glass.sql (42.1ms)
2026/09/09 00:51:48 OK   00018_finance_reconciliation.sql (16.57ms)
2026/09/09 00:51:48 OK   00019_certified_remediation.sql (22.48ms)
2026/09/09 00:51:48 OK   00020_remediation_execution_claim.sql (6.18ms)
2026/09/09 00:51:48 OK   00021_remediation_execution_dispatch.sql (2.36ms)
2026/09/09 00:51:48 OK   00022_remediation_execution_claim_replay.sql (2.32ms)
2026/09/09 00:51:48 OK   00023_fleet_controller_worker_readiness.sql (68.3ms)
2026/09/09 00:51:48 OK   00024_staging_artifact_expiry.sql (3.94ms)
2026/09/09 00:51:48 OK   00025_scheduler_inbox_receipt.sql (2.47ms)
2026/09/09 00:51:48 OK   00026_synchronous_quorum_guard.sql (1.94ms)
2026/09/09 00:51:48 OK   00027_authorized_debug_dump_lifecycle.sql (48.49ms)
2026/09/09 00:51:48 OK   00028_off_cluster_backup_retention.sql (11.78ms)
2026/09/09 00:51:48 OK   00029_artifact_backup_replication.sql (11.54ms)
2026/09/09 00:51:48 OK   00030_non_content_legal_hold.sql (23.11ms)
2026/09/09 00:51:48 OK   00031_non_content_record_expiry.sql (63.21ms)
2026/09/09 00:51:48 OK   00032_catalog_promotion_production_gates.sql (31.91ms)
2026/09/09 00:51:48 OK   00033_statistical_slo_measurement.sql (24.85ms)
2026/09/09 00:51:48 OK   00034_stage_execution_catalog.sql (57.87ms)
2026/09/09 00:51:48 OK   00035_worker_instance_residency.sql (67.71ms)
2026/09/09 00:51:48 OK   00036_stage_attempt_authority.sql (91.43ms)
2026/09/09 00:51:48 OK   00037_stage_scheduler.sql (47.09ms)
2026/09/09 00:51:48 OK   00038_stage_artifact.sql (45.99ms)
2026/09/09 00:51:48 OK   00039_stage_worker_control_authority.sql (3.44ms)
2026/09/09 00:51:48 OK   00040_stage_worker_execution.sql (20.61ms)
2026/09/09 00:51:48 OK   00041_stage_worker_operations.sql (13.27ms)
2026/09/09 00:51:48 OK   00042_stage_worker_assignment.sql (14.23ms)
2026/09/09 00:51:48 OK   00043_stage_graph_finalization.sql (6.39ms)
2026/09/09 00:51:48 OK   00044_stage_cache.sql (30.13ms)
2026/09/09 00:51:48 OK   00045_stage_graph_finalization_outputs.sql (4.95ms)
2026/09/09 00:51:48 OK   00046_stage_graph_visible_completion.sql (6.68ms)
2026/09/09 00:51:48 OK   00047_usage_cost_ledger.sql (17.19ms)
2026/09/09 00:51:48 OK   00048_stage_run_output_binding.sql (14.46ms)
2026/09/09 00:51:49 OK   00049_stage_cutover_control.sql (55.34ms)
2026/09/09 00:51:49 OK   00050_stage_graph_instantiation_dispatch.sql (17.22ms)
2026/09/09 00:51:49 OK   00051_atomic_stage_graph_admission.sql (8.97ms)
2026/09/09 00:51:49 OK   00052_stage_cutover_zero_backlog_seal.sql (19.29ms)
2026/09/09 00:51:49 OK   00053_legacy_h3_guarded_contraction.sql (14.54ms)
2026/09/09 00:51:49 OK   00054_stage_transfer_consume_destination.sql (3.26ms)
2026/09/09 00:51:49 OK   00055_h3_campaign_evidence_reader.sql (3.36ms)
2026/09/09 00:51:49 OK   00056_stage_observability_reader.sql (841.54µs)
2026/09/09 00:51:49 OK   00057_legacy_h3_release_contraction_gate.sql (8.6ms)
2026/09/09 00:51:49 OK   00058_legacy_h3_schema_contraction.sql (167.83ms)
2026/09/09 00:51:49 OK   00059_model_runtime_epoch_registration.sql (19.08ms)
2026/09/09 00:51:49 OK   00060_model_runtime_gang_barrier.sql (16.84ms)
2026/09/09 00:51:49 OK   00061_stage_worker_gang_authority.sql (5.58ms)
2026/09/09 00:51:49 OK   00062_stage_authority_member_identity.sql (2.52ms)
2026/09/09 00:51:49 OK   00063_h3_execution_snapshot.sql (3.11ms)
2026/09/09 00:51:49 OK   00064_model_runtime_capacity_routes.sql (11.52ms)
2026/09/09 00:51:49 OK   00065_h3_exact_cache_reconciliation.sql (10.49ms)
2026/09/09 00:51:49 OK   00066_stage_worker_control_session_capacity.sql (22.86ms)
2026/09/09 00:51:49 OK   00067_stage_scheduler_project_capacity.sql (1.91ms)
2026/09/09 00:51:49 OK   00068_stage_assignment_connector_states.sql (1.99ms)
2026/09/09 00:51:49 OK   00069_stage_transfer_server_clock.sql (5.06ms)
2026/09/09 00:51:49 OK   00070_stage_lease_expiry_recovery.sql (10.86ms)
2026/09/09 00:51:49 OK   00071_stage_artifact_lifecycle.sql (17.21ms)
2026/09/09 00:51:49 OK   00072_recovery_quiescence.sql (12.48ms)
2026/09/09 00:51:49 OK   00073_stage_cache_downstream_bindings.sql (5.76ms)
2026/09/09 00:51:49 OK   00074_job_owned_public_artifact_copies.sql (3.23ms)
2026/09/09 00:51:49 OK   00075_stage_graph_failure_terminalization.sql (19.53ms)
2026/09/09 00:51:49 OK   00076_allocation_usage_unit.sql (884.42µs)
2026/09/09 00:51:49 OK   00077_runtime_usage_receipts.sql (3.98ms)
2026/09/09 00:51:49 OK   00078_idle_stage_worker_probe.sql (4.9ms)
2026/09/09 00:51:49 OK   00079_stage_job_expiry.sql (5.9ms)
2026/09/09 00:51:49 OK   00080_stage_scheduler_snapshot_lock_order.sql (3.41ms)
2026/09/09 00:51:49 OK   00081_stage_assignment_quorum.sql (1.51ms)
2026/09/09 00:51:49 OK   00082_stage_success_storage_completion.sql (3.06ms)
2026/09/09 00:51:49 OK   00083_capacity_observation_lifecycle.sql (4.19ms)
2026/09/09 00:51:49 OK   00084_blocked_stage_worker_probe.sql (3.85ms)
2026/09/09 00:51:49 OK   00085_stage_materialization_terminal_replay.sql (2.51ms)
2026/09/09 00:51:49 OK   00086_stage_failure_terminal_replay.sql (5.59ms)
2026/09/09 00:51:49 OK   00087_stage_claim_finalization_lock_order.sql (2.31ms)
2026/09/09 00:51:49 OK   00088_stage_allocation_execution_sequence.sql (4.08ms)
2026/09/09 00:51:49 OK   00089_stage_terminal_history.sql (7.55ms)
2026/09/09 00:51:49 OK   00090_stage_assignment_content_lifecycle.sql (17.93ms)
2026/09/09 00:51:49 OK   00091_worker_journal_bootstrap.sql (17.96ms)
2026/09/09 00:51:49 OK   00092_worker_bootstrap_history.sql (2.32ms)
2026/09/09 00:51:49 OK   00093_worker_bootstrap_nonzero_scopes.sql (1.12ms)
2026/09/09 00:51:49 OK   00094_worker_bootstrap_abandonment.sql (10.99ms)
2026/09/09 00:51:49 OK   00095_runtime_startup_reservation.sql (11.84ms)
2026/09/09 00:51:49 goose: successfully migrated database to version: 95
2026/09/09 00:51:49 OK   00095_runtime_startup_reservation.sql (5.11ms)
2026/09/09 00:51:49 OK   00094_worker_bootstrap_abandonment.sql (4.43ms)
2026/09/09 00:51:49 OK   00093_worker_bootstrap_nonzero_scopes.sql (978.46µs)
2026/09/09 00:51:49 goose: no migrations to run. current version: 92
2026/09/09 00:51:49 OK   00093_worker_bootstrap_nonzero_scopes.sql (1.35ms)
2026/09/09 00:51:49 goose: successfully migrated database to version: 93
2026/09/09 00:51:49 🐳 Stopping container: 5471a078aefc
2026/09/09 00:51:49 ✅ Container stopped: 5471a078aefc
2026/09/09 00:51:49 🐳 Terminating container: 5471a078aefc
2026/09/09 00:51:49 🚫 Container terminated: 5471a078aefc
=== RUN   TestWorkerBootstrapScopeMigrationPreservesAndRejectsInvalidHistory/zero-scope
2026/09/09 00:51:49 🐳 Creating container for image postgres:17-alpine
2026/09/09 00:51:49 ✅ Container created: 6c793acba5c7
2026/09/09 00:51:49 🐳 Starting container: 6c793acba5c7
2026/09/09 00:51:50 ✅ Container started: 6c793acba5c7
2026/09/09 00:51:50 ⏳ Waiting for container id 6c793acba5c7 image: postgres:17-alpine. Waiting for: all of: [all of: [log message "database system is ready to accept connections" (occurrence: 2), port 5432/tcp to be mapped]]
2026/09/09 00:51:50 🔔 Container is ready: 6c793acba5c7
2026/09/09 00:51:50 OK   00001_foundation.sql (53.87ms)
2026/09/09 00:51:50 OK   00002_worker_assignment.sql (14.65ms)
2026/09/09 00:51:50 OK   00003_worker_start.sql (3.24ms)
2026/09/09 00:51:50 OK   00004_worker_heartbeat.sql (17.35ms)
2026/09/09 00:51:50 OK   00005_execution_failure.sql (14.51ms)
2026/09/09 00:51:50 OK   00006_customer_cancellation.sql (28.78ms)
2026/09/09 00:51:50 OK   00007_artifact_finalization.sql (32.4ms)
2026/09/09 00:51:50 OK   00008_hierarchical_scheduler.sql (49.59ms)
2026/09/09 00:51:50 OK   00009_invoice_export.sql (13.53ms)
2026/09/09 00:51:50 OK   00010_profile_certification_circuit.sql (20.35ms)
2026/09/09 00:51:50 OK   00011_project_webhooks.sql (34.42ms)
2026/09/09 00:51:51 OK   00012_human_oidc_fixed_rbac.sql (26.57ms)
2026/09/09 00:51:51 OK   00013_service_principal_administration.sql (15.71ms)
2026/09/09 00:51:51 OK   00014_human_membership_administration.sql (27.27ms)
2026/09/09 00:51:51 OK   00015_organization_reporting.sql (18.1ms)
2026/09/09 00:51:51 OK   00016_project_retention_content_deletion.sql (52.88ms)
2026/09/09 00:51:51 OK   00017_platform_operator_break_glass.sql (34.2ms)
2026/09/09 00:51:51 OK   00018_finance_reconciliation.sql (15.45ms)
2026/09/09 00:51:51 OK   00019_certified_remediation.sql (21.96ms)
2026/09/09 00:51:51 OK   00020_remediation_execution_claim.sql (5.17ms)
2026/09/09 00:51:51 OK   00021_remediation_execution_dispatch.sql (2.36ms)
2026/09/09 00:51:51 OK   00022_remediation_execution_claim_replay.sql (2.25ms)
2026/09/09 00:51:51 OK   00023_fleet_controller_worker_readiness.sql (65.61ms)
2026/09/09 00:51:51 OK   00024_staging_artifact_expiry.sql (3.93ms)
2026/09/09 00:51:51 OK   00025_scheduler_inbox_receipt.sql (2.69ms)
2026/09/09 00:51:51 OK   00026_synchronous_quorum_guard.sql (1.81ms)
2026/09/09 00:51:51 OK   00027_authorized_debug_dump_lifecycle.sql (47.72ms)
2026/09/09 00:51:51 OK   00028_off_cluster_backup_retention.sql (10.98ms)
2026/09/09 00:51:51 OK   00029_artifact_backup_replication.sql (10.37ms)
2026/09/09 00:51:51 OK   00030_non_content_legal_hold.sql (22.58ms)
2026/09/09 00:51:51 OK   00031_non_content_record_expiry.sql (65.67ms)
2026/09/09 00:51:51 OK   00032_catalog_promotion_production_gates.sql (33.07ms)
2026/09/09 00:51:51 OK   00033_statistical_slo_measurement.sql (27.33ms)
2026/09/09 00:51:51 OK   00034_stage_execution_catalog.sql (59.01ms)
2026/09/09 00:51:51 OK   00035_worker_instance_residency.sql (70.3ms)
2026/09/09 00:51:51 OK   00036_stage_attempt_authority.sql (92.49ms)
2026/09/09 00:51:51 OK   00037_stage_scheduler.sql (48.23ms)
2026/09/09 00:51:51 OK   00038_stage_artifact.sql (46.74ms)
2026/09/09 00:51:51 OK   00039_stage_worker_control_authority.sql (3.38ms)
2026/09/09 00:51:51 OK   00040_stage_worker_execution.sql (20.48ms)
2026/09/09 00:51:51 OK   00041_stage_worker_operations.sql (13.06ms)
2026/09/09 00:51:51 OK   00042_stage_worker_assignment.sql (14.82ms)
2026/09/09 00:51:51 OK   00043_stage_graph_finalization.sql (6.65ms)
2026/09/09 00:51:51 OK   00044_stage_cache.sql (30.54ms)
2026/09/09 00:51:51 OK   00045_stage_graph_finalization_outputs.sql (5.13ms)
2026/09/09 00:51:51 OK   00046_stage_graph_visible_completion.sql (6.09ms)
2026/09/09 00:51:51 OK   00047_usage_cost_ledger.sql (16.88ms)
2026/09/09 00:51:51 OK   00048_stage_run_output_binding.sql (14.18ms)
2026/09/09 00:51:52 OK   00049_stage_cutover_control.sql (54.89ms)
2026/09/09 00:51:52 OK   00050_stage_graph_instantiation_dispatch.sql (17.93ms)
2026/09/09 00:51:52 OK   00051_atomic_stage_graph_admission.sql (9.03ms)
2026/09/09 00:51:52 OK   00052_stage_cutover_zero_backlog_seal.sql (19.5ms)
2026/09/09 00:51:52 OK   00053_legacy_h3_guarded_contraction.sql (13.78ms)
2026/09/09 00:51:52 OK   00054_stage_transfer_consume_destination.sql (3.37ms)
2026/09/09 00:51:52 OK   00055_h3_campaign_evidence_reader.sql (3.69ms)
2026/09/09 00:51:52 OK   00056_stage_observability_reader.sql (975.54µs)
2026/09/09 00:51:52 OK   00057_legacy_h3_release_contraction_gate.sql (10ms)
2026/09/09 00:51:52 OK   00058_legacy_h3_schema_contraction.sql (164.9ms)
2026/09/09 00:51:52 OK   00059_model_runtime_epoch_registration.sql (18.95ms)
2026/09/09 00:51:52 OK   00060_model_runtime_gang_barrier.sql (17.03ms)
2026/09/09 00:51:52 OK   00061_stage_worker_gang_authority.sql (5.76ms)
2026/09/09 00:51:52 OK   00062_stage_authority_member_identity.sql (2.65ms)
2026/09/09 00:51:52 OK   00063_h3_execution_snapshot.sql (3.12ms)
2026/09/09 00:51:52 OK   00064_model_runtime_capacity_routes.sql (11.6ms)
2026/09/09 00:51:52 OK   00065_h3_exact_cache_reconciliation.sql (9.91ms)
2026/09/09 00:51:52 OK   00066_stage_worker_control_session_capacity.sql (22.66ms)
2026/09/09 00:51:52 OK   00067_stage_scheduler_project_capacity.sql (2.35ms)
2026/09/09 00:51:52 OK   00068_stage_assignment_connector_states.sql (1.76ms)
2026/09/09 00:51:52 OK   00069_stage_transfer_server_clock.sql (4.96ms)
2026/09/09 00:51:52 OK   00070_stage_lease_expiry_recovery.sql (10.75ms)
2026/09/09 00:51:52 OK   00071_stage_artifact_lifecycle.sql (17.31ms)
2026/09/09 00:51:52 OK   00072_recovery_quiescence.sql (12.35ms)
2026/09/09 00:51:52 OK   00073_stage_cache_downstream_bindings.sql (5.84ms)
2026/09/09 00:51:52 OK   00074_job_owned_public_artifact_copies.sql (3.15ms)
2026/09/09 00:51:52 OK   00075_stage_graph_failure_terminalization.sql (19.19ms)
2026/09/09 00:51:52 OK   00076_allocation_usage_unit.sql (866.58µs)
2026/09/09 00:51:52 OK   00077_runtime_usage_receipts.sql (4.03ms)
2026/09/09 00:51:52 OK   00078_idle_stage_worker_probe.sql (5.01ms)
2026/09/09 00:51:52 OK   00079_stage_job_expiry.sql (5.99ms)
2026/09/09 00:51:52 OK   00080_stage_scheduler_snapshot_lock_order.sql (3.03ms)
2026/09/09 00:51:52 OK   00081_stage_assignment_quorum.sql (1.78ms)
2026/09/09 00:51:52 OK   00082_stage_success_storage_completion.sql (2.99ms)
2026/09/09 00:51:52 OK   00083_capacity_observation_lifecycle.sql (4.15ms)
2026/09/09 00:51:52 OK   00084_blocked_stage_worker_probe.sql (3.96ms)
2026/09/09 00:51:52 OK   00085_stage_materialization_terminal_replay.sql (2.81ms)
2026/09/09 00:51:52 OK   00086_stage_failure_terminal_replay.sql (5.75ms)
2026/09/09 00:51:52 OK   00087_stage_claim_finalization_lock_order.sql (2.18ms)
2026/09/09 00:51:52 OK   00088_stage_allocation_execution_sequence.sql (4.47ms)
2026/09/09 00:51:52 OK   00089_stage_terminal_history.sql (7.83ms)
2026/09/09 00:51:52 OK   00090_stage_assignment_content_lifecycle.sql (16.88ms)
2026/09/09 00:51:52 OK   00091_worker_journal_bootstrap.sql (17.78ms)
2026/09/09 00:51:52 OK   00092_worker_bootstrap_history.sql (2.26ms)
2026/09/09 00:51:52 OK   00093_worker_bootstrap_nonzero_scopes.sql (1.38ms)
2026/09/09 00:51:52 OK   00094_worker_bootstrap_abandonment.sql (11.15ms)
2026/09/09 00:51:52 OK   00095_runtime_startup_reservation.sql (11.33ms)
2026/09/09 00:51:52 goose: successfully migrated database to version: 95
2026/09/09 00:51:52 OK   00095_runtime_startup_reservation.sql (5.02ms)
2026/09/09 00:51:52 OK   00094_worker_bootstrap_abandonment.sql (4.2ms)
2026/09/09 00:51:52 OK   00093_worker_bootstrap_nonzero_scopes.sql (976.38µs)
2026/09/09 00:51:52 goose: no migrations to run. current version: 92
2026/09/09 00:51:52 🐳 Stopping container: 6c793acba5c7
2026/09/09 00:51:52 ✅ Container stopped: 6c793acba5c7
2026/09/09 00:51:52 🐳 Terminating container: 6c793acba5c7
2026/09/09 00:51:52 🚫 Container terminated: 6c793acba5c7
--- PASS: TestWorkerBootstrapScopeMigrationPreservesAndRejectsInvalidHistory (6.06s)
    --- PASS: TestWorkerBootstrapScopeMigrationPreservesAndRejectsInvalidHistory/valid (3.03s)
    --- PASS: TestWorkerBootstrapScopeMigrationPreservesAndRejectsInvalidHistory/zero-scope (3.03s)
=== RUN   TestLocalWorkerBootstrapPersistsActualJournalsWithRegistryAuthority
=== RUN   TestLocalWorkerBootstrapPersistsActualJournalsWithRegistryAuthority/receipt
2026/09/09 00:51:52 🐳 Creating container for image postgres:17-alpine
2026/09/09 00:51:52 ✅ Container created: b6754b90b377
2026/09/09 00:51:52 🐳 Starting container: b6754b90b377
2026/09/09 00:51:53 ✅ Container started: b6754b90b377
2026/09/09 00:51:53 ⏳ Waiting for container id b6754b90b377 image: postgres:17-alpine. Waiting for: all of: [all of: [log message "database system is ready to accept connections" (occurrence: 2), port 5432/tcp to be mapped]]
2026/09/09 00:51:53 🔔 Container is ready: b6754b90b377
2026/09/09 00:51:53 OK   00001_foundation.sql (56.91ms)
2026/09/09 00:51:53 OK   00002_worker_assignment.sql (14.7ms)
2026/09/09 00:51:53 OK   00003_worker_start.sql (2.67ms)
2026/09/09 00:51:53 OK   00004_worker_heartbeat.sql (15.99ms)
2026/09/09 00:51:53 OK   00005_execution_failure.sql (14.67ms)
2026/09/09 00:51:53 OK   00006_customer_cancellation.sql (29.41ms)
2026/09/09 00:51:53 OK   00007_artifact_finalization.sql (32.5ms)
2026/09/09 00:51:53 OK   00008_hierarchical_scheduler.sql (50.53ms)
2026/09/09 00:51:53 OK   00009_invoice_export.sql (13.62ms)
2026/09/09 00:51:53 OK   00010_profile_certification_circuit.sql (21.22ms)
2026/09/09 00:51:54 OK   00011_project_webhooks.sql (34.51ms)
2026/09/09 00:51:54 OK   00012_human_oidc_fixed_rbac.sql (26.76ms)
2026/09/09 00:51:54 OK   00013_service_principal_administration.sql (15.89ms)
2026/09/09 00:51:54 OK   00014_human_membership_administration.sql (28.22ms)
2026/09/09 00:51:54 OK   00015_organization_reporting.sql (18.62ms)
2026/09/09 00:51:54 OK   00016_project_retention_content_deletion.sql (50.97ms)
2026/09/09 00:51:54 OK   00017_platform_operator_break_glass.sql (32.25ms)
2026/09/09 00:51:54 OK   00018_finance_reconciliation.sql (15.73ms)
2026/09/09 00:51:54 OK   00019_certified_remediation.sql (22.45ms)
2026/09/09 00:51:54 OK   00020_remediation_execution_claim.sql (5.28ms)
2026/09/09 00:51:54 OK   00021_remediation_execution_dispatch.sql (2.46ms)
2026/09/09 00:51:54 OK   00022_remediation_execution_claim_replay.sql (2.07ms)
2026/09/09 00:51:54 OK   00023_fleet_controller_worker_readiness.sql (65.47ms)
2026/09/09 00:51:54 OK   00024_staging_artifact_expiry.sql (3.67ms)
2026/09/09 00:51:54 OK   00025_scheduler_inbox_receipt.sql (2.32ms)
2026/09/09 00:51:54 OK   00026_synchronous_quorum_guard.sql (1.64ms)
2026/09/09 00:51:54 OK   00027_authorized_debug_dump_lifecycle.sql (46.76ms)
2026/09/09 00:51:54 OK   00028_off_cluster_backup_retention.sql (11.38ms)
2026/09/09 00:51:54 OK   00029_artifact_backup_replication.sql (10.76ms)
2026/09/09 00:51:54 OK   00030_non_content_legal_hold.sql (22.55ms)
2026/09/09 00:51:54 OK   00031_non_content_record_expiry.sql (62.66ms)
2026/09/09 00:51:54 OK   00032_catalog_promotion_production_gates.sql (34.24ms)
2026/09/09 00:51:54 OK   00033_statistical_slo_measurement.sql (25.87ms)
2026/09/09 00:51:54 OK   00034_stage_execution_catalog.sql (58.16ms)
2026/09/09 00:51:54 OK   00035_worker_instance_residency.sql (66.33ms)
2026/09/09 00:51:54 OK   00036_stage_attempt_authority.sql (87.87ms)
2026/09/09 00:51:54 OK   00037_stage_scheduler.sql (45.45ms)
2026/09/09 00:51:54 OK   00038_stage_artifact.sql (44.47ms)
2026/09/09 00:51:54 OK   00039_stage_worker_control_authority.sql (3.15ms)
2026/09/09 00:51:54 OK   00040_stage_worker_execution.sql (19.75ms)
2026/09/09 00:51:54 OK   00041_stage_worker_operations.sql (12.83ms)
2026/09/09 00:51:54 OK   00042_stage_worker_assignment.sql (14.66ms)
2026/09/09 00:51:54 OK   00043_stage_graph_finalization.sql (6.37ms)
2026/09/09 00:51:54 OK   00044_stage_cache.sql (28.62ms)
2026/09/09 00:51:54 OK   00045_stage_graph_finalization_outputs.sql (5.04ms)
2026/09/09 00:51:54 OK   00046_stage_graph_visible_completion.sql (6.12ms)
2026/09/09 00:51:54 OK   00047_usage_cost_ledger.sql (15.7ms)
2026/09/09 00:51:54 OK   00048_stage_run_output_binding.sql (13.8ms)
2026/09/09 00:51:55 OK   00049_stage_cutover_control.sql (51.98ms)
2026/09/09 00:51:55 OK   00050_stage_graph_instantiation_dispatch.sql (18.81ms)
2026/09/09 00:51:55 OK   00051_atomic_stage_graph_admission.sql (9.26ms)
2026/09/09 00:51:55 OK   00052_stage_cutover_zero_backlog_seal.sql (21.6ms)
2026/09/09 00:51:55 OK   00053_legacy_h3_guarded_contraction.sql (15.54ms)
2026/09/09 00:51:55 OK   00054_stage_transfer_consume_destination.sql (3.52ms)
2026/09/09 00:51:55 OK   00055_h3_campaign_evidence_reader.sql (3.59ms)
2026/09/09 00:51:55 OK   00056_stage_observability_reader.sql (804.04µs)
2026/09/09 00:51:55 OK   00057_legacy_h3_release_contraction_gate.sql (9.93ms)
2026/09/09 00:51:55 OK   00058_legacy_h3_schema_contraction.sql (164.94ms)
2026/09/09 00:51:55 OK   00059_model_runtime_epoch_registration.sql (18.6ms)
2026/09/09 00:51:55 OK   00060_model_runtime_gang_barrier.sql (16.77ms)
2026/09/09 00:51:55 OK   00061_stage_worker_gang_authority.sql (5.55ms)
2026/09/09 00:51:55 OK   00062_stage_authority_member_identity.sql (2.48ms)
2026/09/09 00:51:55 OK   00063_h3_execution_snapshot.sql (3.14ms)
2026/09/09 00:51:55 OK   00064_model_runtime_capacity_routes.sql (11.29ms)
2026/09/09 00:51:55 OK   00065_h3_exact_cache_reconciliation.sql (10ms)
2026/09/09 00:51:55 OK   00066_stage_worker_control_session_capacity.sql (23.08ms)
2026/09/09 00:51:55 OK   00067_stage_scheduler_project_capacity.sql (1.87ms)
2026/09/09 00:51:55 OK   00068_stage_assignment_connector_states.sql (1.66ms)
2026/09/09 00:51:55 OK   00069_stage_transfer_server_clock.sql (4.53ms)
2026/09/09 00:51:55 OK   00070_stage_lease_expiry_recovery.sql (10.67ms)
2026/09/09 00:51:55 OK   00071_stage_artifact_lifecycle.sql (17.08ms)
2026/09/09 00:51:55 OK   00072_recovery_quiescence.sql (12.07ms)
2026/09/09 00:51:55 OK   00073_stage_cache_downstream_bindings.sql (5.82ms)
2026/09/09 00:51:55 OK   00074_job_owned_public_artifact_copies.sql (3.12ms)
2026/09/09 00:51:55 OK   00075_stage_graph_failure_terminalization.sql (19ms)
2026/09/09 00:51:55 OK   00076_allocation_usage_unit.sql (777.67µs)
2026/09/09 00:51:55 OK   00077_runtime_usage_receipts.sql (3.77ms)
2026/09/09 00:51:55 OK   00078_idle_stage_worker_probe.sql (4.93ms)
2026/09/09 00:51:55 OK   00079_stage_job_expiry.sql (5.7ms)
2026/09/09 00:51:55 OK   00080_stage_scheduler_snapshot_lock_order.sql (2.87ms)
2026/09/09 00:51:55 OK   00081_stage_assignment_quorum.sql (1.76ms)
2026/09/09 00:51:55 OK   00082_stage_success_storage_completion.sql (2.95ms)
2026/09/09 00:51:55 OK   00083_capacity_observation_lifecycle.sql (3.91ms)
2026/09/09 00:51:55 OK   00084_blocked_stage_worker_probe.sql (3.78ms)
2026/09/09 00:51:55 OK   00085_stage_materialization_terminal_replay.sql (2.39ms)
2026/09/09 00:51:55 OK   00086_stage_failure_terminal_replay.sql (5.6ms)
2026/09/09 00:51:55 OK   00087_stage_claim_finalization_lock_order.sql (2.29ms)
2026/09/09 00:51:55 OK   00088_stage_allocation_execution_sequence.sql (4.25ms)
2026/09/09 00:51:55 OK   00089_stage_terminal_history.sql (7.42ms)
2026/09/09 00:51:55 OK   00090_stage_assignment_content_lifecycle.sql (17.33ms)
2026/09/09 00:51:55 OK   00091_worker_journal_bootstrap.sql (17.19ms)
2026/09/09 00:51:55 OK   00092_worker_bootstrap_history.sql (2.26ms)
2026/09/09 00:51:55 OK   00093_worker_bootstrap_nonzero_scopes.sql (1.02ms)
2026/09/09 00:51:55 OK   00094_worker_bootstrap_abandonment.sql (10.51ms)
2026/09/09 00:51:55 OK   00095_runtime_startup_reservation.sql (11.06ms)
2026/09/09 00:51:55 goose: successfully migrated database to version: 95
2026/09/09 00:51:55 🐳 Stopping container: b6754b90b377
2026/09/09 00:51:56 ✅ Container stopped: b6754b90b377
2026/09/09 00:51:56 🐳 Terminating container: b6754b90b377
2026/09/09 00:51:56 🚫 Container terminated: b6754b90b377
=== RUN   TestLocalWorkerBootstrapPersistsActualJournalsWithRegistryAuthority/claim
2026/09/09 00:51:56 🐳 Creating container for image postgres:17-alpine
2026/09/09 00:51:56 ✅ Container created: 8a149040f956
2026/09/09 00:51:56 🐳 Starting container: 8a149040f956
2026/09/09 00:51:56 ✅ Container started: 8a149040f956
2026/09/09 00:51:56 ⏳ Waiting for container id 8a149040f956 image: postgres:17-alpine. Waiting for: all of: [all of: [log message "database system is ready to accept connections" (occurrence: 2), port 5432/tcp to be mapped]]
2026/09/09 00:51:56 🔔 Container is ready: 8a149040f956
2026/09/09 00:51:57 OK   00001_foundation.sql (56.76ms)
2026/09/09 00:51:57 OK   00002_worker_assignment.sql (14.13ms)
2026/09/09 00:51:57 OK   00003_worker_start.sql (2.55ms)
2026/09/09 00:51:57 OK   00004_worker_heartbeat.sql (15.45ms)
2026/09/09 00:51:57 OK   00005_execution_failure.sql (13.88ms)
2026/09/09 00:51:57 OK   00006_customer_cancellation.sql (27.18ms)
2026/09/09 00:51:57 OK   00007_artifact_finalization.sql (30.75ms)
2026/09/09 00:51:57 OK   00008_hierarchical_scheduler.sql (47.97ms)
2026/09/09 00:51:57 OK   00009_invoice_export.sql (12.91ms)
2026/09/09 00:51:57 OK   00010_profile_certification_circuit.sql (18.66ms)
2026/09/09 00:51:57 OK   00011_project_webhooks.sql (34.56ms)
2026/09/09 00:51:57 OK   00012_human_oidc_fixed_rbac.sql (25.23ms)
2026/09/09 00:51:57 OK   00013_service_principal_administration.sql (15.47ms)
2026/09/09 00:51:57 OK   00014_human_membership_administration.sql (26.57ms)
2026/09/09 00:51:57 OK   00015_organization_reporting.sql (17.57ms)
2026/09/09 00:51:57 OK   00016_project_retention_content_deletion.sql (50.17ms)
2026/09/09 00:51:57 OK   00017_platform_operator_break_glass.sql (33.7ms)
2026/09/09 00:51:57 OK   00018_finance_reconciliation.sql (15.67ms)
2026/09/09 00:51:57 OK   00019_certified_remediation.sql (21.38ms)
2026/09/09 00:51:57 OK   00020_remediation_execution_claim.sql (5.15ms)
2026/09/09 00:51:57 OK   00021_remediation_execution_dispatch.sql (2.62ms)
2026/09/09 00:51:57 OK   00022_remediation_execution_claim_replay.sql (2.2ms)
2026/09/09 00:51:57 OK   00023_fleet_controller_worker_readiness.sql (64.1ms)
2026/09/09 00:51:57 OK   00024_staging_artifact_expiry.sql (3.82ms)
2026/09/09 00:51:57 OK   00025_scheduler_inbox_receipt.sql (2.4ms)
2026/09/09 00:51:57 OK   00026_synchronous_quorum_guard.sql (1.76ms)
2026/09/09 00:51:57 OK   00027_authorized_debug_dump_lifecycle.sql (46.29ms)
2026/09/09 00:51:57 OK   00028_off_cluster_backup_retention.sql (11.23ms)
2026/09/09 00:51:57 OK   00029_artifact_backup_replication.sql (11.04ms)
2026/09/09 00:51:57 OK   00030_non_content_legal_hold.sql (21.26ms)
2026/09/09 00:51:57 OK   00031_non_content_record_expiry.sql (62.37ms)
2026/09/09 00:51:57 OK   00032_catalog_promotion_production_gates.sql (32.2ms)
2026/09/09 00:51:57 OK   00033_statistical_slo_measurement.sql (24.7ms)
2026/09/09 00:51:57 OK   00034_stage_execution_catalog.sql (55.32ms)
2026/09/09 00:51:57 OK   00035_worker_instance_residency.sql (65.18ms)
2026/09/09 00:51:57 OK   00036_stage_attempt_authority.sql (92.83ms)
2026/09/09 00:51:58 OK   00037_stage_scheduler.sql (44.96ms)
2026/09/09 00:51:58 OK   00038_stage_artifact.sql (44.65ms)
2026/09/09 00:51:58 OK   00039_stage_worker_control_authority.sql (3.27ms)
2026/09/09 00:51:58 OK   00040_stage_worker_execution.sql (20.47ms)
2026/09/09 00:51:58 OK   00041_stage_worker_operations.sql (13.03ms)
2026/09/09 00:51:58 OK   00042_stage_worker_assignment.sql (13.83ms)
2026/09/09 00:51:58 OK   00043_stage_graph_finalization.sql (6.37ms)
2026/09/09 00:51:58 OK   00044_stage_cache.sql (28.89ms)
2026/09/09 00:51:58 OK   00045_stage_graph_finalization_outputs.sql (4.91ms)
2026/09/09 00:51:58 OK   00046_stage_graph_visible_completion.sql (6.11ms)
2026/09/09 00:51:58 OK   00047_usage_cost_ledger.sql (16.39ms)
2026/09/09 00:51:58 OK   00048_stage_run_output_binding.sql (13.61ms)
2026/09/09 00:51:58 OK   00049_stage_cutover_control.sql (55.24ms)
2026/09/09 00:51:58 OK   00050_stage_graph_instantiation_dispatch.sql (17.7ms)
2026/09/09 00:51:58 OK   00051_atomic_stage_graph_admission.sql (8.38ms)
2026/09/09 00:51:58 OK   00052_stage_cutover_zero_backlog_seal.sql (19.12ms)
2026/09/09 00:51:58 OK   00053_legacy_h3_guarded_contraction.sql (14.22ms)
2026/09/09 00:51:58 OK   00054_stage_transfer_consume_destination.sql (3.2ms)
2026/09/09 00:51:58 OK   00055_h3_campaign_evidence_reader.sql (3.49ms)
2026/09/09 00:51:58 OK   00056_stage_observability_reader.sql (860.54µs)
2026/09/09 00:51:58 OK   00057_legacy_h3_release_contraction_gate.sql (9.27ms)
2026/09/09 00:51:58 OK   00058_legacy_h3_schema_contraction.sql (163.14ms)
2026/09/09 00:51:58 OK   00059_model_runtime_epoch_registration.sql (17.59ms)
2026/09/09 00:51:58 OK   00060_model_runtime_gang_barrier.sql (16.64ms)
2026/09/09 00:51:58 OK   00061_stage_worker_gang_authority.sql (5.57ms)
2026/09/09 00:51:58 OK   00062_stage_authority_member_identity.sql (2.53ms)
2026/09/09 00:51:58 OK   00063_h3_execution_snapshot.sql (3.09ms)
2026/09/09 00:51:58 OK   00064_model_runtime_capacity_routes.sql (11.22ms)
2026/09/09 00:51:58 OK   00065_h3_exact_cache_reconciliation.sql (10.1ms)
2026/09/09 00:51:58 OK   00066_stage_worker_control_session_capacity.sql (22.45ms)
2026/09/09 00:51:58 OK   00067_stage_scheduler_project_capacity.sql (1.96ms)
2026/09/09 00:51:58 OK   00068_stage_assignment_connector_states.sql (2.2ms)
2026/09/09 00:51:58 OK   00069_stage_transfer_server_clock.sql (4.67ms)
2026/09/09 00:51:58 OK   00070_stage_lease_expiry_recovery.sql (10.85ms)
2026/09/09 00:51:58 OK   00071_stage_artifact_lifecycle.sql (17.3ms)
2026/09/09 00:51:58 OK   00072_recovery_quiescence.sql (12.05ms)
2026/09/09 00:51:58 OK   00073_stage_cache_downstream_bindings.sql (5.53ms)
2026/09/09 00:51:58 OK   00074_job_owned_public_artifact_copies.sql (3.04ms)
2026/09/09 00:51:58 OK   00075_stage_graph_failure_terminalization.sql (18.98ms)
2026/09/09 00:51:58 OK   00076_allocation_usage_unit.sql (849.33µs)
2026/09/09 00:51:58 OK   00077_runtime_usage_receipts.sql (3.73ms)
2026/09/09 00:51:58 OK   00078_idle_stage_worker_probe.sql (4.82ms)
2026/09/09 00:51:58 OK   00079_stage_job_expiry.sql (5.86ms)
2026/09/09 00:51:58 OK   00080_stage_scheduler_snapshot_lock_order.sql (2.85ms)
2026/09/09 00:51:58 OK   00081_stage_assignment_quorum.sql (1.87ms)
2026/09/09 00:51:58 OK   00082_stage_success_storage_completion.sql (3.02ms)
2026/09/09 00:51:58 OK   00083_capacity_observation_lifecycle.sql (3.99ms)
2026/09/09 00:51:58 OK   00084_blocked_stage_worker_probe.sql (3.78ms)
2026/09/09 00:51:58 OK   00085_stage_materialization_terminal_replay.sql (2.42ms)
2026/09/09 00:51:58 OK   00086_stage_failure_terminal_replay.sql (5.57ms)
2026/09/09 00:51:58 OK   00087_stage_claim_finalization_lock_order.sql (2.09ms)
2026/09/09 00:51:58 OK   00088_stage_allocation_execution_sequence.sql (4.29ms)
2026/09/09 00:51:58 OK   00089_stage_terminal_history.sql (7.39ms)
2026/09/09 00:51:58 OK   00090_stage_assignment_content_lifecycle.sql (17.19ms)
2026/09/09 00:51:58 OK   00091_worker_journal_bootstrap.sql (17.4ms)
2026/09/09 00:51:58 OK   00092_worker_bootstrap_history.sql (2.23ms)
2026/09/09 00:51:58 OK   00093_worker_bootstrap_nonzero_scopes.sql (1.01ms)
2026/09/09 00:51:58 OK   00094_worker_bootstrap_abandonment.sql (11.16ms)
2026/09/09 00:51:58 OK   00095_runtime_startup_reservation.sql (11.28ms)
2026/09/09 00:51:58 goose: successfully migrated database to version: 95
2026/09/09 00:51:58 🐳 Stopping container: 8a149040f956
2026/09/09 00:51:59 ✅ Container stopped: 8a149040f956
2026/09/09 00:51:59 🐳 Terminating container: 8a149040f956
2026/09/09 00:51:59 🚫 Container terminated: 8a149040f956
--- PASS: TestLocalWorkerBootstrapPersistsActualJournalsWithRegistryAuthority (6.22s)
    --- PASS: TestLocalWorkerBootstrapPersistsActualJournalsWithRegistryAuthority/receipt (3.24s)
    --- PASS: TestLocalWorkerBootstrapPersistsActualJournalsWithRegistryAuthority/claim (2.98s)
=== RUN   TestWorkerBootstrapConsumesFirstUseOnceAndPreservesReceipt
2026/09/09 00:51:59 🐳 Creating container for image postgres:17-alpine
2026/09/09 00:51:59 ✅ Container created: 0ab2e2940699
2026/09/09 00:51:59 🐳 Starting container: 0ab2e2940699
2026/09/09 00:51:59 ✅ Container started: 0ab2e2940699
2026/09/09 00:51:59 ⏳ Waiting for container id 0ab2e2940699 image: postgres:17-alpine. Waiting for: all of: [all of: [log message "database system is ready to accept connections" (occurrence: 2), port 5432/tcp to be mapped]]
2026/09/09 00:51:59 🔔 Container is ready: 0ab2e2940699
2026/09/09 00:51:59 OK   00001_foundation.sql (54.31ms)
2026/09/09 00:52:00 OK   00002_worker_assignment.sql (14.65ms)
2026/09/09 00:52:00 OK   00003_worker_start.sql (2.73ms)
2026/09/09 00:52:00 OK   00004_worker_heartbeat.sql (15.67ms)
2026/09/09 00:52:00 OK   00005_execution_failure.sql (13.34ms)
2026/09/09 00:52:00 OK   00006_customer_cancellation.sql (28.08ms)
2026/09/09 00:52:00 OK   00007_artifact_finalization.sql (32.69ms)
2026/09/09 00:52:00 OK   00008_hierarchical_scheduler.sql (49.84ms)
2026/09/09 00:52:00 OK   00009_invoice_export.sql (13.66ms)
2026/09/09 00:52:00 OK   00010_profile_certification_circuit.sql (20.71ms)
2026/09/09 00:52:00 OK   00011_project_webhooks.sql (36.47ms)
2026/09/09 00:52:00 OK   00012_human_oidc_fixed_rbac.sql (26.93ms)
2026/09/09 00:52:00 OK   00013_service_principal_administration.sql (15.94ms)
2026/09/09 00:52:00 OK   00014_human_membership_administration.sql (27.82ms)
2026/09/09 00:52:00 OK   00015_organization_reporting.sql (19.01ms)
2026/09/09 00:52:00 OK   00016_project_retention_content_deletion.sql (51.61ms)
2026/09/09 00:52:00 OK   00017_platform_operator_break_glass.sql (34.86ms)
2026/09/09 00:52:00 OK   00018_finance_reconciliation.sql (16.73ms)
2026/09/09 00:52:00 OK   00019_certified_remediation.sql (21.91ms)
2026/09/09 00:52:00 OK   00020_remediation_execution_claim.sql (5.11ms)
2026/09/09 00:52:00 OK   00021_remediation_execution_dispatch.sql (2.19ms)
2026/09/09 00:52:00 OK   00022_remediation_execution_claim_replay.sql (2.51ms)
2026/09/09 00:52:00 OK   00023_fleet_controller_worker_readiness.sql (66.76ms)
2026/09/09 00:52:00 OK   00024_staging_artifact_expiry.sql (3.78ms)
2026/09/09 00:52:00 OK   00025_scheduler_inbox_receipt.sql (2.32ms)
2026/09/09 00:52:00 OK   00026_synchronous_quorum_guard.sql (1.67ms)
2026/09/09 00:52:00 OK   00027_authorized_debug_dump_lifecycle.sql (46.65ms)
2026/09/09 00:52:00 OK   00028_off_cluster_backup_retention.sql (11.19ms)
2026/09/09 00:52:00 OK   00029_artifact_backup_replication.sql (10.47ms)
2026/09/09 00:52:00 OK   00030_non_content_legal_hold.sql (21.9ms)
2026/09/09 00:52:00 OK   00031_non_content_record_expiry.sql (62.01ms)
2026/09/09 00:52:00 OK   00032_catalog_promotion_production_gates.sql (31.83ms)
2026/09/09 00:52:00 OK   00033_statistical_slo_measurement.sql (24.59ms)
2026/09/09 00:52:00 OK   00034_stage_execution_catalog.sql (57.91ms)
2026/09/09 00:52:00 OK   00035_worker_instance_residency.sql (64.79ms)
2026/09/09 00:52:00 OK   00036_stage_attempt_authority.sql (88.94ms)
2026/09/09 00:52:01 OK   00037_stage_scheduler.sql (46.04ms)
2026/09/09 00:52:01 OK   00038_stage_artifact.sql (44.97ms)
2026/09/09 00:52:01 OK   00039_stage_worker_control_authority.sql (3.63ms)
2026/09/09 00:52:01 OK   00040_stage_worker_execution.sql (19.64ms)
2026/09/09 00:52:01 OK   00041_stage_worker_operations.sql (12.82ms)
2026/09/09 00:52:01 OK   00042_stage_worker_assignment.sql (14.74ms)
2026/09/09 00:52:01 OK   00043_stage_graph_finalization.sql (6.24ms)
2026/09/09 00:52:01 OK   00044_stage_cache.sql (28.77ms)
2026/09/09 00:52:01 OK   00045_stage_graph_finalization_outputs.sql (4.97ms)
2026/09/09 00:52:01 OK   00046_stage_graph_visible_completion.sql (6.03ms)
2026/09/09 00:52:01 OK   00047_usage_cost_ledger.sql (16.7ms)
2026/09/09 00:52:01 OK   00048_stage_run_output_binding.sql (14.15ms)
2026/09/09 00:52:01 OK   00049_stage_cutover_control.sql (53.98ms)
2026/09/09 00:52:01 OK   00050_stage_graph_instantiation_dispatch.sql (18.04ms)
2026/09/09 00:52:01 OK   00051_atomic_stage_graph_admission.sql (8.62ms)
2026/09/09 00:52:01 OK   00052_stage_cutover_zero_backlog_seal.sql (19.43ms)
2026/09/09 00:52:01 OK   00053_legacy_h3_guarded_contraction.sql (13.71ms)
2026/09/09 00:52:01 OK   00054_stage_transfer_consume_destination.sql (3.21ms)
2026/09/09 00:52:01 OK   00055_h3_campaign_evidence_reader.sql (3.42ms)
2026/09/09 00:52:01 OK   00056_stage_observability_reader.sql (841.67µs)
2026/09/09 00:52:01 OK   00057_legacy_h3_release_contraction_gate.sql (9.28ms)
2026/09/09 00:52:01 OK   00058_legacy_h3_schema_contraction.sql (163.77ms)
2026/09/09 00:52:01 OK   00059_model_runtime_epoch_registration.sql (18.31ms)
2026/09/09 00:52:01 OK   00060_model_runtime_gang_barrier.sql (16.45ms)
2026/09/09 00:52:01 OK   00061_stage_worker_gang_authority.sql (5.44ms)
2026/09/09 00:52:01 OK   00062_stage_authority_member_identity.sql (2.5ms)
2026/09/09 00:52:01 OK   00063_h3_execution_snapshot.sql (3.05ms)
2026/09/09 00:52:01 OK   00064_model_runtime_capacity_routes.sql (11.11ms)
2026/09/09 00:52:01 OK   00065_h3_exact_cache_reconciliation.sql (10.33ms)
2026/09/09 00:52:01 OK   00066_stage_worker_control_session_capacity.sql (22.77ms)
2026/09/09 00:52:01 OK   00067_stage_scheduler_project_capacity.sql (1.96ms)
2026/09/09 00:52:01 OK   00068_stage_assignment_connector_states.sql (1.69ms)
2026/09/09 00:52:01 OK   00069_stage_transfer_server_clock.sql (4.52ms)
2026/09/09 00:52:01 OK   00070_stage_lease_expiry_recovery.sql (10.46ms)
2026/09/09 00:52:01 OK   00071_stage_artifact_lifecycle.sql (16.39ms)
2026/09/09 00:52:01 OK   00072_recovery_quiescence.sql (11.79ms)
2026/09/09 00:52:01 OK   00073_stage_cache_downstream_bindings.sql (5.41ms)
2026/09/09 00:52:01 OK   00074_job_owned_public_artifact_copies.sql (3.42ms)
2026/09/09 00:52:01 OK   00075_stage_graph_failure_terminalization.sql (19.08ms)
2026/09/09 00:52:01 OK   00076_allocation_usage_unit.sql (1.2ms)
2026/09/09 00:52:01 OK   00077_runtime_usage_receipts.sql (3.6ms)
2026/09/09 00:52:01 OK   00078_idle_stage_worker_probe.sql (4.91ms)
2026/09/09 00:52:01 OK   00079_stage_job_expiry.sql (5.61ms)
2026/09/09 00:52:01 OK   00080_stage_scheduler_snapshot_lock_order.sql (2.9ms)
2026/09/09 00:52:01 OK   00081_stage_assignment_quorum.sql (1.42ms)
2026/09/09 00:52:01 OK   00082_stage_success_storage_completion.sql (3ms)
2026/09/09 00:52:01 OK   00083_capacity_observation_lifecycle.sql (3.92ms)
2026/09/09 00:52:01 OK   00084_blocked_stage_worker_probe.sql (3.99ms)
2026/09/09 00:52:01 OK   00085_stage_materialization_terminal_replay.sql (2.46ms)
2026/09/09 00:52:01 OK   00086_stage_failure_terminal_replay.sql (5.47ms)
2026/09/09 00:52:01 OK   00087_stage_claim_finalization_lock_order.sql (2.09ms)
2026/09/09 00:52:01 OK   00088_stage_allocation_execution_sequence.sql (3.91ms)
2026/09/09 00:52:01 OK   00089_stage_terminal_history.sql (7.6ms)
2026/09/09 00:52:01 OK   00090_stage_assignment_content_lifecycle.sql (17.48ms)
2026/09/09 00:52:01 OK   00091_worker_journal_bootstrap.sql (17.12ms)
2026/09/09 00:52:01 OK   00092_worker_bootstrap_history.sql (2.28ms)
2026/09/09 00:52:01 OK   00093_worker_bootstrap_nonzero_scopes.sql (1.37ms)
2026/09/09 00:52:01 OK   00094_worker_bootstrap_abandonment.sql (11.11ms)
2026/09/09 00:52:01 OK   00095_runtime_startup_reservation.sql (11.61ms)
2026/09/09 00:52:01 goose: successfully migrated database to version: 95
=== RUN   TestWorkerBootstrapConsumesFirstUseOnceAndPreservesReceipt/journal
=== RUN   TestWorkerBootstrapConsumesFirstUseOnceAndPreservesReceipt/scope
=== RUN   TestWorkerBootstrapConsumesFirstUseOnceAndPreservesReceipt/actor
2026/09/09 00:52:01 OK   00095_runtime_startup_reservation.sql (5.04ms)
2026/09/09 00:52:01 OK   00094_worker_bootstrap_abandonment.sql (4.74ms)
2026/09/09 00:52:01 OK   00093_worker_bootstrap_nonzero_scopes.sql (1.18ms)
2026/09/09 00:52:01 OK   00092_worker_bootstrap_history.sql (853.67µs)
2026/09/09 00:52:01 🐳 Stopping container: 0ab2e2940699
2026/09/09 00:52:02 ✅ Container stopped: 0ab2e2940699
2026/09/09 00:52:02 🐳 Terminating container: 0ab2e2940699
2026/09/09 00:52:02 🚫 Container terminated: 0ab2e2940699
--- PASS: TestWorkerBootstrapConsumesFirstUseOnceAndPreservesReceipt (3.06s)
    --- PASS: TestWorkerBootstrapConsumesFirstUseOnceAndPreservesReceipt/journal (0.00s)
    --- PASS: TestWorkerBootstrapConsumesFirstUseOnceAndPreservesReceipt/scope (0.00s)
    --- PASS: TestWorkerBootstrapConsumesFirstUseOnceAndPreservesReceipt/actor (0.00s)
=== RUN   TestWorkerBootstrapRejectsUnapprovedOrAlreadyObservedScope
2026/09/09 00:52:02 🐳 Creating container for image postgres:17-alpine
2026/09/09 00:52:02 ✅ Container created: a500b7f2623a
2026/09/09 00:52:02 🐳 Starting container: a500b7f2623a
2026/09/09 00:52:02 ✅ Container started: a500b7f2623a
2026/09/09 00:52:02 ⏳ Waiting for container id a500b7f2623a image: postgres:17-alpine. Waiting for: all of: [all of: [log message "database system is ready to accept connections" (occurrence: 2), port 5432/tcp to be mapped]]
2026/09/09 00:52:03 🔔 Container is ready: a500b7f2623a
2026/09/09 00:52:03 OK   00001_foundation.sql (70.87ms)
2026/09/09 00:52:03 OK   00002_worker_assignment.sql (16.31ms)
2026/09/09 00:52:03 OK   00003_worker_start.sql (2.93ms)
2026/09/09 00:52:03 OK   00004_worker_heartbeat.sql (17.68ms)
2026/09/09 00:52:03 OK   00005_execution_failure.sql (15.82ms)
2026/09/09 00:52:03 OK   00006_customer_cancellation.sql (33.72ms)
2026/09/09 00:52:03 OK   00007_artifact_finalization.sql (33.93ms)
2026/09/09 00:52:03 OK   00008_hierarchical_scheduler.sql (54.89ms)
2026/09/09 00:52:03 OK   00009_invoice_export.sql (13.98ms)
2026/09/09 00:52:03 OK   00010_profile_certification_circuit.sql (21.7ms)
2026/09/09 00:52:03 OK   00011_project_webhooks.sql (36.77ms)
2026/09/09 00:52:03 OK   00012_human_oidc_fixed_rbac.sql (27.06ms)
2026/09/09 00:52:03 OK   00013_service_principal_administration.sql (16.87ms)
2026/09/09 00:52:03 OK   00014_human_membership_administration.sql (29.47ms)
2026/09/09 00:52:03 OK   00015_organization_reporting.sql (19.04ms)
2026/09/09 00:52:03 OK   00016_project_retention_content_deletion.sql (54.13ms)
2026/09/09 00:52:03 OK   00017_platform_operator_break_glass.sql (36.96ms)
2026/09/09 00:52:03 OK   00018_finance_reconciliation.sql (17.37ms)
2026/09/09 00:52:03 OK   00019_certified_remediation.sql (23.96ms)
2026/09/09 00:52:03 OK   00020_remediation_execution_claim.sql (5.38ms)
2026/09/09 00:52:03 OK   00021_remediation_execution_dispatch.sql (2.2ms)
2026/09/09 00:52:03 OK   00022_remediation_execution_claim_replay.sql (2.35ms)
2026/09/09 00:52:03 OK   00023_fleet_controller_worker_readiness.sql (70.79ms)
2026/09/09 00:52:03 OK   00024_staging_artifact_expiry.sql (4.06ms)
2026/09/09 00:52:03 OK   00025_scheduler_inbox_receipt.sql (2.59ms)
2026/09/09 00:52:03 OK   00026_synchronous_quorum_guard.sql (2.1ms)
2026/09/09 00:52:03 OK   00027_authorized_debug_dump_lifecycle.sql (51.55ms)
2026/09/09 00:52:03 OK   00028_off_cluster_backup_retention.sql (11.83ms)
2026/09/09 00:52:03 OK   00029_artifact_backup_replication.sql (10.73ms)
2026/09/09 00:52:03 OK   00030_non_content_legal_hold.sql (21.49ms)
2026/09/09 00:52:03 OK   00031_non_content_record_expiry.sql (60.2ms)
2026/09/09 00:52:03 OK   00032_catalog_promotion_production_gates.sql (32.66ms)
2026/09/09 00:52:03 OK   00033_statistical_slo_measurement.sql (25.3ms)
2026/09/09 00:52:04 OK   00034_stage_execution_catalog.sql (57.17ms)
2026/09/09 00:52:04 OK   00035_worker_instance_residency.sql (66.1ms)
2026/09/09 00:52:04 OK   00036_stage_attempt_authority.sql (92.96ms)
2026/09/09 00:52:04 OK   00037_stage_scheduler.sql (48.02ms)
2026/09/09 00:52:04 OK   00038_stage_artifact.sql (46.49ms)
2026/09/09 00:52:04 OK   00039_stage_worker_control_authority.sql (3.3ms)
2026/09/09 00:52:04 OK   00040_stage_worker_execution.sql (21.58ms)
2026/09/09 00:52:04 OK   00041_stage_worker_operations.sql (14.36ms)
2026/09/09 00:52:04 OK   00042_stage_worker_assignment.sql (16.03ms)
2026/09/09 00:52:04 OK   00043_stage_graph_finalization.sql (7.19ms)
2026/09/09 00:52:04 OK   00044_stage_cache.sql (31.35ms)
2026/09/09 00:52:04 OK   00045_stage_graph_finalization_outputs.sql (5.14ms)
2026/09/09 00:52:04 OK   00046_stage_graph_visible_completion.sql (6.44ms)
2026/09/09 00:52:04 OK   00047_usage_cost_ledger.sql (18.02ms)
2026/09/09 00:52:04 OK   00048_stage_run_output_binding.sql (14.66ms)
2026/09/09 00:52:04 OK   00049_stage_cutover_control.sql (58.55ms)
2026/09/09 00:52:04 OK   00050_stage_graph_instantiation_dispatch.sql (18.73ms)
2026/09/09 00:52:04 OK   00051_atomic_stage_graph_admission.sql (9.17ms)
2026/09/09 00:52:04 OK   00052_stage_cutover_zero_backlog_seal.sql (21.07ms)
2026/09/09 00:52:04 OK   00053_legacy_h3_guarded_contraction.sql (15.17ms)
2026/09/09 00:52:04 OK   00054_stage_transfer_consume_destination.sql (3.48ms)
2026/09/09 00:52:04 OK   00055_h3_campaign_evidence_reader.sql (3.75ms)
2026/09/09 00:52:04 OK   00056_stage_observability_reader.sql (1.24ms)
2026/09/09 00:52:04 OK   00057_legacy_h3_release_contraction_gate.sql (10.11ms)
2026/09/09 00:52:04 OK   00058_legacy_h3_schema_contraction.sql (165.83ms)
2026/09/09 00:52:04 OK   00059_model_runtime_epoch_registration.sql (20.22ms)
2026/09/09 00:52:04 OK   00060_model_runtime_gang_barrier.sql (19.89ms)
2026/09/09 00:52:04 OK   00061_stage_worker_gang_authority.sql (6.03ms)
2026/09/09 00:52:04 OK   00062_stage_authority_member_identity.sql (3.52ms)
2026/09/09 00:52:04 OK   00063_h3_execution_snapshot.sql (3.52ms)
2026/09/09 00:52:04 OK   00064_model_runtime_capacity_routes.sql (12.26ms)
2026/09/09 00:52:04 OK   00065_h3_exact_cache_reconciliation.sql (11.56ms)
2026/09/09 00:52:04 OK   00066_stage_worker_control_session_capacity.sql (26ms)
2026/09/09 00:52:04 OK   00067_stage_scheduler_project_capacity.sql (2.23ms)
2026/09/09 00:52:04 OK   00068_stage_assignment_connector_states.sql (1.88ms)
2026/09/09 00:52:04 OK   00069_stage_transfer_server_clock.sql (5.09ms)
2026/09/09 00:52:04 OK   00070_stage_lease_expiry_recovery.sql (12ms)
2026/09/09 00:52:04 OK   00071_stage_artifact_lifecycle.sql (18.89ms)
2026/09/09 00:52:04 OK   00072_recovery_quiescence.sql (13.69ms)
2026/09/09 00:52:04 OK   00073_stage_cache_downstream_bindings.sql (6.13ms)
2026/09/09 00:52:04 OK   00074_job_owned_public_artifact_copies.sql (3.31ms)
2026/09/09 00:52:04 OK   00075_stage_graph_failure_terminalization.sql (20.89ms)
2026/09/09 00:52:04 OK   00076_allocation_usage_unit.sql (857.83µs)
2026/09/09 00:52:04 OK   00077_runtime_usage_receipts.sql (4ms)
2026/09/09 00:52:04 OK   00078_idle_stage_worker_probe.sql (5.46ms)
2026/09/09 00:52:04 OK   00079_stage_job_expiry.sql (6.43ms)
2026/09/09 00:52:04 OK   00080_stage_scheduler_snapshot_lock_order.sql (3.42ms)
2026/09/09 00:52:04 OK   00081_stage_assignment_quorum.sql (1.54ms)
2026/09/09 00:52:04 OK   00082_stage_success_storage_completion.sql (3.27ms)
2026/09/09 00:52:04 OK   00083_capacity_observation_lifecycle.sql (4.33ms)
2026/09/09 00:52:04 OK   00084_blocked_stage_worker_probe.sql (4.17ms)
2026/09/09 00:52:04 OK   00085_stage_materialization_terminal_replay.sql (2.62ms)
2026/09/09 00:52:04 OK   00086_stage_failure_terminal_replay.sql (6.38ms)
2026/09/09 00:52:04 OK   00087_stage_claim_finalization_lock_order.sql (2.3ms)
2026/09/09 00:52:04 OK   00088_stage_allocation_execution_sequence.sql (4.48ms)
2026/09/09 00:52:04 OK   00089_stage_terminal_history.sql (8.47ms)
2026/09/09 00:52:05 OK   00090_stage_assignment_content_lifecycle.sql (20.28ms)
2026/09/09 00:52:05 OK   00091_worker_journal_bootstrap.sql (19.49ms)
2026/09/09 00:52:05 OK   00092_worker_bootstrap_history.sql (2.67ms)
2026/09/09 00:52:05 OK   00093_worker_bootstrap_nonzero_scopes.sql (1.16ms)
2026/09/09 00:52:05 OK   00094_worker_bootstrap_abandonment.sql (11.72ms)
2026/09/09 00:52:05 OK   00095_runtime_startup_reservation.sql (12.07ms)
2026/09/09 00:52:05 goose: successfully migrated database to version: 95
=== RUN   TestWorkerBootstrapRejectsUnapprovedOrAlreadyObservedScope/payload
=== RUN   TestWorkerBootstrapRejectsUnapprovedOrAlreadyObservedScope/epoch
=== RUN   TestWorkerBootstrapRejectsUnapprovedOrAlreadyObservedScope/member
2026/09/09 00:52:05 🐳 Stopping container: a500b7f2623a
2026/09/09 00:52:05 ✅ Container stopped: a500b7f2623a
2026/09/09 00:52:05 🐳 Terminating container: a500b7f2623a
2026/09/09 00:52:05 🚫 Container terminated: a500b7f2623a
--- PASS: TestWorkerBootstrapRejectsUnapprovedOrAlreadyObservedScope (3.21s)
    --- PASS: TestWorkerBootstrapRejectsUnapprovedOrAlreadyObservedScope/payload (0.00s)
    --- PASS: TestWorkerBootstrapRejectsUnapprovedOrAlreadyObservedScope/epoch (0.00s)
    --- PASS: TestWorkerBootstrapRejectsUnapprovedOrAlreadyObservedScope/member (0.00s)
=== RUN   TestWorkerBootstrapEmptyMigrationDownUp
2026/09/09 00:52:05 🐳 Creating container for image postgres:17-alpine
2026/09/09 00:52:05 ✅ Container created: c3cd71ad4b85
2026/09/09 00:52:05 🐳 Starting container: c3cd71ad4b85
2026/09/09 00:52:05 ✅ Container started: c3cd71ad4b85
2026/09/09 00:52:05 ⏳ Waiting for container id c3cd71ad4b85 image: postgres:17-alpine. Waiting for: all of: [all of: [log message "database system is ready to accept connections" (occurrence: 2), port 5432/tcp to be mapped]]
2026/09/09 00:52:06 🔔 Container is ready: c3cd71ad4b85
2026/09/09 00:52:06 OK   00001_foundation.sql (74.53ms)
2026/09/09 00:52:06 OK   00002_worker_assignment.sql (16.59ms)
2026/09/09 00:52:06 OK   00003_worker_start.sql (2.76ms)
2026/09/09 00:52:06 OK   00004_worker_heartbeat.sql (19.29ms)
2026/09/09 00:52:06 OK   00005_execution_failure.sql (16.62ms)
2026/09/09 00:52:06 OK   00006_customer_cancellation.sql (33.87ms)
2026/09/09 00:52:06 OK   00007_artifact_finalization.sql (35.3ms)
2026/09/09 00:52:06 OK   00008_hierarchical_scheduler.sql (53.84ms)
2026/09/09 00:52:06 OK   00009_invoice_export.sql (14.2ms)
2026/09/09 00:52:06 OK   00010_profile_certification_circuit.sql (20.79ms)
2026/09/09 00:52:06 OK   00011_project_webhooks.sql (36.23ms)
2026/09/09 00:52:06 OK   00012_human_oidc_fixed_rbac.sql (27.29ms)
2026/09/09 00:52:06 OK   00013_service_principal_administration.sql (16.04ms)
2026/09/09 00:52:06 OK   00014_human_membership_administration.sql (29.2ms)
2026/09/09 00:52:06 OK   00015_organization_reporting.sql (18.61ms)
2026/09/09 00:52:06 OK   00016_project_retention_content_deletion.sql (53.83ms)
2026/09/09 00:52:06 OK   00017_platform_operator_break_glass.sql (37.33ms)
2026/09/09 00:52:06 OK   00018_finance_reconciliation.sql (17.05ms)
2026/09/09 00:52:06 OK   00019_certified_remediation.sql (23.66ms)
2026/09/09 00:52:06 OK   00020_remediation_execution_claim.sql (5.61ms)
2026/09/09 00:52:06 OK   00021_remediation_execution_dispatch.sql (2.42ms)
2026/09/09 00:52:06 OK   00022_remediation_execution_claim_replay.sql (2.31ms)
2026/09/09 00:52:06 OK   00023_fleet_controller_worker_readiness.sql (68.94ms)
2026/09/09 00:52:06 OK   00024_staging_artifact_expiry.sql (4.05ms)
2026/09/09 00:52:06 OK   00025_scheduler_inbox_receipt.sql (2.5ms)
2026/09/09 00:52:06 OK   00026_synchronous_quorum_guard.sql (1.82ms)
2026/09/09 00:52:06 OK   00027_authorized_debug_dump_lifecycle.sql (49.26ms)
2026/09/09 00:52:06 OK   00028_off_cluster_backup_retention.sql (12.5ms)
2026/09/09 00:52:07 OK   00029_artifact_backup_replication.sql (11.64ms)
2026/09/09 00:52:07 OK   00030_non_content_legal_hold.sql (23.57ms)
2026/09/09 00:52:07 OK   00031_non_content_record_expiry.sql (64.7ms)
2026/09/09 00:52:07 OK   00032_catalog_promotion_production_gates.sql (36.4ms)
2026/09/09 00:52:07 OK   00033_statistical_slo_measurement.sql (28.61ms)
2026/09/09 00:52:07 OK   00034_stage_execution_catalog.sql (59.42ms)
2026/09/09 00:52:07 OK   00035_worker_instance_residency.sql (68.14ms)
2026/09/09 00:52:07 OK   00036_stage_attempt_authority.sql (94.86ms)
2026/09/09 00:52:07 OK   00037_stage_scheduler.sql (50.53ms)
2026/09/09 00:52:07 OK   00038_stage_artifact.sql (49.37ms)
2026/09/09 00:52:07 OK   00039_stage_worker_control_authority.sql (3.36ms)
2026/09/09 00:52:07 OK   00040_stage_worker_execution.sql (21.25ms)
2026/09/09 00:52:07 OK   00041_stage_worker_operations.sql (13.47ms)
2026/09/09 00:52:07 OK   00042_stage_worker_assignment.sql (15.7ms)
2026/09/09 00:52:07 OK   00043_stage_graph_finalization.sql (6.22ms)
2026/09/09 00:52:07 OK   00044_stage_cache.sql (28.81ms)
2026/09/09 00:52:07 OK   00045_stage_graph_finalization_outputs.sql (5.03ms)
2026/09/09 00:52:07 OK   00046_stage_graph_visible_completion.sql (5.88ms)
2026/09/09 00:52:07 OK   00047_usage_cost_ledger.sql (16.82ms)
2026/09/09 00:52:07 OK   00048_stage_run_output_binding.sql (13.69ms)
2026/09/09 00:52:07 OK   00049_stage_cutover_control.sql (55.43ms)
2026/09/09 00:52:07 OK   00050_stage_graph_instantiation_dispatch.sql (18.34ms)
2026/09/09 00:52:07 OK   00051_atomic_stage_graph_admission.sql (9.02ms)
2026/09/09 00:52:07 OK   00052_stage_cutover_zero_backlog_seal.sql (19.74ms)
2026/09/09 00:52:07 OK   00053_legacy_h3_guarded_contraction.sql (14.62ms)
2026/09/09 00:52:07 OK   00054_stage_transfer_consume_destination.sql (3.28ms)
2026/09/09 00:52:07 OK   00055_h3_campaign_evidence_reader.sql (3.59ms)
2026/09/09 00:52:07 OK   00056_stage_observability_reader.sql (823.08µs)
2026/09/09 00:52:07 OK   00057_legacy_h3_release_contraction_gate.sql (9.67ms)
2026/09/09 00:52:07 OK   00058_legacy_h3_schema_contraction.sql (165.5ms)
2026/09/09 00:52:07 OK   00059_model_runtime_epoch_registration.sql (20.81ms)
2026/09/09 00:52:07 OK   00060_model_runtime_gang_barrier.sql (20.9ms)
2026/09/09 00:52:07 OK   00061_stage_worker_gang_authority.sql (6.28ms)
2026/09/09 00:52:07 OK   00062_stage_authority_member_identity.sql (2.89ms)
2026/09/09 00:52:07 OK   00063_h3_execution_snapshot.sql (3.48ms)
2026/09/09 00:52:08 OK   00064_model_runtime_capacity_routes.sql (13.12ms)
2026/09/09 00:52:08 OK   00065_h3_exact_cache_reconciliation.sql (12.06ms)
2026/09/09 00:52:08 OK   00066_stage_worker_control_session_capacity.sql (26.86ms)
2026/09/09 00:52:08 OK   00067_stage_scheduler_project_capacity.sql (2.1ms)
2026/09/09 00:52:08 OK   00068_stage_assignment_connector_states.sql (1.86ms)
2026/09/09 00:52:08 OK   00069_stage_transfer_server_clock.sql (5.21ms)
2026/09/09 00:52:08 OK   00070_stage_lease_expiry_recovery.sql (12.07ms)
2026/09/09 00:52:08 OK   00071_stage_artifact_lifecycle.sql (19.08ms)
2026/09/09 00:52:08 OK   00072_recovery_quiescence.sql (13.64ms)
2026/09/09 00:52:08 OK   00073_stage_cache_downstream_bindings.sql (6.49ms)
2026/09/09 00:52:08 OK   00074_job_owned_public_artifact_copies.sql (3.34ms)
2026/09/09 00:52:08 OK   00075_stage_graph_failure_terminalization.sql (21.31ms)
2026/09/09 00:52:08 OK   00076_allocation_usage_unit.sql (854.38µs)
2026/09/09 00:52:08 OK   00077_runtime_usage_receipts.sql (4.06ms)
2026/09/09 00:52:08 OK   00078_idle_stage_worker_probe.sql (5.55ms)
2026/09/09 00:52:08 OK   00079_stage_job_expiry.sql (6.45ms)
2026/09/09 00:52:08 OK   00080_stage_scheduler_snapshot_lock_order.sql (3.14ms)
2026/09/09 00:52:08 OK   00081_stage_assignment_quorum.sql (1.53ms)
2026/09/09 00:52:08 OK   00082_stage_success_storage_completion.sql (3.29ms)
2026/09/09 00:52:08 OK   00083_capacity_observation_lifecycle.sql (4.2ms)
2026/09/09 00:52:08 OK   00084_blocked_stage_worker_probe.sql (4.59ms)
2026/09/09 00:52:08 OK   00085_stage_materialization_terminal_replay.sql (2.63ms)
2026/09/09 00:52:08 OK   00086_stage_failure_terminal_replay.sql (6.07ms)
2026/09/09 00:52:08 OK   00087_stage_claim_finalization_lock_order.sql (2.29ms)
2026/09/09 00:52:08 OK   00088_stage_allocation_execution_sequence.sql (4.29ms)
2026/09/09 00:52:08 OK   00089_stage_terminal_history.sql (8.85ms)
2026/09/09 00:52:08 OK   00090_stage_assignment_content_lifecycle.sql (19.96ms)
2026/09/09 00:52:08 OK   00091_worker_journal_bootstrap.sql (20.35ms)
2026/09/09 00:52:08 goose: successfully migrated database to version: 91
2026/09/09 00:52:08 OK   00091_worker_journal_bootstrap.sql (7.74ms)
2026/09/09 00:52:08 goose: no migrations to run. current version: 90
2026/09/09 00:52:08 OK   00091_worker_journal_bootstrap.sql (17.57ms)
2026/09/09 00:52:08 goose: successfully migrated database to version: 91
2026/09/09 00:52:08 🐳 Stopping container: c3cd71ad4b85
2026/09/09 00:52:08 ✅ Container stopped: c3cd71ad4b85
2026/09/09 00:52:08 🐳 Terminating container: c3cd71ad4b85
2026/09/09 00:52:08 🚫 Container terminated: c3cd71ad4b85
--- PASS: TestWorkerBootstrapEmptyMigrationDownUp (3.15s)
=== RUN   TestWorkerBootstrapRequiresCommitQuorum
2026/09/09 00:52:08 🐳 Creating container for image postgres:17-alpine
2026/09/09 00:52:08 ✅ Container created: e76374de51db
2026/09/09 00:52:08 🐳 Starting container: e76374de51db
2026/09/09 00:52:08 ✅ Container started: e76374de51db
2026/09/09 00:52:08 ⏳ Waiting for container id e76374de51db image: postgres:17-alpine. Waiting for: all of: [all of: [log message "database system is ready to accept connections" (occurrence: 2), port 5432/tcp to be mapped]]
2026/09/09 00:52:09 🔔 Container is ready: e76374de51db
2026/09/09 00:52:09 OK   00001_foundation.sql (80ms)
2026/09/09 00:52:09 OK   00002_worker_assignment.sql (16.45ms)
2026/09/09 00:52:09 OK   00003_worker_start.sql (2.78ms)
2026/09/09 00:52:09 OK   00004_worker_heartbeat.sql (17.66ms)
2026/09/09 00:52:09 OK   00005_execution_failure.sql (16.99ms)
2026/09/09 00:52:09 OK   00006_customer_cancellation.sql (34.43ms)
2026/09/09 00:52:09 OK   00007_artifact_finalization.sql (35.63ms)
2026/09/09 00:52:09 OK   00008_hierarchical_scheduler.sql (56.89ms)
2026/09/09 00:52:09 OK   00009_invoice_export.sql (14.32ms)
2026/09/09 00:52:09 OK   00010_profile_certification_circuit.sql (21.41ms)
2026/09/09 00:52:09 OK   00011_project_webhooks.sql (37.3ms)
2026/09/09 00:52:09 OK   00012_human_oidc_fixed_rbac.sql (27.71ms)
2026/09/09 00:52:09 OK   00013_service_principal_administration.sql (16.75ms)
2026/09/09 00:52:09 OK   00014_human_membership_administration.sql (29.58ms)
2026/09/09 00:52:09 OK   00015_organization_reporting.sql (19.25ms)
2026/09/09 00:52:09 OK   00016_project_retention_content_deletion.sql (54.84ms)
2026/09/09 00:52:09 OK   00017_platform_operator_break_glass.sql (37.77ms)
2026/09/09 00:52:09 OK   00018_finance_reconciliation.sql (17.27ms)
2026/09/09 00:52:10 OK   00019_certified_remediation.sql (24.17ms)
2026/09/09 00:52:10 OK   00020_remediation_execution_claim.sql (5.46ms)
2026/09/09 00:52:10 OK   00021_remediation_execution_dispatch.sql (2.32ms)
2026/09/09 00:52:10 OK   00022_remediation_execution_claim_replay.sql (2.33ms)
2026/09/09 00:52:10 OK   00023_fleet_controller_worker_readiness.sql (70.1ms)
2026/09/09 00:52:10 OK   00024_staging_artifact_expiry.sql (3.94ms)
2026/09/09 00:52:10 OK   00025_scheduler_inbox_receipt.sql (2.48ms)
2026/09/09 00:52:10 OK   00026_synchronous_quorum_guard.sql (1.81ms)
2026/09/09 00:52:10 OK   00027_authorized_debug_dump_lifecycle.sql (49.24ms)
2026/09/09 00:52:10 OK   00028_off_cluster_backup_retention.sql (12.32ms)
2026/09/09 00:52:10 OK   00029_artifact_backup_replication.sql (11.34ms)
2026/09/09 00:52:10 OK   00030_non_content_legal_hold.sql (23.13ms)
2026/09/09 00:52:10 OK   00031_non_content_record_expiry.sql (66.22ms)
2026/09/09 00:52:10 OK   00032_catalog_promotion_production_gates.sql (36.67ms)
2026/09/09 00:52:10 OK   00033_statistical_slo_measurement.sql (27.94ms)
2026/09/09 00:52:10 OK   00034_stage_execution_catalog.sql (60.38ms)
2026/09/09 00:52:10 OK   00035_worker_instance_residency.sql (68.65ms)
2026/09/09 00:52:10 OK   00036_stage_attempt_authority.sql (92.74ms)
2026/09/09 00:52:10 OK   00037_stage_scheduler.sql (48.39ms)
2026/09/09 00:52:10 OK   00038_stage_artifact.sql (47.67ms)
2026/09/09 00:52:10 OK   00039_stage_worker_control_authority.sql (3.24ms)
2026/09/09 00:52:10 OK   00040_stage_worker_execution.sql (21.9ms)
2026/09/09 00:52:10 OK   00041_stage_worker_operations.sql (14.55ms)
2026/09/09 00:52:10 OK   00042_stage_worker_assignment.sql (15.88ms)
2026/09/09 00:52:10 OK   00043_stage_graph_finalization.sql (6.93ms)
2026/09/09 00:52:10 OK   00044_stage_cache.sql (31.71ms)
2026/09/09 00:52:10 OK   00045_stage_graph_finalization_outputs.sql (5.44ms)
2026/09/09 00:52:10 OK   00046_stage_graph_visible_completion.sql (7.6ms)
2026/09/09 00:52:10 OK   00047_usage_cost_ledger.sql (18.55ms)
2026/09/09 00:52:10 OK   00048_stage_run_output_binding.sql (14.44ms)
2026/09/09 00:52:10 OK   00049_stage_cutover_control.sql (58.33ms)
2026/09/09 00:52:10 OK   00050_stage_graph_instantiation_dispatch.sql (18.85ms)
2026/09/09 00:52:10 OK   00051_atomic_stage_graph_admission.sql (9.05ms)
2026/09/09 00:52:10 OK   00052_stage_cutover_zero_backlog_seal.sql (21.37ms)
2026/09/09 00:52:10 OK   00053_legacy_h3_guarded_contraction.sql (15.27ms)
2026/09/09 00:52:10 OK   00054_stage_transfer_consume_destination.sql (3.38ms)
2026/09/09 00:52:10 OK   00055_h3_campaign_evidence_reader.sql (3.55ms)
2026/09/09 00:52:10 OK   00056_stage_observability_reader.sql (789.67µs)
2026/09/09 00:52:10 OK   00057_legacy_h3_release_contraction_gate.sql (9.94ms)
2026/09/09 00:52:11 OK   00058_legacy_h3_schema_contraction.sql (166.8ms)
2026/09/09 00:52:11 OK   00059_model_runtime_epoch_registration.sql (19.99ms)
2026/09/09 00:52:11 OK   00060_model_runtime_gang_barrier.sql (19.62ms)
2026/09/09 00:52:11 OK   00061_stage_worker_gang_authority.sql (6.03ms)
2026/09/09 00:52:11 OK   00062_stage_authority_member_identity.sql (2.89ms)
2026/09/09 00:52:11 OK   00063_h3_execution_snapshot.sql (3.22ms)
2026/09/09 00:52:11 OK   00064_model_runtime_capacity_routes.sql (12.9ms)
2026/09/09 00:52:11 OK   00065_h3_exact_cache_reconciliation.sql (11.74ms)
2026/09/09 00:52:11 OK   00066_stage_worker_control_session_capacity.sql (26.11ms)
2026/09/09 00:52:11 OK   00067_stage_scheduler_project_capacity.sql (2.16ms)
2026/09/09 00:52:11 OK   00068_stage_assignment_connector_states.sql (1.88ms)
2026/09/09 00:52:11 OK   00069_stage_transfer_server_clock.sql (5.26ms)
2026/09/09 00:52:11 OK   00070_stage_lease_expiry_recovery.sql (12.03ms)
2026/09/09 00:52:11 OK   00071_stage_artifact_lifecycle.sql (18.59ms)
2026/09/09 00:52:11 OK   00072_recovery_quiescence.sql (13.79ms)
2026/09/09 00:52:11 OK   00073_stage_cache_downstream_bindings.sql (6.11ms)
2026/09/09 00:52:11 OK   00074_job_owned_public_artifact_copies.sql (3.34ms)
2026/09/09 00:52:11 OK   00075_stage_graph_failure_terminalization.sql (21.08ms)
2026/09/09 00:52:11 OK   00076_allocation_usage_unit.sql (849µs)
2026/09/09 00:52:11 OK   00077_runtime_usage_receipts.sql (4.21ms)
2026/09/09 00:52:11 OK   00078_idle_stage_worker_probe.sql (5.55ms)
2026/09/09 00:52:11 OK   00079_stage_job_expiry.sql (6.5ms)
2026/09/09 00:52:11 OK   00080_stage_scheduler_snapshot_lock_order.sql (3.77ms)
2026/09/09 00:52:11 OK   00081_stage_assignment_quorum.sql (1.67ms)
2026/09/09 00:52:11 OK   00082_stage_success_storage_completion.sql (3.41ms)
2026/09/09 00:52:11 OK   00083_capacity_observation_lifecycle.sql (4.55ms)
2026/09/09 00:52:11 OK   00084_blocked_stage_worker_probe.sql (4.21ms)
2026/09/09 00:52:11 OK   00085_stage_materialization_terminal_replay.sql (2.79ms)
2026/09/09 00:52:11 OK   00086_stage_failure_terminal_replay.sql (6.37ms)
2026/09/09 00:52:11 OK   00087_stage_claim_finalization_lock_order.sql (2.34ms)
2026/09/09 00:52:11 OK   00088_stage_allocation_execution_sequence.sql (4.56ms)
2026/09/09 00:52:11 OK   00089_stage_terminal_history.sql (8.99ms)
2026/09/09 00:52:11 OK   00090_stage_assignment_content_lifecycle.sql (19.93ms)
2026/09/09 00:52:11 OK   00091_worker_journal_bootstrap.sql (18.86ms)
2026/09/09 00:52:11 OK   00092_worker_bootstrap_history.sql (2.19ms)
2026/09/09 00:52:11 OK   00093_worker_bootstrap_nonzero_scopes.sql (1.37ms)
2026/09/09 00:52:11 OK   00094_worker_bootstrap_abandonment.sql (11.06ms)
2026/09/09 00:52:11 OK   00095_runtime_startup_reservation.sql (11.43ms)
2026/09/09 00:52:11 goose: successfully migrated database to version: 95
2026/09/09 00:52:11 🐳 Stopping container: e76374de51db
2026/09/09 00:52:11 ✅ Container stopped: e76374de51db
2026/09/09 00:52:11 🐳 Terminating container: e76374de51db
2026/09/09 00:52:11 🚫 Container terminated: e76374de51db
--- PASS: TestWorkerBootstrapRequiresCommitQuorum (3.24s)
=== RUN   TestWorkerBootstrapParticipatesInRecoveryQuiescence
2026/09/09 00:52:11 🐳 Creating container for image postgres:17-alpine
2026/09/09 00:52:11 ✅ Container created: 5a5c6e5a21cf
2026/09/09 00:52:11 🐳 Starting container: 5a5c6e5a21cf
2026/09/09 00:52:11 ✅ Container started: 5a5c6e5a21cf
2026/09/09 00:52:11 ⏳ Waiting for container id 5a5c6e5a21cf image: postgres:17-alpine. Waiting for: all of: [all of: [log message "database system is ready to accept connections" (occurrence: 2), port 5432/tcp to be mapped]]
2026/09/09 00:52:12 🔔 Container is ready: 5a5c6e5a21cf
2026/09/09 00:52:12 OK   00001_foundation.sql (72.75ms)
2026/09/09 00:52:12 OK   00002_worker_assignment.sql (16.3ms)
2026/09/09 00:52:12 OK   00003_worker_start.sql (2.81ms)
2026/09/09 00:52:12 OK   00004_worker_heartbeat.sql (14.96ms)
2026/09/09 00:52:12 OK   00005_execution_failure.sql (14.4ms)
2026/09/09 00:52:12 OK   00006_customer_cancellation.sql (30.95ms)
2026/09/09 00:52:12 OK   00007_artifact_finalization.sql (32.98ms)
2026/09/09 00:52:12 OK   00008_hierarchical_scheduler.sql (54.49ms)
2026/09/09 00:52:12 OK   00009_invoice_export.sql (14.14ms)
2026/09/09 00:52:12 OK   00010_profile_certification_circuit.sql (20.99ms)
2026/09/09 00:52:12 OK   00011_project_webhooks.sql (36.28ms)
2026/09/09 00:52:13 OK   00012_human_oidc_fixed_rbac.sql (26.82ms)
2026/09/09 00:52:13 OK   00013_service_principal_administration.sql (16.2ms)
2026/09/09 00:52:13 OK   00014_human_membership_administration.sql (29.26ms)
2026/09/09 00:52:13 OK   00015_organization_reporting.sql (18.7ms)
2026/09/09 00:52:13 OK   00016_project_retention_content_deletion.sql (55.05ms)
2026/09/09 00:52:13 OK   00017_platform_operator_break_glass.sql (36.6ms)
2026/09/09 00:52:13 OK   00018_finance_reconciliation.sql (16.91ms)
2026/09/09 00:52:13 OK   00019_certified_remediation.sql (23.59ms)
2026/09/09 00:52:13 OK   00020_remediation_execution_claim.sql (5.5ms)
2026/09/09 00:52:13 OK   00021_remediation_execution_dispatch.sql (2.54ms)
2026/09/09 00:52:13 OK   00022_remediation_execution_claim_replay.sql (2.29ms)
2026/09/09 00:52:13 OK   00023_fleet_controller_worker_readiness.sql (69.35ms)
2026/09/09 00:52:13 OK   00024_staging_artifact_expiry.sql (4.31ms)
2026/09/09 00:52:13 OK   00025_scheduler_inbox_receipt.sql (2.81ms)
2026/09/09 00:52:13 OK   00026_synchronous_quorum_guard.sql (2.11ms)
2026/09/09 00:52:13 OK   00027_authorized_debug_dump_lifecycle.sql (47.09ms)
2026/09/09 00:52:13 OK   00028_off_cluster_backup_retention.sql (11.42ms)
2026/09/09 00:52:13 OK   00029_artifact_backup_replication.sql (11.21ms)
2026/09/09 00:52:13 OK   00030_non_content_legal_hold.sql (21.6ms)
2026/09/09 00:52:13 OK   00031_non_content_record_expiry.sql (62.32ms)
2026/09/09 00:52:13 OK   00032_catalog_promotion_production_gates.sql (33.79ms)
2026/09/09 00:52:13 OK   00033_statistical_slo_measurement.sql (26.08ms)
2026/09/09 00:52:13 OK   00034_stage_execution_catalog.sql (57.84ms)
2026/09/09 00:52:13 OK   00035_worker_instance_residency.sql (66.37ms)
2026/09/09 00:52:13 OK   00036_stage_attempt_authority.sql (92.64ms)
2026/09/09 00:52:13 OK   00037_stage_scheduler.sql (49.93ms)
2026/09/09 00:52:13 OK   00038_stage_artifact.sql (46.99ms)
2026/09/09 00:52:13 OK   00039_stage_worker_control_authority.sql (3.41ms)
2026/09/09 00:52:13 OK   00040_stage_worker_execution.sql (21ms)
2026/09/09 00:52:13 OK   00041_stage_worker_operations.sql (14.29ms)
2026/09/09 00:52:13 OK   00042_stage_worker_assignment.sql (15.84ms)
2026/09/09 00:52:13 OK   00043_stage_graph_finalization.sql (6.72ms)
2026/09/09 00:52:13 OK   00044_stage_cache.sql (32.71ms)
2026/09/09 00:52:13 OK   00045_stage_graph_finalization_outputs.sql (5.21ms)
2026/09/09 00:52:13 OK   00046_stage_graph_visible_completion.sql (6.3ms)
2026/09/09 00:52:13 OK   00047_usage_cost_ledger.sql (17.91ms)
2026/09/09 00:52:13 OK   00048_stage_run_output_binding.sql (15.02ms)
2026/09/09 00:52:14 OK   00049_stage_cutover_control.sql (58.02ms)
2026/09/09 00:52:14 OK   00050_stage_graph_instantiation_dispatch.sql (18.97ms)
2026/09/09 00:52:14 OK   00051_atomic_stage_graph_admission.sql (9.31ms)
2026/09/09 00:52:14 OK   00052_stage_cutover_zero_backlog_seal.sql (20.39ms)
2026/09/09 00:52:14 OK   00053_legacy_h3_guarded_contraction.sql (14.99ms)
2026/09/09 00:52:14 OK   00054_stage_transfer_consume_destination.sql (3.39ms)
2026/09/09 00:52:14 OK   00055_h3_campaign_evidence_reader.sql (3.75ms)
2026/09/09 00:52:14 OK   00056_stage_observability_reader.sql (998.13µs)
2026/09/09 00:52:14 OK   00057_legacy_h3_release_contraction_gate.sql (10.34ms)
2026/09/09 00:52:14 OK   00058_legacy_h3_schema_contraction.sql (164.16ms)
2026/09/09 00:52:14 OK   00059_model_runtime_epoch_registration.sql (19.68ms)
2026/09/09 00:52:14 OK   00060_model_runtime_gang_barrier.sql (19.06ms)
2026/09/09 00:52:14 OK   00061_stage_worker_gang_authority.sql (5.72ms)
2026/09/09 00:52:14 OK   00062_stage_authority_member_identity.sql (2.71ms)
2026/09/09 00:52:14 OK   00063_h3_execution_snapshot.sql (3.08ms)
2026/09/09 00:52:14 OK   00064_model_runtime_capacity_routes.sql (12.72ms)
2026/09/09 00:52:14 OK   00065_h3_exact_cache_reconciliation.sql (11.56ms)
2026/09/09 00:52:14 OK   00066_stage_worker_control_session_capacity.sql (26.08ms)
2026/09/09 00:52:14 OK   00067_stage_scheduler_project_capacity.sql (2.09ms)
2026/09/09 00:52:14 OK   00068_stage_assignment_connector_states.sql (1.93ms)
2026/09/09 00:52:14 OK   00069_stage_transfer_server_clock.sql (5.47ms)
2026/09/09 00:52:14 OK   00070_stage_lease_expiry_recovery.sql (12.03ms)
2026/09/09 00:52:14 OK   00071_stage_artifact_lifecycle.sql (19.31ms)
2026/09/09 00:52:14 OK   00072_recovery_quiescence.sql (13.45ms)
2026/09/09 00:52:14 OK   00073_stage_cache_downstream_bindings.sql (5.97ms)
2026/09/09 00:52:14 OK   00074_job_owned_public_artifact_copies.sql (3.25ms)
2026/09/09 00:52:14 OK   00075_stage_graph_failure_terminalization.sql (20.81ms)
2026/09/09 00:52:14 OK   00076_allocation_usage_unit.sql (877.63µs)
2026/09/09 00:52:14 OK   00077_runtime_usage_receipts.sql (4.06ms)
2026/09/09 00:52:14 OK   00078_idle_stage_worker_probe.sql (5.54ms)
2026/09/09 00:52:14 OK   00079_stage_job_expiry.sql (6.22ms)
2026/09/09 00:52:14 OK   00080_stage_scheduler_snapshot_lock_order.sql (3.05ms)
2026/09/09 00:52:14 OK   00081_stage_assignment_quorum.sql (1.56ms)
2026/09/09 00:52:14 OK   00082_stage_success_storage_completion.sql (3.09ms)
2026/09/09 00:52:14 OK   00083_capacity_observation_lifecycle.sql (4.32ms)
2026/09/09 00:52:14 OK   00084_blocked_stage_worker_probe.sql (4.17ms)
2026/09/09 00:52:14 OK   00085_stage_materialization_terminal_replay.sql (2.58ms)
2026/09/09 00:52:14 OK   00086_stage_failure_terminal_replay.sql (6.02ms)
2026/09/09 00:52:14 OK   00087_stage_claim_finalization_lock_order.sql (2.29ms)
2026/09/09 00:52:14 OK   00088_stage_allocation_execution_sequence.sql (4.37ms)
2026/09/09 00:52:14 OK   00089_stage_terminal_history.sql (8.58ms)
2026/09/09 00:52:14 OK   00090_stage_assignment_content_lifecycle.sql (19.46ms)
2026/09/09 00:52:14 OK   00091_worker_journal_bootstrap.sql (19.17ms)
2026/09/09 00:52:14 OK   00092_worker_bootstrap_history.sql (2.48ms)
2026/09/09 00:52:14 OK   00093_worker_bootstrap_nonzero_scopes.sql (1.09ms)
2026/09/09 00:52:14 OK   00094_worker_bootstrap_abandonment.sql (11.45ms)
2026/09/09 00:52:14 OK   00095_runtime_startup_reservation.sql (12.1ms)
2026/09/09 00:52:14 goose: successfully migrated database to version: 95
2026/09/09 00:52:14 🐳 Stopping container: 5a5c6e5a21cf
2026/09/09 00:52:15 ✅ Container stopped: 5a5c6e5a21cf
2026/09/09 00:52:15 🐳 Terminating container: 5a5c6e5a21cf
2026/09/09 00:52:15 🚫 Container terminated: 5a5c6e5a21cf
--- PASS: TestWorkerBootstrapParticipatesInRecoveryQuiescence (3.29s)
=== RUN   TestWorkerBootstrapHistoryIsReadOnlyAndPrincipalScoped
2026/09/09 00:52:15 🐳 Creating container for image postgres:17-alpine
2026/09/09 00:52:15 ✅ Container created: aa4146df5f68
2026/09/09 00:52:15 🐳 Starting container: aa4146df5f68
2026/09/09 00:52:15 ✅ Container started: aa4146df5f68
2026/09/09 00:52:15 ⏳ Waiting for container id aa4146df5f68 image: postgres:17-alpine. Waiting for: all of: [all of: [log message "database system is ready to accept connections" (occurrence: 2), port 5432/tcp to be mapped]]
2026/09/09 00:52:15 🔔 Container is ready: aa4146df5f68
2026/09/09 00:52:16 OK   00001_foundation.sql (75.19ms)
2026/09/09 00:52:16 OK   00002_worker_assignment.sql (16.15ms)
2026/09/09 00:52:16 OK   00003_worker_start.sql (3.08ms)
2026/09/09 00:52:16 OK   00004_worker_heartbeat.sql (18.34ms)
2026/09/09 00:52:16 OK   00005_execution_failure.sql (17.12ms)
2026/09/09 00:52:16 OK   00006_customer_cancellation.sql (32.93ms)
2026/09/09 00:52:16 OK   00007_artifact_finalization.sql (36.08ms)
2026/09/09 00:52:16 OK   00008_hierarchical_scheduler.sql (54.21ms)
2026/09/09 00:52:16 OK   00009_invoice_export.sql (14.1ms)
2026/09/09 00:52:16 OK   00010_profile_certification_circuit.sql (21.04ms)
2026/09/09 00:52:16 OK   00011_project_webhooks.sql (37.17ms)
2026/09/09 00:52:16 OK   00012_human_oidc_fixed_rbac.sql (26.4ms)
2026/09/09 00:52:16 OK   00013_service_principal_administration.sql (16.43ms)
2026/09/09 00:52:16 OK   00014_human_membership_administration.sql (28.93ms)
2026/09/09 00:52:16 OK   00015_organization_reporting.sql (18.72ms)
2026/09/09 00:52:16 OK   00016_project_retention_content_deletion.sql (54.23ms)
2026/09/09 00:52:16 OK   00017_platform_operator_break_glass.sql (35.96ms)
2026/09/09 00:52:16 OK   00018_finance_reconciliation.sql (17.38ms)
2026/09/09 00:52:16 OK   00019_certified_remediation.sql (23.71ms)
2026/09/09 00:52:16 OK   00020_remediation_execution_claim.sql (5.48ms)
2026/09/09 00:52:16 OK   00021_remediation_execution_dispatch.sql (2.36ms)
2026/09/09 00:52:16 OK   00022_remediation_execution_claim_replay.sql (2.39ms)
2026/09/09 00:52:16 OK   00023_fleet_controller_worker_readiness.sql (68.63ms)
2026/09/09 00:52:16 OK   00024_staging_artifact_expiry.sql (3.83ms)
2026/09/09 00:52:16 OK   00025_scheduler_inbox_receipt.sql (2.39ms)
2026/09/09 00:52:16 OK   00026_synchronous_quorum_guard.sql (2.1ms)
2026/09/09 00:52:16 OK   00027_authorized_debug_dump_lifecycle.sql (46.6ms)
2026/09/09 00:52:16 OK   00028_off_cluster_backup_retention.sql (11.99ms)
2026/09/09 00:52:16 OK   00029_artifact_backup_replication.sql (11.02ms)
2026/09/09 00:52:16 OK   00030_non_content_legal_hold.sql (22.32ms)
2026/09/09 00:52:16 OK   00031_non_content_record_expiry.sql (62.98ms)
2026/09/09 00:52:16 OK   00032_catalog_promotion_production_gates.sql (33.83ms)
2026/09/09 00:52:16 OK   00033_statistical_slo_measurement.sql (26.05ms)
2026/09/09 00:52:16 OK   00034_stage_execution_catalog.sql (59.72ms)
2026/09/09 00:52:16 OK   00035_worker_instance_residency.sql (66.83ms)
2026/09/09 00:52:17 OK   00036_stage_attempt_authority.sql (89.05ms)
2026/09/09 00:52:17 OK   00037_stage_scheduler.sql (48.16ms)
2026/09/09 00:52:17 OK   00038_stage_artifact.sql (46.99ms)
2026/09/09 00:52:17 OK   00039_stage_worker_control_authority.sql (3.35ms)
2026/09/09 00:52:17 OK   00040_stage_worker_execution.sql (21.98ms)
2026/09/09 00:52:17 OK   00041_stage_worker_operations.sql (14.48ms)
2026/09/09 00:52:17 OK   00042_stage_worker_assignment.sql (16.08ms)
2026/09/09 00:52:17 OK   00043_stage_graph_finalization.sql (6.72ms)
2026/09/09 00:52:17 OK   00044_stage_cache.sql (31.69ms)
2026/09/09 00:52:17 OK   00045_stage_graph_finalization_outputs.sql (5.05ms)
2026/09/09 00:52:17 OK   00046_stage_graph_visible_completion.sql (6.54ms)
2026/09/09 00:52:17 OK   00047_usage_cost_ledger.sql (17.96ms)
2026/09/09 00:52:17 OK   00048_stage_run_output_binding.sql (14.54ms)
2026/09/09 00:52:17 OK   00049_stage_cutover_control.sql (58.32ms)
2026/09/09 00:52:17 OK   00050_stage_graph_instantiation_dispatch.sql (19.47ms)
2026/09/09 00:52:17 OK   00051_atomic_stage_graph_admission.sql (9.39ms)
2026/09/09 00:52:17 OK   00052_stage_cutover_zero_backlog_seal.sql (20.98ms)
2026/09/09 00:52:17 OK   00053_legacy_h3_guarded_contraction.sql (15.11ms)
2026/09/09 00:52:17 OK   00054_stage_transfer_consume_destination.sql (3.48ms)
2026/09/09 00:52:17 OK   00055_h3_campaign_evidence_reader.sql (4.09ms)
2026/09/09 00:52:17 OK   00056_stage_observability_reader.sql (900.33µs)
2026/09/09 00:52:17 OK   00057_legacy_h3_release_contraction_gate.sql (10.39ms)
2026/09/09 00:52:17 OK   00058_legacy_h3_schema_contraction.sql (168.15ms)
2026/09/09 00:52:17 OK   00059_model_runtime_epoch_registration.sql (20.15ms)
2026/09/09 00:52:17 OK   00060_model_runtime_gang_barrier.sql (19.19ms)
2026/09/09 00:52:17 OK   00061_stage_worker_gang_authority.sql (6.35ms)
2026/09/09 00:52:17 OK   00062_stage_authority_member_identity.sql (3.06ms)
2026/09/09 00:52:17 OK   00063_h3_execution_snapshot.sql (3.25ms)
2026/09/09 00:52:17 OK   00064_model_runtime_capacity_routes.sql (12.54ms)
2026/09/09 00:52:17 OK   00065_h3_exact_cache_reconciliation.sql (11.74ms)
2026/09/09 00:52:17 OK   00066_stage_worker_control_session_capacity.sql (25.67ms)
2026/09/09 00:52:17 OK   00067_stage_scheduler_project_capacity.sql (2.04ms)
2026/09/09 00:52:17 OK   00068_stage_assignment_connector_states.sql (1.81ms)
2026/09/09 00:52:17 OK   00069_stage_transfer_server_clock.sql (5.3ms)
2026/09/09 00:52:17 OK   00070_stage_lease_expiry_recovery.sql (12.38ms)
2026/09/09 00:52:17 OK   00071_stage_artifact_lifecycle.sql (18.65ms)
2026/09/09 00:52:17 OK   00072_recovery_quiescence.sql (13.32ms)
2026/09/09 00:52:17 OK   00073_stage_cache_downstream_bindings.sql (5.85ms)
2026/09/09 00:52:17 OK   00074_job_owned_public_artifact_copies.sql (3.29ms)
2026/09/09 00:52:17 OK   00075_stage_graph_failure_terminalization.sql (20.71ms)
2026/09/09 00:52:17 OK   00076_allocation_usage_unit.sql (1.09ms)
2026/09/09 00:52:17 OK   00077_runtime_usage_receipts.sql (4.14ms)
2026/09/09 00:52:17 OK   00078_idle_stage_worker_probe.sql (5.16ms)
2026/09/09 00:52:17 OK   00079_stage_job_expiry.sql (6.57ms)
2026/09/09 00:52:17 OK   00080_stage_scheduler_snapshot_lock_order.sql (3.18ms)
2026/09/09 00:52:17 OK   00081_stage_assignment_quorum.sql (1.55ms)
2026/09/09 00:52:17 OK   00082_stage_success_storage_completion.sql (3.15ms)
2026/09/09 00:52:17 OK   00083_capacity_observation_lifecycle.sql (4.2ms)
2026/09/09 00:52:17 OK   00084_blocked_stage_worker_probe.sql (4.45ms)
2026/09/09 00:52:17 OK   00085_stage_materialization_terminal_replay.sql (2.65ms)
2026/09/09 00:52:17 OK   00086_stage_failure_terminal_replay.sql (6.03ms)
2026/09/09 00:52:17 OK   00087_stage_claim_finalization_lock_order.sql (2.25ms)
2026/09/09 00:52:17 OK   00088_stage_allocation_execution_sequence.sql (4.44ms)
2026/09/09 00:52:17 OK   00089_stage_terminal_history.sql (8.79ms)
2026/09/09 00:52:17 OK   00090_stage_assignment_content_lifecycle.sql (19.53ms)
2026/09/09 00:52:17 OK   00091_worker_journal_bootstrap.sql (19.31ms)
2026/09/09 00:52:17 OK   00092_worker_bootstrap_history.sql (2.86ms)
2026/09/09 00:52:17 OK   00093_worker_bootstrap_nonzero_scopes.sql (1.14ms)
2026/09/09 00:52:17 OK   00094_worker_bootstrap_abandonment.sql (11.12ms)
2026/09/09 00:52:17 OK   00095_runtime_startup_reservation.sql (12.11ms)
2026/09/09 00:52:17 goose: successfully migrated database to version: 95
2026/09/09 00:52:18 OK   00095_runtime_startup_reservation.sql (4.61ms)
2026/09/09 00:52:18 OK   00094_worker_bootstrap_abandonment.sql (4.25ms)
2026/09/09 00:52:18 OK   00093_worker_bootstrap_nonzero_scopes.sql (960.42µs)
2026/09/09 00:52:18 OK   00092_worker_bootstrap_history.sql (806.38µs)
2026/09/09 00:52:18 goose: no migrations to run. current version: 91
2026/09/09 00:52:18 OK   00092_worker_bootstrap_history.sql (2.13ms)
2026/09/09 00:52:18 OK   00093_worker_bootstrap_nonzero_scopes.sql (1.26ms)
2026/09/09 00:52:18 OK   00094_worker_bootstrap_abandonment.sql (11.05ms)
2026/09/09 00:52:18 goose: successfully migrated database to version: 94
2026/09/09 00:52:18 🐳 Stopping container: aa4146df5f68
2026/09/09 00:52:18 ✅ Container stopped: aa4146df5f68
2026/09/09 00:52:18 🐳 Terminating container: aa4146df5f68
2026/09/09 00:52:18 🚫 Container terminated: aa4146df5f68
--- PASS: TestWorkerBootstrapHistoryIsReadOnlyAndPrincipalScoped (3.21s)
=== RUN   TestWorkerBootstrapMutualTLSBindsNodeAndPreservesLostResponses
=== RUN   TestWorkerBootstrapMutualTLSBindsNodeAndPreservesLostResponses/lost=
2026/09/09 00:52:18 🐳 Creating container for image postgres:17-alpine
2026/09/09 00:52:18 ✅ Container created: b96d0dbc4aa9
2026/09/09 00:52:18 🐳 Starting container: b96d0dbc4aa9
2026/09/09 00:52:18 ✅ Container started: b96d0dbc4aa9
2026/09/09 00:52:18 ⏳ Waiting for container id b96d0dbc4aa9 image: postgres:17-alpine. Waiting for: all of: [all of: [log message "database system is ready to accept connections" (occurrence: 2), port 5432/tcp to be mapped]]
2026/09/09 00:52:19 🔔 Container is ready: b96d0dbc4aa9
2026/09/09 00:52:19 OK   00001_foundation.sql (74.32ms)
2026/09/09 00:52:19 OK   00002_worker_assignment.sql (16.67ms)
2026/09/09 00:52:19 OK   00003_worker_start.sql (2.88ms)
2026/09/09 00:52:19 OK   00004_worker_heartbeat.sql (16.7ms)
2026/09/09 00:52:19 OK   00005_execution_failure.sql (14.91ms)
2026/09/09 00:52:19 OK   00006_customer_cancellation.sql (31.8ms)
2026/09/09 00:52:19 OK   00007_artifact_finalization.sql (33.52ms)
2026/09/09 00:52:19 OK   00008_hierarchical_scheduler.sql (53.41ms)
2026/09/09 00:52:19 OK   00009_invoice_export.sql (13.94ms)
2026/09/09 00:52:19 OK   00010_profile_certification_circuit.sql (20.84ms)
2026/09/09 00:52:19 OK   00011_project_webhooks.sql (37.02ms)
2026/09/09 00:52:19 OK   00012_human_oidc_fixed_rbac.sql (28.37ms)
2026/09/09 00:52:19 OK   00013_service_principal_administration.sql (16.77ms)
2026/09/09 00:52:19 OK   00014_human_membership_administration.sql (29.45ms)
2026/09/09 00:52:19 OK   00015_organization_reporting.sql (19.06ms)
2026/09/09 00:52:19 OK   00016_project_retention_content_deletion.sql (57.19ms)
2026/09/09 00:52:19 OK   00017_platform_operator_break_glass.sql (37.27ms)
2026/09/09 00:52:19 OK   00018_finance_reconciliation.sql (17.93ms)
2026/09/09 00:52:19 OK   00019_certified_remediation.sql (23.43ms)
2026/09/09 00:52:19 OK   00020_remediation_execution_claim.sql (5.46ms)
2026/09/09 00:52:19 OK   00021_remediation_execution_dispatch.sql (2.28ms)
2026/09/09 00:52:19 OK   00022_remediation_execution_claim_replay.sql (2.45ms)
2026/09/09 00:52:19 OK   00023_fleet_controller_worker_readiness.sql (67.58ms)
2026/09/09 00:52:19 OK   00024_staging_artifact_expiry.sql (4.03ms)
2026/09/09 00:52:19 OK   00025_scheduler_inbox_receipt.sql (2.83ms)
2026/09/09 00:52:19 OK   00026_synchronous_quorum_guard.sql (1.8ms)
2026/09/09 00:52:19 OK   00027_authorized_debug_dump_lifecycle.sql (50.05ms)
2026/09/09 00:52:19 OK   00028_off_cluster_backup_retention.sql (12.56ms)
2026/09/09 00:52:19 OK   00029_artifact_backup_replication.sql (12.2ms)
2026/09/09 00:52:19 OK   00030_non_content_legal_hold.sql (23.77ms)
2026/09/09 00:52:19 OK   00031_non_content_record_expiry.sql (66.4ms)
2026/09/09 00:52:20 OK   00032_catalog_promotion_production_gates.sql (35.9ms)
2026/09/09 00:52:20 OK   00033_statistical_slo_measurement.sql (27.95ms)
2026/09/09 00:52:20 OK   00034_stage_execution_catalog.sql (60.63ms)
2026/09/09 00:52:20 OK   00035_worker_instance_residency.sql (64.54ms)
2026/09/09 00:52:20 OK   00036_stage_attempt_authority.sql (89.96ms)
2026/09/09 00:52:20 OK   00037_stage_scheduler.sql (48.3ms)
2026/09/09 00:52:20 OK   00038_stage_artifact.sql (47.07ms)
2026/09/09 00:52:20 OK   00039_stage_worker_control_authority.sql (3.56ms)
2026/09/09 00:52:20 OK   00040_stage_worker_execution.sql (23ms)
2026/09/09 00:52:20 OK   00041_stage_worker_operations.sql (14.42ms)
2026/09/09 00:52:20 OK   00042_stage_worker_assignment.sql (15.63ms)
2026/09/09 00:52:20 OK   00043_stage_graph_finalization.sql (7.15ms)
2026/09/09 00:52:20 OK   00044_stage_cache.sql (31.01ms)
2026/09/09 00:52:20 OK   00045_stage_graph_finalization_outputs.sql (5.19ms)
2026/09/09 00:52:20 OK   00046_stage_graph_visible_completion.sql (6.6ms)
2026/09/09 00:52:20 OK   00047_usage_cost_ledger.sql (18.13ms)
2026/09/09 00:52:20 OK   00048_stage_run_output_binding.sql (14.67ms)
2026/09/09 00:52:20 OK   00049_stage_cutover_control.sql (57.59ms)
2026/09/09 00:52:20 OK   00050_stage_graph_instantiation_dispatch.sql (20.84ms)
2026/09/09 00:52:20 OK   00051_atomic_stage_graph_admission.sql (8.97ms)
2026/09/09 00:52:20 OK   00052_stage_cutover_zero_backlog_seal.sql (20.55ms)
2026/09/09 00:52:20 OK   00053_legacy_h3_guarded_contraction.sql (15.06ms)
2026/09/09 00:52:20 OK   00054_stage_transfer_consume_destination.sql (3.37ms)
2026/09/09 00:52:20 OK   00055_h3_campaign_evidence_reader.sql (3.5ms)
2026/09/09 00:52:20 OK   00056_stage_observability_reader.sql (971.83µs)
2026/09/09 00:52:20 OK   00057_legacy_h3_release_contraction_gate.sql (9.76ms)
2026/09/09 00:52:20 OK   00058_legacy_h3_schema_contraction.sql (176.02ms)
2026/09/09 00:52:20 OK   00059_model_runtime_epoch_registration.sql (22.19ms)
2026/09/09 00:52:20 OK   00060_model_runtime_gang_barrier.sql (20ms)
2026/09/09 00:52:20 OK   00061_stage_worker_gang_authority.sql (6.04ms)
2026/09/09 00:52:20 OK   00062_stage_authority_member_identity.sql (2.6ms)
2026/09/09 00:52:20 OK   00063_h3_execution_snapshot.sql (3.1ms)
2026/09/09 00:52:20 OK   00064_model_runtime_capacity_routes.sql (12.45ms)
2026/09/09 00:52:20 OK   00065_h3_exact_cache_reconciliation.sql (10.88ms)
2026/09/09 00:52:20 OK   00066_stage_worker_control_session_capacity.sql (24.93ms)
2026/09/09 00:52:20 OK   00067_stage_scheduler_project_capacity.sql (2.07ms)
2026/09/09 00:52:20 OK   00068_stage_assignment_connector_states.sql (1.67ms)
2026/09/09 00:52:20 OK   00069_stage_transfer_server_clock.sql (4.86ms)
2026/09/09 00:52:20 OK   00070_stage_lease_expiry_recovery.sql (11.65ms)
2026/09/09 00:52:20 OK   00071_stage_artifact_lifecycle.sql (18.8ms)
2026/09/09 00:52:21 OK   00072_recovery_quiescence.sql (13.31ms)
2026/09/09 00:52:21 OK   00073_stage_cache_downstream_bindings.sql (5.72ms)
2026/09/09 00:52:21 OK   00074_job_owned_public_artifact_copies.sql (3.27ms)
2026/09/09 00:52:21 OK   00075_stage_graph_failure_terminalization.sql (21.25ms)
2026/09/09 00:52:21 OK   00076_allocation_usage_unit.sql (819.38µs)
2026/09/09 00:52:21 OK   00077_runtime_usage_receipts.sql (4.23ms)
2026/09/09 00:52:21 OK   00078_idle_stage_worker_probe.sql (5.4ms)
2026/09/09 00:52:21 OK   00079_stage_job_expiry.sql (6.42ms)
2026/09/09 00:52:21 OK   00080_stage_scheduler_snapshot_lock_order.sql (3.15ms)
2026/09/09 00:52:21 OK   00081_stage_assignment_quorum.sql (1.48ms)
2026/09/09 00:52:21 OK   00082_stage_success_storage_completion.sql (3.21ms)
2026/09/09 00:52:21 OK   00083_capacity_observation_lifecycle.sql (4.46ms)
2026/09/09 00:52:21 OK   00084_blocked_stage_worker_probe.sql (4.15ms)
2026/09/09 00:52:21 OK   00085_stage_materialization_terminal_replay.sql (2.58ms)
2026/09/09 00:52:21 OK   00086_stage_failure_terminal_replay.sql (6.54ms)
2026/09/09 00:52:21 OK   00087_stage_claim_finalization_lock_order.sql (2.18ms)
2026/09/09 00:52:21 OK   00088_stage_allocation_execution_sequence.sql (4.25ms)
2026/09/09 00:52:21 OK   00089_stage_terminal_history.sql (8.22ms)
2026/09/09 00:52:21 OK   00090_stage_assignment_content_lifecycle.sql (19.07ms)
2026/09/09 00:52:21 OK   00091_worker_journal_bootstrap.sql (19.35ms)
2026/09/09 00:52:21 OK   00092_worker_bootstrap_history.sql (2.38ms)
2026/09/09 00:52:21 OK   00093_worker_bootstrap_nonzero_scopes.sql (1.41ms)
2026/09/09 00:52:21 OK   00094_worker_bootstrap_abandonment.sql (11.08ms)
2026/09/09 00:52:21 OK   00095_runtime_startup_reservation.sql (12.02ms)
2026/09/09 00:52:21 goose: successfully migrated database to version: 95
2026/09/09 00:52:21 🐳 Stopping container: b96d0dbc4aa9
2026/09/09 00:52:21 ✅ Container stopped: b96d0dbc4aa9
2026/09/09 00:52:21 🐳 Terminating container: b96d0dbc4aa9
2026/09/09 00:52:21 🚫 Container terminated: b96d0dbc4aa9
=== RUN   TestWorkerBootstrapMutualTLSBindsNodeAndPreservesLostResponses/lost=/vela.v1.FleetMaintenanceService/ClaimWorkerBootstrap
2026/09/09 00:52:21 🐳 Creating container for image postgres:17-alpine
2026/09/09 00:52:22 ✅ Container created: 4fb4a52cd556
2026/09/09 00:52:22 🐳 Starting container: 4fb4a52cd556
2026/09/09 00:52:22 ✅ Container started: 4fb4a52cd556
2026/09/09 00:52:22 ⏳ Waiting for container id 4fb4a52cd556 image: postgres:17-alpine. Waiting for: all of: [all of: [log message "database system is ready to accept connections" (occurrence: 2), port 5432/tcp to be mapped]]
2026/09/09 00:52:22 🔔 Container is ready: 4fb4a52cd556
2026/09/09 00:52:22 OK   00001_foundation.sql (75.78ms)
2026/09/09 00:52:22 OK   00002_worker_assignment.sql (15.53ms)
2026/09/09 00:52:22 OK   00003_worker_start.sql (2.81ms)
2026/09/09 00:52:22 OK   00004_worker_heartbeat.sql (17.93ms)
2026/09/09 00:52:22 OK   00005_execution_failure.sql (15.94ms)
2026/09/09 00:52:22 OK   00006_customer_cancellation.sql (34.33ms)
2026/09/09 00:52:23 OK   00007_artifact_finalization.sql (34.82ms)
2026/09/09 00:52:23 OK   00008_hierarchical_scheduler.sql (55.23ms)
2026/09/09 00:52:23 OK   00009_invoice_export.sql (14.34ms)
2026/09/09 00:52:23 OK   00010_profile_certification_circuit.sql (21.39ms)
2026/09/09 00:52:23 OK   00011_project_webhooks.sql (36.62ms)
2026/09/09 00:52:23 OK   00012_human_oidc_fixed_rbac.sql (28.27ms)
2026/09/09 00:52:23 OK   00013_service_principal_administration.sql (16.38ms)
2026/09/09 00:52:23 OK   00014_human_membership_administration.sql (29.1ms)
2026/09/09 00:52:23 OK   00015_organization_reporting.sql (19.53ms)
2026/09/09 00:52:23 OK   00016_project_retention_content_deletion.sql (54.56ms)
2026/09/09 00:52:23 OK   00017_platform_operator_break_glass.sql (36.43ms)
2026/09/09 00:52:23 OK   00018_finance_reconciliation.sql (16.84ms)
2026/09/09 00:52:23 OK   00019_certified_remediation.sql (23.61ms)
2026/09/09 00:52:23 OK   00020_remediation_execution_claim.sql (5.8ms)
2026/09/09 00:52:23 OK   00021_remediation_execution_dispatch.sql (2.28ms)
2026/09/09 00:52:23 OK   00022_remediation_execution_claim_replay.sql (2.2ms)
2026/09/09 00:52:23 OK   00023_fleet_controller_worker_readiness.sql (70.61ms)
2026/09/09 00:52:23 OK   00024_staging_artifact_expiry.sql (4.15ms)
2026/09/09 00:52:23 OK   00025_scheduler_inbox_receipt.sql (2.78ms)
2026/09/09 00:52:23 OK   00026_synchronous_quorum_guard.sql (2ms)
2026/09/09 00:52:23 OK   00027_authorized_debug_dump_lifecycle.sql (47.62ms)
2026/09/09 00:52:23 OK   00028_off_cluster_backup_retention.sql (11.47ms)
2026/09/09 00:52:23 OK   00029_artifact_backup_replication.sql (10.02ms)
2026/09/09 00:52:23 OK   00030_non_content_legal_hold.sql (21.32ms)
2026/09/09 00:52:23 OK   00031_non_content_record_expiry.sql (63.16ms)
2026/09/09 00:52:23 OK   00032_catalog_promotion_production_gates.sql (34.05ms)
2026/09/09 00:52:23 OK   00033_statistical_slo_measurement.sql (27.18ms)
2026/09/09 00:52:23 OK   00034_stage_execution_catalog.sql (58.16ms)
2026/09/09 00:52:23 OK   00035_worker_instance_residency.sql (66.54ms)
2026/09/09 00:52:23 OK   00036_stage_attempt_authority.sql (93.72ms)
2026/09/09 00:52:23 OK   00037_stage_scheduler.sql (48.86ms)
2026/09/09 00:52:24 OK   00038_stage_artifact.sql (48.19ms)
2026/09/09 00:52:24 OK   00039_stage_worker_control_authority.sql (3.38ms)
2026/09/09 00:52:24 OK   00040_stage_worker_execution.sql (22.28ms)
2026/09/09 00:52:24 OK   00041_stage_worker_operations.sql (14.78ms)
2026/09/09 00:52:24 OK   00042_stage_worker_assignment.sql (15.8ms)
2026/09/09 00:52:24 OK   00043_stage_graph_finalization.sql (6.97ms)
2026/09/09 00:52:24 OK   00044_stage_cache.sql (31.88ms)
2026/09/09 00:52:24 OK   00045_stage_graph_finalization_outputs.sql (5.45ms)
2026/09/09 00:52:24 OK   00046_stage_graph_visible_completion.sql (6.96ms)
2026/09/09 00:52:24 OK   00047_usage_cost_ledger.sql (17.59ms)
2026/09/09 00:52:24 OK   00048_stage_run_output_binding.sql (14.88ms)
2026/09/09 00:52:24 OK   00049_stage_cutover_control.sql (57.97ms)
2026/09/09 00:52:24 OK   00050_stage_graph_instantiation_dispatch.sql (19.46ms)
2026/09/09 00:52:24 OK   00051_atomic_stage_graph_admission.sql (9.21ms)
2026/09/09 00:52:24 OK   00052_stage_cutover_zero_backlog_seal.sql (20.83ms)
2026/09/09 00:52:24 OK   00053_legacy_h3_guarded_contraction.sql (15.45ms)
2026/09/09 00:52:24 OK   00054_stage_transfer_consume_destination.sql (3.4ms)
2026/09/09 00:52:24 OK   00055_h3_campaign_evidence_reader.sql (3.79ms)
2026/09/09 00:52:24 OK   00056_stage_observability_reader.sql (919µs)
2026/09/09 00:52:24 OK   00057_legacy_h3_release_contraction_gate.sql (10.19ms)
2026/09/09 00:52:24 OK   00058_legacy_h3_schema_contraction.sql (162.13ms)
2026/09/09 00:52:24 OK   00059_model_runtime_epoch_registration.sql (21.7ms)
2026/09/09 00:52:24 OK   00060_model_runtime_gang_barrier.sql (20.64ms)
2026/09/09 00:52:24 OK   00061_stage_worker_gang_authority.sql (6.38ms)
2026/09/09 00:52:24 OK   00062_stage_authority_member_identity.sql (3.25ms)
2026/09/09 00:52:24 OK   00063_h3_execution_snapshot.sql (3.52ms)
2026/09/09 00:52:24 OK   00064_model_runtime_capacity_routes.sql (12.88ms)
2026/09/09 00:52:24 OK   00065_h3_exact_cache_reconciliation.sql (11.86ms)
2026/09/09 00:52:24 OK   00066_stage_worker_control_session_capacity.sql (26.22ms)
2026/09/09 00:52:24 OK   00067_stage_scheduler_project_capacity.sql (2.15ms)
2026/09/09 00:52:24 OK   00068_stage_assignment_connector_states.sql (1.94ms)
2026/09/09 00:52:24 OK   00069_stage_transfer_server_clock.sql (5.3ms)
2026/09/09 00:52:24 OK   00070_stage_lease_expiry_recovery.sql (12.01ms)
2026/09/09 00:52:24 OK   00071_stage_artifact_lifecycle.sql (19.02ms)
2026/09/09 00:52:24 OK   00072_recovery_quiescence.sql (13.84ms)
2026/09/09 00:52:24 OK   00073_stage_cache_downstream_bindings.sql (6.04ms)
2026/09/09 00:52:24 OK   00074_job_owned_public_artifact_copies.sql (3.29ms)
2026/09/09 00:52:24 OK   00075_stage_graph_failure_terminalization.sql (21.21ms)
2026/09/09 00:52:24 OK   00076_allocation_usage_unit.sql (873.96µs)
2026/09/09 00:52:24 OK   00077_runtime_usage_receipts.sql (4.28ms)
2026/09/09 00:52:24 OK   00078_idle_stage_worker_probe.sql (5.51ms)
2026/09/09 00:52:24 OK   00079_stage_job_expiry.sql (6.5ms)
2026/09/09 00:52:24 OK   00080_stage_scheduler_snapshot_lock_order.sql (3.14ms)
2026/09/09 00:52:24 OK   00081_stage_assignment_quorum.sql (1.81ms)
2026/09/09 00:52:24 OK   00082_stage_success_storage_completion.sql (3.13ms)
2026/09/09 00:52:24 OK   00083_capacity_observation_lifecycle.sql (4.28ms)
2026/09/09 00:52:24 OK   00084_blocked_stage_worker_probe.sql (4.1ms)
2026/09/09 00:52:24 OK   00085_stage_materialization_terminal_replay.sql (2.66ms)
2026/09/09 00:52:24 OK   00086_stage_failure_terminal_replay.sql (6.03ms)
2026/09/09 00:52:24 OK   00087_stage_claim_finalization_lock_order.sql (2.27ms)
2026/09/09 00:52:24 OK   00088_stage_allocation_execution_sequence.sql (4.49ms)
2026/09/09 00:52:24 OK   00089_stage_terminal_history.sql (8.6ms)
2026/09/09 00:52:24 OK   00090_stage_assignment_content_lifecycle.sql (19.63ms)
2026/09/09 00:52:24 OK   00091_worker_journal_bootstrap.sql (19.52ms)
2026/09/09 00:52:24 OK   00092_worker_bootstrap_history.sql (2.41ms)
2026/09/09 00:52:24 OK   00093_worker_bootstrap_nonzero_scopes.sql (1.21ms)
2026/09/09 00:52:24 OK   00094_worker_bootstrap_abandonment.sql (11.05ms)
2026/09/09 00:52:24 OK   00095_runtime_startup_reservation.sql (11.76ms)
2026/09/09 00:52:24 goose: successfully migrated database to version: 95
2026/09/09 00:52:25 🐳 Stopping container: 4fb4a52cd556
2026/09/09 00:52:25 ✅ Container stopped: 4fb4a52cd556
2026/09/09 00:52:25 🐳 Terminating container: 4fb4a52cd556
2026/09/09 00:52:25 🚫 Container terminated: 4fb4a52cd556
=== RUN   TestWorkerBootstrapMutualTLSBindsNodeAndPreservesLostResponses/lost=/vela.v1.FleetMaintenanceService/RecordWorkerBootstrapReceipt
2026/09/09 00:52:25 🐳 Creating container for image postgres:17-alpine
2026/09/09 00:52:25 ✅ Container created: 5742a3b57574
2026/09/09 00:52:25 🐳 Starting container: 5742a3b57574
2026/09/09 00:52:25 ✅ Container started: 5742a3b57574
2026/09/09 00:52:25 ⏳ Waiting for container id 5742a3b57574 image: postgres:17-alpine. Waiting for: all of: [all of: [log message "database system is ready to accept connections" (occurrence: 2), port 5432/tcp to be mapped]]
2026/09/09 00:52:26 🔔 Container is ready: 5742a3b57574
2026/09/09 00:52:26 OK   00001_foundation.sql (81.01ms)
2026/09/09 00:52:26 OK   00002_worker_assignment.sql (16.31ms)
2026/09/09 00:52:26 OK   00003_worker_start.sql (2.77ms)
2026/09/09 00:52:26 OK   00004_worker_heartbeat.sql (15.9ms)
2026/09/09 00:52:26 OK   00005_execution_failure.sql (14.75ms)
2026/09/09 00:52:26 OK   00006_customer_cancellation.sql (30.96ms)
2026/09/09 00:52:26 OK   00007_artifact_finalization.sql (34.34ms)
2026/09/09 00:52:26 OK   00008_hierarchical_scheduler.sql (52.82ms)
2026/09/09 00:52:26 OK   00009_invoice_export.sql (13.9ms)
2026/09/09 00:52:26 OK   00010_profile_certification_circuit.sql (22.04ms)
2026/09/09 00:52:26 OK   00011_project_webhooks.sql (36.58ms)
2026/09/09 00:52:26 OK   00012_human_oidc_fixed_rbac.sql (26.51ms)
2026/09/09 00:52:26 OK   00013_service_principal_administration.sql (16.41ms)
2026/09/09 00:52:26 OK   00014_human_membership_administration.sql (29.01ms)
2026/09/09 00:52:27 OK   00015_organization_reporting.sql (19.67ms)
2026/09/09 00:52:27 OK   00016_project_retention_content_deletion.sql (53.87ms)
2026/09/09 00:52:27 OK   00017_platform_operator_break_glass.sql (36.49ms)
2026/09/09 00:52:27 OK   00018_finance_reconciliation.sql (17.6ms)
2026/09/09 00:52:27 OK   00019_certified_remediation.sql (24.1ms)
2026/09/09 00:52:27 OK   00020_remediation_execution_claim.sql (5.61ms)
2026/09/09 00:52:27 OK   00021_remediation_execution_dispatch.sql (2.44ms)
2026/09/09 00:52:27 OK   00022_remediation_execution_claim_replay.sql (2.31ms)
2026/09/09 00:52:27 OK   00023_fleet_controller_worker_readiness.sql (71.64ms)
2026/09/09 00:52:27 OK   00024_staging_artifact_expiry.sql (3.99ms)
2026/09/09 00:52:27 OK   00025_scheduler_inbox_receipt.sql (2.63ms)
2026/09/09 00:52:27 OK   00026_synchronous_quorum_guard.sql (1.84ms)
2026/09/09 00:52:27 OK   00027_authorized_debug_dump_lifecycle.sql (51.49ms)
2026/09/09 00:52:27 OK   00028_off_cluster_backup_retention.sql (12.57ms)
2026/09/09 00:52:27 OK   00029_artifact_backup_replication.sql (11.78ms)
2026/09/09 00:52:27 OK   00030_non_content_legal_hold.sql (23.44ms)
2026/09/09 00:52:27 OK   00031_non_content_record_expiry.sql (65.63ms)
2026/09/09 00:52:27 OK   00032_catalog_promotion_production_gates.sql (36.52ms)
2026/09/09 00:52:27 OK   00033_statistical_slo_measurement.sql (27.01ms)
2026/09/09 00:52:27 OK   00034_stage_execution_catalog.sql (60.45ms)
2026/09/09 00:52:27 OK   00035_worker_instance_residency.sql (67.69ms)
2026/09/09 00:52:27 OK   00036_stage_attempt_authority.sql (93.33ms)
2026/09/09 00:52:27 OK   00037_stage_scheduler.sql (48.5ms)
2026/09/09 00:52:27 OK   00038_stage_artifact.sql (46.94ms)
2026/09/09 00:52:27 OK   00039_stage_worker_control_authority.sql (3.35ms)
2026/09/09 00:52:27 OK   00040_stage_worker_execution.sql (21.94ms)
2026/09/09 00:52:27 OK   00041_stage_worker_operations.sql (14.43ms)
2026/09/09 00:52:27 OK   00042_stage_worker_assignment.sql (16.2ms)
2026/09/09 00:52:27 OK   00043_stage_graph_finalization.sql (6.94ms)
2026/09/09 00:52:27 OK   00044_stage_cache.sql (31.12ms)
2026/09/09 00:52:27 OK   00045_stage_graph_finalization_outputs.sql (5.26ms)
2026/09/09 00:52:27 OK   00046_stage_graph_visible_completion.sql (6.68ms)
2026/09/09 00:52:27 OK   00047_usage_cost_ledger.sql (17.9ms)
2026/09/09 00:52:27 OK   00048_stage_run_output_binding.sql (16.05ms)
2026/09/09 00:52:28 OK   00049_stage_cutover_control.sql (59.91ms)
2026/09/09 00:52:28 OK   00050_stage_graph_instantiation_dispatch.sql (19.87ms)
2026/09/09 00:52:28 OK   00051_atomic_stage_graph_admission.sql (10.27ms)
2026/09/09 00:52:28 OK   00052_stage_cutover_zero_backlog_seal.sql (21.31ms)
2026/09/09 00:52:28 OK   00053_legacy_h3_guarded_contraction.sql (15.6ms)
2026/09/09 00:52:28 OK   00054_stage_transfer_consume_destination.sql (3.85ms)
2026/09/09 00:52:28 OK   00055_h3_campaign_evidence_reader.sql (3.92ms)
2026/09/09 00:52:28 OK   00056_stage_observability_reader.sql (890.67µs)
2026/09/09 00:52:28 OK   00057_legacy_h3_release_contraction_gate.sql (10.2ms)
2026/09/09 00:52:28 OK   00058_legacy_h3_schema_contraction.sql (169.81ms)
2026/09/09 00:52:28 OK   00059_model_runtime_epoch_registration.sql (23.63ms)
2026/09/09 00:52:28 OK   00060_model_runtime_gang_barrier.sql (20.43ms)
2026/09/09 00:52:28 OK   00061_stage_worker_gang_authority.sql (6.51ms)
2026/09/09 00:52:28 OK   00062_stage_authority_member_identity.sql (2.8ms)
2026/09/09 00:52:28 OK   00063_h3_execution_snapshot.sql (3.52ms)
2026/09/09 00:52:28 OK   00064_model_runtime_capacity_routes.sql (11.96ms)
2026/09/09 00:52:28 OK   00065_h3_exact_cache_reconciliation.sql (10.6ms)
2026/09/09 00:52:28 OK   00066_stage_worker_control_session_capacity.sql (24.04ms)
2026/09/09 00:52:28 OK   00067_stage_scheduler_project_capacity.sql (1.98ms)
2026/09/09 00:52:28 OK   00068_stage_assignment_connector_states.sql (2.09ms)
2026/09/09 00:52:28 OK   00069_stage_transfer_server_clock.sql (4.85ms)
2026/09/09 00:52:28 OK   00070_stage_lease_expiry_recovery.sql (11.27ms)
2026/09/09 00:52:28 OK   00071_stage_artifact_lifecycle.sql (18.49ms)
2026/09/09 00:52:28 OK   00072_recovery_quiescence.sql (13.41ms)
2026/09/09 00:52:28 OK   00073_stage_cache_downstream_bindings.sql (6ms)
2026/09/09 00:52:28 OK   00074_job_owned_public_artifact_copies.sql (3.32ms)
2026/09/09 00:52:28 OK   00075_stage_graph_failure_terminalization.sql (19.94ms)
2026/09/09 00:52:28 OK   00076_allocation_usage_unit.sql (880.13µs)
2026/09/09 00:52:28 OK   00077_runtime_usage_receipts.sql (4.13ms)
2026/09/09 00:52:28 OK   00078_idle_stage_worker_probe.sql (5.7ms)
2026/09/09 00:52:28 OK   00079_stage_job_expiry.sql (6.34ms)
2026/09/09 00:52:28 OK   00080_stage_scheduler_snapshot_lock_order.sql (3.1ms)
2026/09/09 00:52:28 OK   00081_stage_assignment_quorum.sql (1.52ms)
2026/09/09 00:52:28 OK   00082_stage_success_storage_completion.sql (3.22ms)
2026/09/09 00:52:28 OK   00083_capacity_observation_lifecycle.sql (4.22ms)
2026/09/09 00:52:28 OK   00084_blocked_stage_worker_probe.sql (4.13ms)
2026/09/09 00:52:28 OK   00085_stage_materialization_terminal_replay.sql (2.5ms)
2026/09/09 00:52:28 OK   00086_stage_failure_terminal_replay.sql (5.97ms)
2026/09/09 00:52:28 OK   00087_stage_claim_finalization_lock_order.sql (2.2ms)
2026/09/09 00:52:28 OK   00088_stage_allocation_execution_sequence.sql (4.38ms)
2026/09/09 00:52:28 OK   00089_stage_terminal_history.sql (8.53ms)
2026/09/09 00:52:28 OK   00090_stage_assignment_content_lifecycle.sql (19.8ms)
2026/09/09 00:52:28 OK   00091_worker_journal_bootstrap.sql (19.66ms)
2026/09/09 00:52:28 OK   00092_worker_bootstrap_history.sql (2.43ms)
2026/09/09 00:52:28 OK   00093_worker_bootstrap_nonzero_scopes.sql (1.14ms)
2026/09/09 00:52:28 OK   00094_worker_bootstrap_abandonment.sql (11.84ms)
2026/09/09 00:52:28 OK   00095_runtime_startup_reservation.sql (12.08ms)
2026/09/09 00:52:28 goose: successfully migrated database to version: 95
2026/09/09 00:52:29 🐳 Stopping container: 5742a3b57574
2026/09/09 00:52:29 ✅ Container stopped: 5742a3b57574
2026/09/09 00:52:29 🐳 Terminating container: 5742a3b57574
2026/09/09 00:52:29 🚫 Container terminated: 5742a3b57574
--- PASS: TestWorkerBootstrapMutualTLSBindsNodeAndPreservesLostResponses (11.23s)
    --- PASS: TestWorkerBootstrapMutualTLSBindsNodeAndPreservesLostResponses/lost= (3.66s)
    --- PASS: TestWorkerBootstrapMutualTLSBindsNodeAndPreservesLostResponses/lost=/vela.v1.FleetMaintenanceService/ClaimWorkerBootstrap (3.75s)
    --- PASS: TestWorkerBootstrapMutualTLSBindsNodeAndPreservesLostResponses/lost=/vela.v1.FleetMaintenanceService/RecordWorkerBootstrapReceipt (3.82s)
PASS
ok  	github.com/vivym/vela/internal/integration	191.077s
